date/time: ,19/09/2022,02:38 p.m.
Run 1

time	(MT)
0,000000	-1,367611E-1
0,005000	-1,361778E-1
0,010000	-1,383443E-1
0,015000	-1,370111E-1
0,020000	-1,365944E-1
0,025000	-1,380943E-1
0,030000	-1,366778E-1
0,035000	-1,366778E-1
0,040000	-1,375110E-1
0,045000	-1,386776E-1
0,050000	-1,375110E-1
0,055000	-1,378444E-1
0,060000	-1,376777E-1
0,065000	-1,373444E-1
0,070000	-1,372611E-1
0,075000	-1,362611E-1
0,080000	-1,370944E-1
0,085000	-1,386776E-1
0,090000	-1,373444E-1
0,095000	-1,375110E-1
0,100000	-1,374277E-1
0,105000	-1,373444E-1
0,110000	-1,377610E-1
0,115000	-1,363444E-1
0,120000	-1,384277E-1
0,125000	-1,379277E-1
0,130000	-1,371777E-1
0,135000	-1,378444E-1
0,140000	-1,372611E-1
0,145000	-1,370111E-1
0,150000	-1,372611E-1
0,155000	-1,361778E-1
0,160000	-1,384277E-1
0,165000	-1,383443E-1
0,170000	-1,376777E-1
0,175000	-1,379277E-1
0,180000	-1,376777E-1
0,185000	-1,377610E-1
0,190000	-1,370944E-1
0,195000	-1,356778E-1
0,200000	-1,390110E-1
0,205000	-1,385943E-1
0,210000	-1,375944E-1
0,215000	-1,368444E-1
0,220000	-1,363444E-1
0,225000	-1,373444E-1
0,230000	-1,370111E-1
0,235000	-1,382610E-1
0,240000	-1,372611E-1
0,245000	-1,366778E-1
0,250000	-1,369277E-1
0,255000	-1,368444E-1
0,260000	-1,380943E-1
0,265000	-1,378444E-1
0,270000	-1,381777E-1
0,275000	-1,375110E-1
0,280000	-1,383443E-1
0,285000	-1,366778E-1
0,290000	-1,391776E-1
0,295000	-1,373444E-1
0,300000	-1,372611E-1
0,305000	-1,381777E-1
0,310000	-1,372611E-1
0,315000	-1,369277E-1
0,320000	-1,372611E-1
0,325000	-1,375110E-1
0,330000	-1,381777E-1
0,335000	-1,353445E-1
0,340000	-1,380943E-1
0,345000	-1,360945E-1
0,350000	-1,366778E-1
0,355000	-1,357611E-1
0,360000	-1,355945E-1
0,365000	-1,363444E-1
0,370000	-1,360111E-1
0,375000	-1,353445E-1
0,380000	-1,354278E-1
0,385000	-1,345945E-1
0,390000	-1,337613E-1
0,395000	-1,330946E-1
0,400000	-1,321780E-1
0,405000	-1,305114E-1
0,410000	-1,301781E-1
0,415000	-1,288449E-1
0,420000	-1,261783E-1
0,425000	-1,247618E-1
0,430000	-1,225119E-1
0,435000	-1,200954E-1
0,440000	-1,165122E-1
0,445000	-1,125124E-1
0,450000	-1,074294E-1
0,455000	-1,036796E-1
0,460000	-9,618003E-2
0,465000	-9,201360E-2
0,470000	-8,393072E-2
0,475000	-7,451458E-2
0,480000	-6,568174E-2
0,485000	-5,243249E-2
0,490000	-4,159976E-2
0,495000	-1,951767E-2
0,500000	-3,185254E-3
0,505000	1,414711E-2
0,510000	3,172945E-2
0,515000	4,814520E-2
0,520000	6,456094E-2
0,525000	8,131000E-2
0,530000	9,172608E-2
0,535000	1,017255E-1
0,540000	1,081418E-1
0,545000	1,085585E-1
0,550000	1,083918E-1
0,555000	1,043087E-1
0,560000	9,630916E-2
0,565000	8,680969E-2
0,570000	7,456038E-2
0,575000	6,172777E-2
0,580000	4,764522E-2
0,585000	3,406265E-2
0,590000	2,064674E-2
0,595000	6,230883E-3
0,600000	-4,768499E-3
0,605000	-1,426797E-2
0,610000	-2,335079E-2
0,615000	-3,226695E-2
0,620000	-4,226639E-2
0,625000	-4,859937E-2
0,630000	-5,426572E-2
0,635000	-5,818216E-2
0,640000	-6,526510E-2
0,645000	-6,776496E-2
0,650000	-7,026482E-2
0,655000	-7,301466E-2
0,660000	-7,751441E-2
0,665000	-7,834770E-2
0,670000	-8,068090E-2
0,675000	-8,301410E-2
0,680000	-8,384739E-2
0,685000	-8,568062E-2
0,690000	-8,734719E-2
0,695000	-8,926375E-2
0,700000	-8,893044E-2
0,705000	-9,134697E-2
0,710000	-9,209693E-2
0,715000	-9,426347E-2
0,720000	-9,426347E-2
0,725000	-9,659667E-2
0,730000	-9,684666E-2
0,735000	-9,901320E-2
0,740000	-1,002631E-1
0,745000	-1,016797E-1
0,750000	-1,025130E-1
0,755000	-1,030963E-1
0,760000	-1,041796E-1
0,765000	-1,054295E-1
0,770000	-1,066794E-1
0,775000	-1,062628E-1
0,780000	-1,085960E-1
0,785000	-1,085127E-1
0,790000	-1,087627E-1
0,795000	-1,101792E-1
0,800000	-1,120125E-1
0,805000	-1,129291E-1
0,810000	-1,128458E-1
0,815000	-1,135124E-1
0,820000	-1,128458E-1
0,825000	-1,153456E-1
0,830000	-1,146790E-1
0,835000	-1,155956E-1
0,840000	-1,154289E-1
0,845000	-1,153456E-1
0,850000	-1,162622E-1
0,855000	-1,156789E-1
0,860000	-1,165955E-1
0,865000	-1,175122E-1
0,870000	-1,170122E-1
0,875000	-1,171788E-1
0,880000	-1,190954E-1
0,885000	-1,196787E-1
0,890000	-1,188454E-1
0,895000	-1,199287E-1
0,900000	-1,208453E-1
0,905000	-1,211786E-1
0,910000	-1,219286E-1
0,915000	-1,217619E-1
0,920000	-1,232618E-1
0,925000	-1,247618E-1
0,930000	-1,246784E-1
0,935000	-1,244284E-1
0,940000	-1,262617E-1
0,945000	-1,280116E-1
0,950000	-1,265950E-1
0,955000	-1,259284E-1
0,960000	-1,285115E-1
0,965000	-1,288449E-1
0,970000	-1,283449E-1
0,975000	-1,291782E-1
0,980000	-1,299281E-1
0,985000	-1,327613E-1
0,990000	-1,324280E-1
0,995000	-1,323447E-1
1,000000	-1,327613E-1
1,005000	-1,331780E-1
1,010000	-1,336779E-1
1,015000	-1,344279E-1
1,020000	-1,345112E-1
1,025000	-1,351778E-1
1,030000	-1,358445E-1
1,035000	-1,360111E-1
1,040000	-1,367611E-1
1,045000	-1,378444E-1
1,050000	-1,386776E-1
1,055000	-1,383443E-1
1,060000	-1,390943E-1
1,065000	-1,385943E-1
1,070000	-1,393443E-1
1,075000	-1,378444E-1
1,080000	-1,413442E-1
1,085000	-1,406775E-1
1,090000	-1,402609E-1
1,095000	-1,396776E-1
1,100000	-1,424274E-1
1,105000	-1,422608E-1
1,110000	-1,438440E-1
1,115000	-1,437607E-1
1,120000	-1,440107E-1
1,125000	-1,444273E-1
1,130000	-1,447606E-1
1,135000	-1,438440E-1
1,140000	-1,455106E-1
1,145000	-1,438440E-1
1,150000	-1,445106E-1
1,155000	-1,449273E-1
1,160000	-1,465939E-1
1,165000	-1,474272E-1
1,170000	-1,465939E-1
1,175000	-1,465939E-1
1,180000	-1,463439E-1
1,185000	-1,457606E-1
1,190000	-1,472605E-1
1,195000	-1,470938E-1
1,200000	-1,480105E-1
1,205000	-1,474272E-1
1,210000	-1,475938E-1
1,215000	-1,465105E-1
1,220000	-1,491771E-1
1,225000	-1,475105E-1
1,230000	-1,484271E-1
1,235000	-1,474272E-1
1,240000	-1,487604E-1
1,245000	-1,485104E-1
1,250000	-1,494270E-1
1,255000	-1,482604E-1
1,260000	-1,499270E-1
1,265000	-1,490937E-1
1,270000	-1,496770E-1
1,275000	-1,482604E-1
1,280000	-1,495937E-1
1,285000	-1,495937E-1
1,290000	-1,499270E-1
1,295000	-1,501770E-1
1,300000	-1,516769E-1
1,305000	-1,523435E-1
1,310000	-1,510936E-1
1,315000	-1,505103E-1
1,320000	-1,509270E-1
1,325000	-1,528435E-1
1,330000	-1,505103E-1
1,335000	-1,510103E-1
1,340000	-1,517602E-1
1,345000	-1,501770E-1
1,350000	-1,511769E-1
1,355000	-1,513436E-1
1,360000	-1,525102E-1
1,365000	-1,519269E-1
1,370000	-1,505936E-1
1,375000	-1,508436E-1
1,380000	-1,515936E-1
1,385000	-1,530935E-1
1,390000	-1,516769E-1
1,395000	-1,520102E-1
1,400000	-1,528435E-1
1,405000	-1,520936E-1
1,410000	-1,531768E-1
1,415000	-1,523435E-1
1,420000	-1,528435E-1
1,425000	-1,537601E-1
1,430000	-1,526769E-1
1,435000	-1,532602E-1
1,440000	-1,523435E-1
1,445000	-1,523435E-1
1,450000	-1,528435E-1
1,455000	-1,515936E-1
1,460000	-1,522602E-1
1,465000	-1,525935E-1
1,470000	-1,522602E-1
1,475000	-1,529268E-1
1,480000	-1,529268E-1
1,485000	-1,534268E-1
1,490000	-1,515936E-1
1,495000	-1,526769E-1
1,500000	-1,540101E-1
1,505000	-1,528435E-1
1,510000	-1,525935E-1
1,515000	-1,523435E-1
1,520000	-1,526769E-1
1,525000	-1,530935E-1
1,530000	-1,520936E-1
1,535000	-1,512603E-1
1,540000	-1,521769E-1
1,545000	-1,537601E-1
1,550000	-1,533435E-1
1,555000	-1,534268E-1
1,560000	-1,529268E-1
1,565000	-1,520102E-1
1,570000	-1,522602E-1
1,575000	-1,530935E-1
1,580000	-1,534268E-1
1,585000	-1,549267E-1
1,590000	-1,519269E-1
1,595000	-1,530102E-1
1,600000	-1,518436E-1
1,605000	-1,535935E-1
1,610000	-1,520936E-1
1,615000	-1,521769E-1
1,620000	-1,523435E-1
1,625000	-1,537601E-1
1,630000	-1,535101E-1
1,635000	-1,515103E-1
1,640000	-1,522602E-1
1,645000	-1,525102E-1
1,650000	-1,521769E-1
1,655000	-1,515103E-1
1,660000	-1,522602E-1
1,665000	-1,536768E-1
1,670000	-1,523435E-1
1,675000	-1,519269E-1
1,680000	-1,510936E-1
1,685000	-1,525102E-1
1,690000	-1,517602E-1
1,695000	-1,518436E-1
1,700000	-1,525935E-1
1,705000	-1,520102E-1
1,710000	-1,525102E-1
1,715000	-1,514269E-1
1,720000	-1,529268E-1
1,725000	-1,515936E-1
1,730000	-1,528435E-1
1,735000	-1,513436E-1
1,740000	-1,523435E-1
1,745000	-1,527602E-1
1,750000	-1,502603E-1
1,755000	-1,523435E-1
1,760000	-1,530102E-1
1,765000	-1,517602E-1
1,770000	-1,515936E-1
1,775000	-1,510103E-1
1,780000	-1,533435E-1
1,785000	-1,535935E-1
1,790000	-1,516769E-1
1,795000	-1,522602E-1
1,800000	-1,520936E-1
1,805000	-1,526769E-1
1,810000	-1,524269E-1
1,815000	-1,537601E-1
1,820000	-1,537601E-1
1,825000	-1,538435E-1
1,830000	-1,543434E-1
1,835000	-1,535101E-1
1,840000	-1,520102E-1
1,845000	-1,533435E-1
1,850000	-1,524269E-1
1,855000	-1,504270E-1
1,860000	-1,521769E-1
1,865000	-1,516769E-1
1,870000	-1,517602E-1
1,875000	-1,525102E-1
1,880000	-1,529268E-1
1,885000	-1,513436E-1
1,890000	-1,520102E-1
1,895000	-1,534268E-1
1,900000	-1,520102E-1
1,905000	-1,516769E-1
1,910000	-1,502603E-1
1,915000	-1,520102E-1
1,920000	-1,532602E-1
1,925000	-1,530102E-1
1,930000	-1,534268E-1
1,935000	-1,520102E-1
1,940000	-1,532602E-1
1,945000	-1,537601E-1
1,950000	-1,530935E-1
1,955000	-1,513436E-1
1,960000	-1,531768E-1
1,965000	-1,515936E-1
1,970000	-1,518436E-1
1,975000	-1,499270E-1
1,980000	-1,529268E-1
1,985000	-1,525102E-1
1,990000	-1,520936E-1
1,995000	-1,523435E-1
2,000000	-1,524269E-1
2,005000	-1,520102E-1
2,010000	-1,513436E-1
2,015000	-1,522602E-1
2,020000	-1,534268E-1
2,025000	-1,525102E-1
2,030000	-1,525102E-1
2,035000	-1,527602E-1
2,040000	-1,530102E-1
2,045000	-1,540101E-1
2,050000	-1,525935E-1
2,055000	-1,530935E-1
2,060000	-1,524269E-1
2,065000	-1,531768E-1
2,070000	-1,520102E-1
2,075000	-1,525935E-1
2,080000	-1,520936E-1
2,085000	-1,542601E-1
2,090000	-1,523435E-1
2,095000	-1,518436E-1
2,100000	-1,525935E-1
2,105000	-1,530102E-1
2,110000	-1,517602E-1
2,115000	-1,518436E-1
2,120000	-1,518436E-1
2,125000	-1,543434E-1
2,130000	-1,528435E-1
2,135000	-1,525102E-1
2,140000	-1,528435E-1
2,145000	-1,526769E-1
2,150000	-1,522602E-1
2,155000	-1,516769E-1
2,160000	-1,522602E-1
2,165000	-1,524269E-1
2,170000	-1,515936E-1
2,175000	-1,520936E-1
2,180000	-1,523435E-1
2,185000	-1,540101E-1
2,190000	-1,530935E-1
2,195000	-1,515936E-1
2,200000	-1,523435E-1
2,205000	-1,525935E-1
2,210000	-1,525935E-1
2,215000	-1,528435E-1
2,220000	-1,525935E-1
2,225000	-1,521769E-1
2,230000	-1,529268E-1
2,235000	-1,533435E-1
2,240000	-1,519269E-1
2,245000	-1,523435E-1
2,250000	-1,535101E-1
2,255000	-1,520936E-1
2,260000	-1,533435E-1
2,265000	-1,526769E-1
2,270000	-1,527602E-1
2,275000	-1,521769E-1
2,280000	-1,521769E-1
2,285000	-1,526769E-1
2,290000	-1,516769E-1
2,295000	-1,520102E-1
2,300000	-1,514269E-1
2,305000	-1,528435E-1
2,310000	-1,530102E-1
2,315000	-1,520936E-1
2,320000	-1,530102E-1
2,325000	-1,530935E-1
2,330000	-1,516769E-1
2,335000	-1,520102E-1
2,340000	-1,531768E-1
2,345000	-1,532602E-1
2,350000	-1,536768E-1
2,355000	-1,516769E-1
2,360000	-1,535101E-1
2,365000	-1,527602E-1
2,370000	-1,524269E-1
2,375000	-1,531768E-1
2,380000	-1,535101E-1
2,385000	-1,547601E-1
2,390000	-1,523435E-1
2,395000	-1,535935E-1
2,400000	-1,525935E-1
2,405000	-1,543434E-1
2,410000	-1,530102E-1
2,415000	-1,544268E-1
2,420000	-1,520102E-1
2,425000	-1,532602E-1
2,430000	-1,531768E-1
2,435000	-1,517602E-1
2,440000	-1,531768E-1
2,445000	-1,536768E-1
2,450000	-1,524269E-1
2,455000	-1,526769E-1
2,460000	-1,540934E-1
2,465000	-1,525935E-1
2,470000	-1,513436E-1
2,475000	-1,516769E-1
2,480000	-1,530935E-1
2,485000	-1,530935E-1
2,490000	-1,530935E-1
2,495000	-1,525935E-1
2,500000	-1,531768E-1
2,505000	-1,533435E-1
2,510000	-1,533435E-1
2,515000	-1,515936E-1
2,520000	-1,526769E-1
2,525000	-1,525935E-1
2,530000	-1,515936E-1
2,535000	-1,518436E-1
2,540000	-1,520936E-1
2,545000	-1,534268E-1
2,550000	-1,524269E-1
2,555000	-1,519269E-1
2,560000	-1,529268E-1
2,565000	-1,515103E-1
2,570000	-1,517602E-1
2,575000	-1,525935E-1
2,580000	-1,514269E-1
2,585000	-1,520936E-1
2,590000	-1,520102E-1
2,595000	-1,514269E-1
2,600000	-1,513436E-1
2,605000	-1,521769E-1
2,610000	-1,510936E-1
2,615000	-1,511769E-1
2,620000	-1,511769E-1
2,625000	-1,515103E-1
2,630000	-1,507603E-1
2,635000	-1,513436E-1
2,640000	-1,514269E-1
2,645000	-1,508436E-1
2,650000	-1,503437E-1
2,655000	-1,505103E-1
2,660000	-1,496770E-1
2,665000	-1,515103E-1
2,670000	-1,513436E-1
2,675000	-1,506770E-1
2,680000	-1,515103E-1
2,685000	-1,511769E-1
2,690000	-1,509270E-1
2,695000	-1,500103E-1
2,700000	-1,495104E-1
2,705000	-1,520102E-1
2,710000	-1,502603E-1
2,715000	-1,501770E-1
2,720000	-1,494270E-1
2,725000	-1,514269E-1
2,730000	-1,500937E-1
2,735000	-1,494270E-1
2,740000	-1,499270E-1
2,745000	-1,504270E-1
2,750000	-1,495937E-1
2,755000	-1,495104E-1
2,760000	-1,497604E-1
2,765000	-1,507603E-1
2,770000	-1,490104E-1
2,775000	-1,497604E-1
2,780000	-1,505103E-1
2,785000	-1,506770E-1
2,790000	-1,501770E-1
2,795000	-1,494270E-1
2,800000	-1,487604E-1
2,805000	-1,505936E-1
2,810000	-1,490937E-1
2,815000	-1,497604E-1
2,820000	-1,502603E-1
2,825000	-1,500103E-1
2,830000	-1,485104E-1
2,835000	-1,490104E-1
2,840000	-1,485938E-1
2,845000	-1,480105E-1
2,850000	-1,490937E-1
2,855000	-1,496770E-1
2,860000	-1,484271E-1
2,865000	-1,485938E-1
2,870000	-1,496770E-1
2,875000	-1,489271E-1
2,880000	-1,495104E-1
2,885000	-1,485104E-1
2,890000	-1,469272E-1
2,895000	-1,478438E-1
2,900000	-1,477605E-1
2,905000	-1,480938E-1
2,910000	-1,490104E-1
2,915000	-1,474272E-1
2,920000	-1,481771E-1
2,925000	-1,469272E-1
2,930000	-1,478438E-1
2,935000	-1,479271E-1
2,940000	-1,478438E-1
2,945000	-1,480105E-1
2,950000	-1,493437E-1
2,955000	-1,473438E-1
2,960000	-1,477605E-1
2,965000	-1,488437E-1
2,970000	-1,490104E-1
2,975000	-1,471772E-1
2,980000	-1,477605E-1
2,985000	-1,466772E-1
2,990000	-1,463439E-1
2,995000	-1,470105E-1
3,000000	-1,471772E-1
3,005000	-1,477605E-1
3,010000	-1,475938E-1
3,015000	-1,471772E-1
3,020000	-1,469272E-1
3,025000	-1,467605E-1
3,030000	-1,472605E-1
3,035000	-1,453439E-1
3,040000	-1,464272E-1
3,045000	-1,471772E-1
3,050000	-1,467605E-1
3,055000	-1,460106E-1
3,060000	-1,454273E-1
3,065000	-1,465939E-1
3,070000	-1,470938E-1
3,075000	-1,456772E-1
3,080000	-1,461772E-1
3,085000	-1,460106E-1
3,090000	-1,452606E-1
3,095000	-1,450106E-1
3,100000	-1,458439E-1
3,105000	-1,453439E-1
3,110000	-1,441773E-1
3,115000	-1,434274E-1
3,120000	-1,452606E-1
3,125000	-1,435107E-1
3,130000	-1,445106E-1
3,135000	-1,445940E-1
3,140000	-1,450939E-1
3,145000	-1,455106E-1
3,150000	-1,451773E-1
3,155000	-1,443440E-1
3,160000	-1,432607E-1
3,165000	-1,450106E-1
3,170000	-1,444273E-1
3,175000	-1,427607E-1
3,180000	-1,442607E-1
3,185000	-1,450106E-1
3,190000	-1,440107E-1
3,195000	-1,453439E-1
3,200000	-1,440940E-1
3,205000	-1,443440E-1
3,210000	-1,431774E-1
3,215000	-1,445106E-1
3,220000	-1,435107E-1
3,225000	-1,445106E-1
3,230000	-1,431774E-1
3,235000	-1,421774E-1
3,240000	-1,440107E-1
3,245000	-1,435940E-1
3,250000	-1,423441E-1
3,255000	-1,425941E-1
3,260000	-1,425941E-1
3,265000	-1,438440E-1
3,270000	-1,430941E-1
3,275000	-1,431774E-1
3,280000	-1,420108E-1
3,285000	-1,405942E-1
3,290000	-1,417608E-1
3,295000	-1,408442E-1
3,300000	-1,411775E-1
3,305000	-1,435107E-1
3,310000	-1,417608E-1
3,315000	-1,413442E-1
3,320000	-1,415108E-1
3,325000	-1,421774E-1
3,330000	-1,413442E-1
3,335000	-1,415108E-1
3,340000	-1,418441E-1
3,345000	-1,408442E-1
3,350000	-1,400109E-1
3,355000	-1,403442E-1
3,360000	-1,415941E-1
3,365000	-1,405109E-1
3,370000	-1,415108E-1
3,375000	-1,410108E-1
3,380000	-1,407609E-1
3,385000	-1,414275E-1
3,390000	-1,398442E-1
3,395000	-1,399276E-1
3,400000	-1,393443E-1
3,405000	-1,392609E-1
3,410000	-1,397609E-1
3,415000	-1,383443E-1
3,420000	-1,395109E-1
3,425000	-1,398442E-1
3,430000	-1,387610E-1
3,435000	-1,396776E-1
3,440000	-1,399276E-1
3,445000	-1,388443E-1
3,450000	-1,388443E-1
3,455000	-1,397609E-1
3,460000	-1,395109E-1
3,465000	-1,399276E-1
3,470000	-1,388443E-1
3,475000	-1,383443E-1
3,480000	-1,386776E-1
3,485000	-1,380943E-1
3,490000	-1,385943E-1
3,495000	-1,380943E-1
3,500000	-1,376777E-1
3,505000	-1,381777E-1
3,510000	-1,372611E-1
3,515000	-1,378444E-1
3,520000	-1,377610E-1
3,525000	-1,385110E-1
3,530000	-1,371777E-1
3,535000	-1,352612E-1
3,540000	-1,370111E-1
3,545000	-1,368444E-1
3,550000	-1,360111E-1
3,555000	-1,348445E-1
3,560000	-1,359278E-1
3,565000	-1,349279E-1
3,570000	-1,354278E-1
3,575000	-1,355112E-1
3,580000	-1,347612E-1
3,585000	-1,345112E-1
3,590000	-1,331780E-1
3,595000	-1,335946E-1
3,600000	-1,340112E-1
3,605000	-1,346779E-1
3,610000	-1,335946E-1
3,615000	-1,324280E-1
3,620000	-1,335946E-1
3,625000	-1,317614E-1
3,630000	-1,317614E-1
3,635000	-1,315947E-1
3,640000	-1,322613E-1
3,645000	-1,311781E-1
3,650000	-1,306781E-1
3,655000	-1,302614E-1
3,660000	-1,305948E-1
3,665000	-1,309281E-1
3,670000	-1,302614E-1
3,675000	-1,297615E-1
3,680000	-1,298448E-1
3,685000	-1,300115E-1
3,690000	-1,298448E-1
3,695000	-1,305114E-1
3,700000	-1,291782E-1
3,705000	-1,292615E-1
3,710000	-1,292615E-1
3,715000	-1,282616E-1
3,720000	-1,286782E-1
3,725000	-1,291782E-1
3,730000	-1,274283E-1
3,735000	-1,282616E-1
3,740000	-1,274283E-1
3,745000	-1,283449E-1
3,750000	-1,252617E-1
3,755000	-1,261783E-1
3,760000	-1,256784E-1
3,765000	-1,255950E-1
3,770000	-1,265950E-1
3,775000	-1,252617E-1
3,780000	-1,260950E-1
3,785000	-1,257617E-1
3,790000	-1,245951E-1
3,795000	-1,247618E-1
3,800000	-1,238451E-1
3,805000	-1,251784E-1
3,810000	-1,230952E-1
3,815000	-1,239285E-1
3,820000	-1,240118E-1
3,825000	-1,246784E-1
3,830000	-1,232618E-1
3,835000	-1,233452E-1
3,840000	-1,226785E-1
3,845000	-1,220952E-1
3,850000	-1,219286E-1
3,855000	-1,217619E-1
3,860000	-1,208453E-1
3,865000	-1,224286E-1
3,870000	-1,218453E-1
3,875000	-1,215119E-1
3,880000	-1,205953E-1
3,885000	-1,198454E-1
3,890000	-1,198454E-1
3,895000	-1,199287E-1
3,900000	-1,197620E-1
3,905000	-1,194287E-1
3,910000	-1,190121E-1
3,915000	-1,186788E-1
3,920000	-1,173455E-1
3,925000	-1,177622E-1
3,930000	-1,175122E-1
3,935000	-1,171788E-1
3,940000	-1,168455E-1
3,945000	-1,171788E-1
3,950000	-1,165955E-1
3,955000	-1,155123E-1
3,960000	-1,173455E-1
3,965000	-1,165955E-1
3,970000	-1,153456E-1
3,975000	-1,147623E-1
3,980000	-1,155123E-1
3,985000	-1,134291E-1
3,990000	-1,142623E-1
3,995000	-1,135124E-1
4,000000	-1,138457E-1
4,005000	-1,140957E-1
4,010000	-1,133457E-1
4,015000	-1,116792E-1
4,020000	-1,142623E-1
4,025000	-1,134291E-1
4,030000	-1,135124E-1
4,035000	-1,108459E-1
4,040000	-1,114292E-1
4,045000	-1,112625E-1
4,050000	-1,109292E-1
4,055000	-1,109292E-1
4,060000	-1,107625E-1
4,065000	-1,091793E-1
4,070000	-1,089293E-1
4,075000	-1,075127E-1
4,080000	-1,088460E-1
4,085000	-1,065961E-1
4,090000	-1,087627E-1
4,095000	-1,075961E-1
4,100000	-1,067628E-1
4,105000	-1,064295E-1
4,110000	-1,062628E-1
4,115000	-1,060961E-1
4,120000	-1,055962E-1
4,125000	-1,055962E-1
4,130000	-1,042629E-1
4,135000	-1,035963E-1
4,140000	-1,044296E-1
4,145000	-1,049295E-1
4,150000	-1,032630E-1
4,155000	-1,026797E-1
4,160000	-1,028463E-1
4,165000	-1,011797E-1
4,170000	-1,023463E-1
4,175000	-1,014297E-1
4,180000	-1,015131E-1
4,185000	-1,010131E-1
4,190000	-1,012631E-1
4,195000	-9,876322E-2
4,200000	-9,876322E-2
4,205000	-9,934652E-2
4,210000	-9,901320E-2
4,215000	-9,851323E-2
4,220000	-9,742996E-2
4,225000	-9,767995E-2
4,230000	-9,601337E-2
4,235000	-9,593004E-2
4,240000	-9,651334E-2
4,245000	-9,601337E-2
4,250000	-9,426347E-2
4,255000	-9,493010E-2
4,260000	-9,534674E-2
4,265000	-9,543007E-2
4,270000	-9,368017E-2
4,275000	-9,293021E-2
4,280000	-9,368017E-2
4,285000	-9,201360E-2
4,290000	-9,259690E-2
4,295000	-9,043035E-2
4,300000	-9,101365E-2
4,305000	-8,959707E-2
4,310000	-8,993038E-2
4,315000	-8,901377E-2
4,320000	-8,884711E-2
4,325000	-8,951374E-2
4,330000	-8,776384E-2
4,335000	-8,801382E-2
4,340000	-8,793049E-2
4,345000	-8,618059E-2
4,350000	-8,701388E-2
4,355000	-8,668056E-2
4,360000	-8,651391E-2
4,365000	-8,601393E-2
4,370000	-8,634725E-2
4,375000	-8,434736E-2
4,380000	-8,484733E-2
4,385000	-8,301410E-2
4,390000	-8,418070E-2
4,395000	-8,451402E-2
4,400000	-8,268079E-2
4,405000	-8,259746E-2
4,410000	-8,226414E-2
4,415000	-8,118087E-2
4,420000	-8,184750E-2
4,425000	-8,109754E-2
4,430000	-8,134753E-2
4,435000	-7,943097E-2
4,440000	-7,926431E-2
4,445000	-8,018093E-2
4,450000	-7,909766E-2
4,455000	-7,893100E-2
4,460000	-7,776440E-2
4,465000	-7,909766E-2
4,470000	-7,726443E-2
4,475000	-7,651447E-2
4,480000	-7,618115E-2
4,485000	-7,618115E-2
4,490000	-7,543120E-2
4,495000	-7,468124E-2
4,500000	-7,634781E-2
4,505000	-7,334798E-2
4,510000	-7,334798E-2
4,515000	-7,159808E-2
4,520000	-7,268135E-2
4,525000	-7,176473E-2
4,530000	-7,034815E-2
4,535000	-7,159808E-2
4,540000	-7,084812E-2
4,545000	-6,968152E-2
4,550000	-6,909822E-2
4,555000	-6,793162E-2
4,560000	-6,859825E-2
4,565000	-6,793162E-2
4,570000	-6,668169E-2
4,575000	-6,626504E-2
4,580000	-6,576507E-2
4,585000	-6,668169E-2
4,590000	-6,451514E-2
4,595000	-6,493179E-2
4,600000	-6,409850E-2
4,605000	-6,368186E-2
4,610000	-6,384851E-2
4,615000	-6,243193E-2
4,620000	-6,176530E-2
4,625000	-6,193195E-2
4,630000	-6,001539E-2
4,635000	-6,118200E-2
4,640000	-5,768219E-2
4,645000	-5,926544E-2
4,650000	-5,834882E-2
4,655000	-5,751554E-2
4,660000	-5,676558E-2
4,665000	-5,643226E-2
4,670000	-5,651559E-2
4,675000	-5,609895E-2
4,680000	-5,551565E-2
4,685000	-5,601562E-2
4,690000	-5,509900E-2
4,695000	-5,434905E-2
4,700000	-5,484902E-2
4,705000	-5,418239E-2
4,710000	-5,251582E-2
4,715000	-5,376575E-2
4,720000	-5,401573E-2
4,725000	-5,201584E-2
4,730000	-5,118256E-2
4,735000	-5,209917E-2
4,740000	-5,076591E-2
4,745000	-4,993263E-2
4,750000	-5,009929E-2
4,755000	-5,009929E-2
4,760000	-4,876603E-2
4,765000	-4,851604E-2
4,770000	-4,868270E-2
4,775000	-4,859937E-2
4,780000	-4,768275E-2
4,785000	-4,759943E-2
4,790000	-4,643282E-2
4,795000	-4,559954E-2
4,800000	-4,651615E-2
4,805000	-4,668281E-2
4,810000	-4,476625E-2
4,815000	-4,509957E-2
4,820000	-4,409962E-2
4,825000	-4,393297E-2
4,830000	-4,351632E-2
4,835000	-4,126645E-2
4,840000	-4,193308E-2
4,845000	-4,151643E-2
4,850000	-4,201641E-2
4,855000	-4,018318E-2
4,860000	-4,018318E-2
4,865000	-3,968320E-2
4,870000	-3,793330E-2
4,875000	-3,710002E-2
4,880000	-3,759999E-2
4,885000	-3,784997E-2
4,890000	-3,610007E-2
4,895000	-3,585009E-2
4,900000	-3,585009E-2
4,905000	-3,410018E-2
4,910000	-3,435017E-2
4,915000	-3,351688E-2
4,920000	-3,418351E-2
4,925000	-3,276693E-2
4,930000	-3,193364E-2
4,935000	-3,143367E-2
4,940000	-2,985042E-2
4,945000	-2,885048E-2
4,950000	-2,493403E-2
4,955000	-2,343412E-2
4,960000	-2,251750E-2
4,965000	-2,276749E-2
4,970000	-2,218419E-2
4,975000	-1,985098E-2
4,980000	-2,126757E-2
4,985000	-2,185087E-2
4,990000	-2,026763E-2
4,995000	-1,935101E-2
5,000000	-1,901770E-2
5,005000	-1,876771E-2
5,010000	-1,776777E-2
5,015000	-1,551789E-2
5,020000	-1,435129E-2
5,025000	-1,543457E-2
5,030000	-1,310136E-2
5,035000	-1,226808E-2
5,040000	-1,310136E-2
5,045000	-1,301804E-2
5,050000	-1,126813E-2
5,055000	-1,201809E-2
5,060000	-1,051818E-2
5,065000	-1,118480E-2
5,070000	-9,351575E-3
5,075000	-7,435016E-3
5,080000	-5,185142E-3
5,085000	-6,935044E-3
5,090000	-4,351856E-3
5,095000	-5,101813E-3
5,100000	-4,268527E-3
5,105000	-3,518569E-3
5,110000	-2,268639E-3
5,115000	-1,102038E-3
5,120000	-2,268639E-3
5,125000	-1,435353E-3
5,130000	-1,602010E-3
5,135000	-1,854230E-4
5,140000	1,397821E-3
5,145000	5,645349E-4
5,150000	1,064507E-3
5,155000	2,564423E-3
5,160000	2,314437E-3
5,165000	3,147723E-3
5,170000	3,647695E-3
5,175000	5,397597E-3
5,180000	4,480982E-3
5,185000	4,814296E-3
5,190000	7,480813E-3
5,195000	6,980841E-3
5,200000	6,397541E-3
5,205000	7,730799E-3
5,210000	9,064057E-3
5,215000	1,031399E-2
5,220000	1,031399E-2
5,225000	1,123060E-2
5,230000	1,239720E-2
5,235000	1,248053E-2
5,240000	1,289718E-2
5,245000	1,439709E-2
5,250000	1,498039E-2
5,255000	1,514705E-2
5,260000	1,531371E-2
5,265000	1,739692E-2
5,270000	1,748025E-2
5,275000	1,989678E-2
5,280000	1,881351E-2
5,285000	2,014677E-2
5,290000	2,148003E-2
5,295000	2,114671E-2
5,300000	2,131337E-2
5,305000	2,239664E-2
5,310000	2,389656E-2
5,315000	2,497983E-2
5,320000	2,414654E-2
5,325000	2,772968E-2
5,330000	2,822965E-2
5,335000	2,797966E-2
5,340000	2,947958E-2
5,345000	2,989622E-2
5,350000	3,206277E-2
5,355000	3,389600E-2
5,360000	3,372934E-2
5,365000	3,372934E-2
5,370000	3,406265E-2
5,375000	3,564590E-2
5,380000	3,639586E-2
5,385000	3,631253E-2
5,390000	3,689583E-2
5,395000	3,897904E-2
5,400000	3,856240E-2
5,405000	4,006232E-2
5,410000	4,139557E-2
5,415000	4,156223E-2
5,420000	4,306215E-2
5,425000	4,331213E-2
5,430000	4,531202E-2
5,435000	4,697859E-2
5,440000	4,647862E-2
5,445000	4,847851E-2
5,450000	4,839518E-2
5,455000	4,897848E-2
5,460000	5,031174E-2
5,465000	5,122836E-2
5,470000	5,289493E-2
5,475000	5,331157E-2
5,480000	5,556145E-2
5,485000	5,589476E-2
5,490000	5,872793E-2
5,495000	5,914458E-2
5,500000	6,056116E-2
5,505000	6,206108E-2
5,510000	6,422762E-2
5,515000	6,581087E-2
5,520000	6,614418E-2
5,525000	6,722746E-2
5,530000	6,822740E-2
5,535000	6,981064E-2
5,540000	7,214385E-2
5,545000	7,206052E-2
5,550000	7,339378E-2
5,555000	7,547699E-2
5,560000	7,506035E-2
5,565000	7,781020E-2
5,570000	7,797685E-2
5,575000	8,072670E-2
5,580000	8,022673E-2
5,585000	8,230994E-2
5,590000	8,339321E-2
5,595000	8,480980E-2
5,600000	8,514312E-2
5,605000	8,589307E-2
5,610000	8,747632E-2
5,615000	9,105945E-2
5,620000	9,089279E-2
5,625000	9,047615E-2
5,630000	9,239271E-2
5,635000	9,447593E-2
5,640000	9,480924E-2
5,645000	9,680913E-2
5,650000	9,655914E-2
5,655000	9,747576E-2
5,660000	9,864236E-2
5,665000	9,997562E-2
5,670000	1,018088E-1
5,675000	1,029754E-1
5,680000	1,033088E-1
5,685000	1,048087E-1
5,690000	1,052253E-1
5,695000	1,082252E-1
5,700000	1,083918E-1
5,705000	1,093084E-1
5,710000	1,107250E-1
5,715000	1,117250E-1
5,720000	1,143915E-1
5,725000	1,151414E-1
5,730000	1,163914E-1
5,735000	1,162247E-1
5,740000	1,178913E-1
5,745000	1,190579E-1
5,750000	1,213078E-1
5,755000	1,238909E-1
5,760000	1,250575E-1
5,765000	1,260575E-1
5,770000	1,285573E-1
5,775000	1,287240E-1
5,780000	1,301406E-1
5,785000	1,320571E-1
5,790000	1,343903E-1
5,795000	1,345570E-1
5,800000	1,349737E-1
5,805000	1,374735E-1
5,810000	1,386401E-1
5,815000	1,412233E-1
5,820000	1,421399E-1
5,825000	1,415566E-1
5,830000	1,441398E-1
5,835000	1,468896E-1
5,840000	1,470563E-1
5,845000	1,483896E-1
5,850000	1,507228E-1
5,855000	1,524727E-1
5,860000	1,539726E-1
5,865000	1,551392E-1
5,870000	1,558058E-1
5,875000	1,581390E-1
5,880000	1,601389E-1
5,885000	1,607222E-1
5,890000	1,622221E-1
5,895000	1,649720E-1
5,900000	1,660552E-1
5,905000	1,676385E-1
5,910000	1,679718E-1
5,915000	1,712216E-1
5,920000	1,707216E-1
5,925000	1,720549E-1
5,930000	1,753047E-1
5,935000	1,764713E-1
5,940000	1,772213E-1
5,945000	1,768046E-1
5,950000	1,805544E-1
5,955000	1,820543E-1
5,960000	1,828043E-1
5,965000	1,838042E-1
5,970000	1,843875E-1
5,975000	1,855541E-1
5,980000	1,879707E-1
5,985000	1,887206E-1
5,990000	1,906372E-1
5,995000	1,930537E-1
6,000000	1,939703E-1
6,005000	1,949703E-1
6,010000	1,961369E-1
6,015000	1,963869E-1
6,020000	1,973035E-1
6,025000	1,987201E-1
6,030000	1,996367E-1
6,035000	2,000533E-1
6,040000	2,010533E-1
6,045000	2,037198E-1
6,050000	2,036365E-1
6,055000	2,062196E-1
6,060000	2,065530E-1
6,065000	2,075529E-1
6,070000	2,084695E-1
6,075000	2,093028E-1
6,080000	2,105527E-1
6,085000	2,113860E-1
6,090000	2,112194E-1
6,095000	2,119693E-1
6,100000	2,139692E-1
6,105000	2,146358E-1
6,110000	2,163024E-1
6,115000	2,158858E-1
6,120000	2,170524E-1
6,125000	2,188023E-1
6,130000	2,200522E-1
6,135000	2,199689E-1
6,140000	2,205522E-1
6,145000	2,215521E-1
6,150000	2,224687E-1
6,155000	2,238020E-1
6,160000	2,249686E-1
6,165000	2,267185E-1
6,170000	2,278018E-1
6,175000	2,303016E-1
6,180000	2,308849E-1
6,185000	2,301350E-1
6,190000	2,326348E-1
6,195000	2,353847E-1
6,200000	2,365513E-1
6,205000	2,364679E-1
6,210000	2,373012E-1
6,215000	2,396344E-1
6,220000	2,403011E-1
6,225000	2,408010E-1
6,230000	2,434676E-1
6,235000	2,439675E-1
6,240000	2,442175E-1
6,245000	2,463007E-1
6,250000	2,478840E-1
6,255000	2,493006E-1
6,260000	2,503838E-1
6,265000	2,529670E-1
6,270000	2,525504E-1
6,275000	2,548003E-1
6,280000	2,561335E-1
6,285000	2,573001E-1
6,290000	2,602999E-1
6,295000	2,611332E-1
6,300000	2,602999E-1
6,305000	2,626331E-1
6,310000	2,652163E-1
6,315000	2,665496E-1
6,320000	2,675495E-1
6,325000	2,678828E-1
6,330000	2,699661E-1
6,335000	2,722159E-1
6,340000	2,729659E-1
6,345000	2,747158E-1
6,350000	2,757157E-1
6,355000	2,782156E-1
6,360000	2,772157E-1
6,365000	2,786322E-1
6,370000	2,802155E-1
6,375000	2,812154E-1
6,380000	2,815487E-1
6,385000	2,826320E-1
6,390000	2,826320E-1
6,395000	2,836320E-1
6,400000	2,842986E-1
6,405000	2,830487E-1
6,410000	2,845486E-1
6,415000	2,843819E-1
6,420000	2,840486E-1
6,425000	2,844653E-1
6,430000	2,842986E-1
6,435000	2,845486E-1
6,440000	2,843819E-1
6,445000	2,839653E-1
6,450000	2,849652E-1
6,455000	2,869651E-1
6,460000	2,867151E-1
6,465000	2,865485E-1
6,470000	2,882984E-1
6,475000	2,890483E-1
6,480000	2,888817E-1
6,485000	2,902149E-1
6,490000	2,889650E-1
6,495000	2,904649E-1
6,500000	2,894650E-1
6,505000	2,899649E-1
6,510000	2,917982E-1
6,515000	2,896316E-1
6,520000	2,929648E-1
6,525000	2,918815E-1
6,530000	2,941314E-1
6,535000	2,940480E-1
6,540000	2,952146E-1
6,545000	2,960479E-1
6,550000	2,973812E-1
6,555000	2,970479E-1
6,560000	2,987145E-1
6,565000	2,996311E-1
6,570000	2,996311E-1
6,575000	3,008810E-1
6,580000	3,003810E-1
6,585000	3,022976E-1
6,590000	3,022143E-1
6,595000	3,046308E-1
6,600000	3,038808E-1
6,605000	3,054641E-1
6,610000	3,054641E-1
6,615000	3,067973E-1
6,620000	3,077973E-1
6,625000	3,077973E-1
6,630000	3,092972E-1
6,635000	3,108804E-1
6,640000	3,109638E-1
6,645000	3,114637E-1
6,650000	3,118804E-1
6,655000	3,117137E-1
6,660000	3,124637E-1
6,665000	3,132970E-1
6,670000	3,145469E-1
6,675000	3,148802E-1
6,680000	3,141303E-1
6,685000	3,153802E-1
6,690000	3,167134E-1
6,695000	3,169634E-1
6,700000	3,187967E-1
6,705000	3,179634E-1
6,710000	3,182134E-1
6,715000	3,199633E-1
6,720000	3,206299E-1
6,725000	3,206299E-1
6,730000	3,220465E-1
6,735000	3,232131E-1
6,740000	3,236297E-1
6,745000	3,247963E-1
6,750000	3,245463E-1
6,755000	3,248796E-1
6,760000	3,253796E-1
6,765000	3,277128E-1
6,770000	3,286294E-1
6,775000	3,280461E-1
6,780000	3,294627E-1
6,785000	3,311293E-1
6,790000	3,317959E-1
6,795000	3,318793E-1
6,800000	3,337958E-1
6,805000	3,322126E-1
6,810000	3,340458E-1
6,815000	3,362957E-1
6,820000	3,366290E-1
6,825000	3,368790E-1
6,830000	3,385455E-1
6,835000	3,397955E-1
6,840000	3,392955E-1
6,845000	3,402954E-1
6,850000	3,410454E-1
6,855000	3,428786E-1
6,860000	3,437953E-1
6,865000	3,435453E-1
6,870000	3,450452E-1
6,875000	3,449619E-1
6,880000	3,471284E-1
6,885000	3,478784E-1
6,890000	3,490450E-1
6,895000	3,497116E-1
6,900000	3,494616E-1
6,905000	3,524614E-1
6,910000	3,519615E-1
6,915000	3,521281E-1
6,920000	3,537947E-1
6,925000	3,548780E-1
6,930000	3,571278E-1
6,935000	3,581278E-1
6,940000	3,590444E-1
6,945000	3,576278E-1
6,950000	3,612943E-1
6,955000	3,627942E-1
6,960000	3,622109E-1
6,965000	3,637108E-1
6,970000	3,660440E-1
6,975000	3,675439E-1
6,980000	3,684605E-1
6,985000	3,685439E-1
6,990000	3,696271E-1
6,995000	3,718770E-1
7,000000	3,720437E-1
7,005000	3,723770E-1
7,010000	3,741269E-1
7,015000	3,757101E-1
7,020000	3,763768E-1
7,025000	3,777100E-1
7,030000	3,784600E-1
7,035000	3,813765E-1
7,040000	3,813765E-1
7,045000	3,821264E-1
7,050000	3,845430E-1
7,055000	3,860429E-1
7,060000	3,866262E-1
7,065000	3,881261E-1
7,070000	3,887094E-1
7,075000	3,916259E-1
7,080000	3,913759E-1
7,085000	3,922092E-1
7,090000	3,927092E-1
7,095000	3,956257E-1
7,100000	3,959590E-1
7,105000	3,987088E-1
7,110000	3,986255E-1
7,115000	3,997921E-1
7,120000	4,003754E-1
7,125000	4,002087E-1
7,130000	4,015420E-1
7,135000	4,031253E-1
7,140000	4,045418E-1
7,145000	4,045418E-1
7,150000	4,055418E-1
7,155000	4,056251E-1
7,160000	4,073750E-1
7,165000	4,075417E-1
7,170000	4,084583E-1
7,175000	4,089583E-1
7,180000	4,100415E-1
7,185000	4,103748E-1
7,190000	4,126247E-1
7,195000	4,122081E-1
7,200000	4,127914E-1
7,205000	4,148746E-1
7,210000	4,160412E-1
7,215000	4,156245E-1
7,220000	4,172078E-1
7,225000	4,168745E-1
7,230000	4,196243E-1
7,235000	4,205409E-1
7,240000	4,220409E-1
7,245000	4,219575E-1
7,250000	4,232075E-1
7,255000	4,244574E-1
7,260000	4,258740E-1
7,265000	4,272906E-1
7,270000	4,271239E-1
7,275000	4,288738E-1
7,280000	4,292071E-1
7,285000	4,295404E-1
7,290000	4,310403E-1
7,295000	4,316237E-1
7,300000	4,324569E-1
7,305000	4,317903E-1
7,310000	4,327069E-1
7,315000	4,339569E-1
7,320000	4,342902E-1
7,325000	4,342902E-1
7,330000	4,346235E-1
7,335000	4,368734E-1
7,340000	4,357901E-1
7,345000	4,372067E-1
7,350000	4,373733E-1
7,355000	4,398732E-1
7,360000	4,401232E-1
7,365000	4,408731E-1
7,370000	4,413731E-1
7,375000	4,405398E-1
7,380000	4,442896E-1
7,385000	4,450396E-1
7,390000	4,460395E-1
7,395000	4,487894E-1
7,400000	4,483727E-1
7,405000	4,507059E-1
7,410000	4,510392E-1
7,415000	4,537057E-1
7,420000	4,549557E-1
7,425000	4,557056E-1
7,430000	4,579555E-1
7,435000	4,606220E-1
7,440000	4,634552E-1
7,445000	4,645385E-1
7,450000	4,671217E-1
7,455000	4,699548E-1
7,460000	4,725380E-1
7,465000	4,742046E-1
7,470000	4,784544E-1
7,475000	4,799543E-1
7,480000	4,830374E-1
7,485000	4,845373E-1
7,490000	4,889538E-1
7,495000	4,916203E-1
7,500000	4,933702E-1
7,505000	4,958700E-1
7,510000	4,982032E-1
7,515000	5,021197E-1
7,520000	5,035363E-1
7,525000	5,066194E-1
7,530000	5,090360E-1
7,535000	5,113692E-1
7,540000	5,106192E-1
7,545000	5,127858E-1
7,550000	5,130357E-1
7,555000	5,148690E-1
7,560000	5,167022E-1
7,565000	5,189521E-1
7,570000	5,192021E-1
7,575000	5,208686E-1
7,580000	5,211186E-1
7,585000	5,230352E-1
7,590000	5,234518E-1
7,595000	5,228685E-1
7,600000	5,255350E-1
7,605000	5,254517E-1
7,610000	5,253684E-1
7,615000	5,271183E-1
7,620000	5,287849E-1
7,625000	5,281182E-1
7,630000	5,309514E-1
7,635000	5,312847E-1
7,640000	5,332846E-1
7,645000	5,344512E-1
7,650000	5,353678E-1
7,655000	5,368677E-1
7,660000	5,362011E-1
7,665000	5,387843E-1
7,670000	5,409508E-1
7,675000	5,427007E-1
7,680000	5,435340E-1
7,685000	5,452006E-1
7,690000	5,446173E-1
7,695000	5,465339E-1
7,700000	5,463672E-1
7,705000	5,492837E-1
7,710000	5,498670E-1
7,715000	5,500337E-1
7,720000	5,508670E-1
7,725000	5,517836E-1
7,730000	5,522002E-1
7,735000	5,530335E-1
7,740000	5,553667E-1
7,745000	5,549501E-1
7,750000	5,557833E-1
7,755000	5,585332E-1
7,760000	5,589498E-1
7,765000	5,584499E-1
7,770000	5,604497E-1
7,775000	5,614497E-1
7,780000	5,610330E-1
7,785000	5,626996E-1
7,790000	5,633662E-1
7,795000	5,645328E-1
7,800000	5,652828E-1
7,805000	5,666161E-1
7,810000	5,662828E-1
7,815000	5,681160E-1
7,820000	5,676993E-1
7,825000	5,692826E-1
7,830000	5,697826E-1
7,835000	5,715325E-1
7,840000	5,700325E-1
7,845000	5,709492E-1
7,850000	5,733657E-1
7,855000	5,717824E-1
7,860000	5,719491E-1
7,865000	5,727824E-1
7,870000	5,734490E-1
7,875000	5,744490E-1
7,880000	5,750323E-1
7,885000	5,761989E-1
7,890000	5,774488E-1
7,895000	5,760322E-1
7,900000	5,777821E-1
7,905000	5,776988E-1
7,910000	5,787820E-1
7,915000	5,789487E-1
7,920000	5,787820E-1
7,925000	5,789487E-1
7,930000	5,799487E-1
7,935000	5,816986E-1
7,940000	5,820319E-1
7,945000	5,811153E-1
7,950000	5,826152E-1
7,955000	5,840318E-1
7,960000	5,833651E-1
7,965000	5,834485E-1
7,970000	5,850317E-1
7,975000	5,846151E-1
7,980000	5,856150E-1
7,985000	5,856150E-1
7,990000	5,850317E-1
7,995000	5,860316E-1
8,000000	5,869483E-1
8,005000	5,872816E-1
8,010000	5,889481E-1
8,015000	5,888648E-1
8,020000	5,892815E-1
8,025000	5,878649E-1
8,030000	5,894481E-1
8,035000	5,902814E-1
8,040000	5,910314E-1
8,045000	5,901147E-1
8,050000	5,906980E-1
8,055000	5,904481E-1
8,060000	5,918646E-1
8,065000	5,942812E-1
8,070000	5,945312E-1
8,075000	5,949478E-1
8,080000	5,943645E-1
8,085000	5,938645E-1
8,090000	5,954478E-1
8,095000	5,954478E-1
8,100000	5,961144E-1
8,105000	5,969477E-1
8,110000	5,971977E-1
8,115000	5,976143E-1
8,120000	5,981143E-1
8,125000	5,986976E-1
8,130000	5,989476E-1
8,135000	5,989476E-1
8,140000	6,006142E-1
8,145000	5,997809E-1
8,150000	6,001975E-1
8,155000	6,006142E-1
8,160000	6,002808E-1
8,165000	6,009475E-1
8,170000	6,031973E-1
8,175000	6,018641E-1
8,180000	6,016141E-1
8,185000	6,031140E-1
8,190000	6,043639E-1
8,195000	6,056139E-1
8,200000	6,045306E-1
8,205000	6,029474E-1
8,210000	6,045306E-1
8,215000	6,056972E-1
8,220000	6,048639E-1
8,225000	6,048639E-1
8,230000	6,061138E-1
8,235000	6,045306E-1
8,240000	6,054472E-1
8,245000	6,076138E-1
8,250000	6,077804E-1
8,255000	6,081137E-1
8,260000	6,070305E-1
8,265000	6,084470E-1
8,270000	6,097803E-1
8,275000	6,084470E-1
8,280000	6,087804E-1
8,285000	6,092803E-1
8,290000	6,090303E-1
8,295000	6,105303E-1
8,300000	6,095303E-1
8,305000	6,106136E-1
8,310000	6,115302E-1
8,315000	6,111969E-1
8,320000	6,117802E-1
8,325000	6,119469E-1
8,330000	6,116969E-1
8,335000	6,118635E-1
8,340000	6,125302E-1
8,345000	6,121135E-1
8,350000	6,131135E-1
8,355000	6,126135E-1
8,360000	6,126968E-1
8,365000	6,105303E-1
8,370000	6,121968E-1
8,375000	6,135301E-1
8,380000	6,121968E-1
8,385000	6,135301E-1
8,390000	6,134468E-1
8,395000	6,150300E-1
8,400000	6,137801E-1
8,405000	6,131968E-1
8,410000	6,143634E-1
8,415000	6,144467E-1
8,420000	6,153633E-1
8,425000	6,139467E-1
8,430000	6,140301E-1
8,435000	6,155300E-1
8,440000	6,158633E-1
8,445000	6,156966E-1
8,450000	6,164466E-1
8,455000	6,142801E-1
8,460000	6,148634E-1
8,465000	6,163633E-1
8,470000	6,156133E-1
8,475000	6,161133E-1
8,480000	6,169466E-1
8,485000	6,161133E-1
8,490000	6,146967E-1
8,495000	6,166133E-1
8,500000	6,157800E-1
8,505000	6,165299E-1
8,510000	6,161966E-1
8,515000	6,154467E-1
8,520000	6,156966E-1
8,525000	6,166133E-1
8,530000	6,154467E-1
8,535000	6,176965E-1
8,540000	6,168632E-1
8,545000	6,166966E-1
8,550000	6,164466E-1
8,555000	6,158633E-1
8,560000	6,163633E-1
8,565000	6,154467E-1
8,570000	6,165299E-1
8,575000	6,177799E-1
8,580000	6,156966E-1
8,585000	6,158633E-1
8,590000	6,160300E-1
8,595000	6,151133E-1
8,600000	6,164466E-1
8,605000	6,167799E-1
8,610000	6,166133E-1
8,615000	6,159466E-1
8,620000	6,162799E-1
8,625000	6,159466E-1
8,630000	6,146967E-1
8,635000	6,151967E-1
8,640000	6,146134E-1
8,645000	6,154467E-1
8,650000	6,161966E-1
8,655000	6,143634E-1
8,660000	6,161133E-1
8,665000	6,150300E-1
8,670000	6,157800E-1
8,675000	6,151133E-1
8,680000	6,141967E-1
8,685000	6,149467E-1
8,690000	6,146967E-1
8,695000	6,137801E-1
8,700000	6,143634E-1
8,705000	6,154467E-1
8,710000	6,128635E-1
8,715000	6,139467E-1
8,720000	6,148634E-1
8,725000	6,130301E-1
8,730000	6,145300E-1
8,735000	6,135301E-1
8,740000	6,150300E-1
8,745000	6,135301E-1
8,750000	6,145300E-1
8,755000	6,128635E-1
8,760000	6,132801E-1
8,765000	6,133634E-1
8,770000	6,135301E-1
8,775000	6,129468E-1
8,780000	6,126968E-1
8,785000	6,133634E-1
8,790000	6,137801E-1
8,795000	6,128635E-1
8,800000	6,125302E-1
8,805000	6,117802E-1
8,810000	6,136134E-1
8,815000	6,136968E-1
8,820000	6,126135E-1
8,825000	6,116969E-1
8,830000	6,135301E-1
8,835000	6,133634E-1
8,840000	6,120302E-1
8,845000	6,125302E-1
8,850000	6,134468E-1
8,855000	6,138634E-1
8,860000	6,117802E-1
8,865000	6,125302E-1
8,870000	6,125302E-1
8,875000	6,133634E-1
8,880000	6,121968E-1
8,885000	6,123635E-1
8,890000	6,122802E-1
8,895000	6,117802E-1
8,900000	6,137801E-1
8,905000	6,133634E-1
8,910000	6,140301E-1
8,915000	6,135301E-1
8,920000	6,131135E-1
8,925000	6,116135E-1
8,930000	6,125302E-1
8,935000	6,112802E-1
8,940000	6,106136E-1
8,945000	6,104469E-1
8,950000	6,101136E-1
8,955000	6,105303E-1
8,960000	6,096137E-1
8,965000	6,086970E-1
8,970000	6,078637E-1
8,975000	6,066138E-1
8,980000	6,076138E-1
8,985000	6,049472E-1
8,990000	6,056972E-1
8,995000	6,031973E-1
9,000000	6,022807E-1
9,005000	6,011975E-1
9,010000	6,005308E-1
9,015000	6,003642E-1
9,020000	6,004475E-1
9,025000	5,986143E-1
9,030000	5,969477E-1
9,035000	5,974477E-1
9,040000	5,956144E-1
9,045000	5,947812E-1
9,050000	5,948645E-1
9,055000	5,940312E-1
9,060000	5,931979E-1
9,065000	5,906980E-1
9,070000	5,897814E-1
9,075000	5,896148E-1
9,080000	5,879482E-1
9,085000	5,879482E-1
9,090000	5,872816E-1
9,095000	5,856150E-1
9,100000	5,852817E-1
9,105000	5,844484E-1
9,110000	5,847817E-1
9,115000	5,831985E-1
9,120000	5,817819E-1
9,125000	5,808653E-1
9,130000	5,811986E-1
9,135000	5,799487E-1
9,140000	5,796153E-1
9,145000	5,772821E-1
9,150000	5,782821E-1
9,155000	5,762822E-1
9,160000	5,756989E-1
9,165000	5,767822E-1
9,170000	5,758655E-1
9,175000	5,756989E-1
9,180000	5,736990E-1
9,185000	5,730324E-1
9,190000	5,726991E-1
9,195000	5,711991E-1
9,200000	5,707825E-1
9,205000	5,703659E-1
9,210000	5,706992E-1
9,215000	5,699492E-1
9,220000	5,686993E-1
9,225000	5,682826E-1
9,230000	5,679493E-1
9,235000	5,670327E-1
9,240000	5,649495E-1
9,245000	5,650328E-1
9,250000	5,641995E-1
9,255000	5,647828E-1
9,260000	5,612830E-1
9,265000	5,616997E-1
9,270000	5,604497E-1
9,275000	5,597831E-1
9,280000	5,586998E-1
9,285000	5,594498E-1
9,290000	5,570333E-1
9,295000	5,568666E-1
9,300000	5,546167E-1
9,305000	5,535335E-1
9,310000	5,531168E-1
9,315000	5,538668E-1
9,320000	5,517836E-1
9,325000	5,513669E-1
9,330000	5,507003E-1
9,335000	5,502003E-1
9,340000	5,482004E-1
9,345000	5,482004E-1
9,350000	5,472005E-1
9,355000	5,467005E-1
9,360000	5,459506E-1
9,365000	5,435340E-1
9,370000	5,441173E-1
9,375000	5,427841E-1
9,380000	5,409508E-1
9,385000	5,402842E-1
9,390000	5,401176E-1
9,395000	5,376177E-1
9,400000	5,369511E-1
9,405000	5,368677E-1
9,410000	5,364511E-1
9,415000	5,372844E-1
9,420000	5,357845E-1
9,425000	5,340346E-1
9,430000	5,337846E-1
9,435000	5,339512E-1
9,440000	5,318680E-1
9,445000	5,313680E-1
9,450000	5,309514E-1
9,455000	5,300348E-1
9,460000	5,286182E-1
9,465000	5,278682E-1
9,470000	5,270350E-1
9,475000	5,252017E-1
9,480000	5,242851E-1
9,485000	5,234518E-1
9,490000	5,232018E-1
9,495000	5,220352E-1
9,500000	5,198687E-1
9,505000	5,200353E-1
9,510000	5,187021E-1
9,515000	5,169522E-1
9,520000	5,165355E-1
9,525000	5,148690E-1
9,530000	5,149523E-1
9,535000	5,127024E-1
9,540000	5,111192E-1
9,545000	5,105359E-1
9,550000	5,113692E-1
9,555000	5,092026E-1
9,560000	5,076194E-1
9,565000	5,075361E-1
9,570000	5,074527E-1
9,575000	5,060361E-1
9,580000	5,055362E-1
9,585000	5,055362E-1
9,590000	5,041196E-1
9,595000	5,032863E-1
9,600000	5,028696E-1
9,605000	5,018697E-1
9,610000	5,010364E-1
9,615000	5,005364E-1
9,620000	4,985366E-1
9,625000	4,980366E-1
9,630000	4,975366E-1
9,635000	4,975366E-1
9,640000	4,954534E-1
9,645000	4,953701E-1
9,650000	4,942035E-1
9,655000	4,935368E-1
9,660000	4,918703E-1
9,665000	4,917869E-1
9,670000	4,903703E-1
9,675000	4,894537E-1
9,680000	4,887038E-1
9,685000	4,888704E-1
9,690000	4,867039E-1
9,695000	4,868705E-1
9,700000	4,847873E-1
9,705000	4,833707E-1
9,710000	4,828708E-1
9,715000	4,820375E-1
9,720000	4,814542E-1
9,725000	4,805376E-1
9,730000	4,792043E-1
9,735000	4,775377E-1
9,740000	4,768711E-1
9,745000	4,755378E-1
9,750000	4,747879E-1
9,755000	4,737046E-1
9,760000	4,727047E-1
9,765000	4,714547E-1
9,770000	4,715381E-1
9,775000	4,716214E-1
9,780000	4,690382E-1
9,785000	4,669550E-1
9,790000	4,675383E-1
9,795000	4,656217E-1
9,800000	4,645385E-1
9,805000	4,624553E-1
9,810000	4,614553E-1
9,815000	4,621219E-1
9,820000	4,593721E-1
9,825000	4,572889E-1
9,830000	4,564556E-1
9,835000	4,564556E-1
9,840000	4,550390E-1
9,845000	4,552890E-1
9,850000	4,531224E-1
9,855000	4,525391E-1
9,860000	4,506226E-1
9,865000	4,507059E-1
9,870000	4,491227E-1
9,875000	4,487060E-1
9,880000	4,482894E-1
9,885000	4,458728E-1
9,890000	4,456229E-1
9,895000	4,442896E-1
9,900000	4,427064E-1
9,905000	4,426230E-1
9,910000	4,422897E-1
9,915000	4,408731E-1
9,920000	4,389566E-1
9,925000	4,385399E-1
9,930000	4,379566E-1
9,935000	4,371233E-1
9,940000	4,362067E-1
9,945000	4,342068E-1
9,950000	4,349568E-1
9,955000	4,325403E-1
9,960000	4,327903E-1
9,965000	4,306237E-1
9,970000	4,310403E-1
9,975000	4,292071E-1
9,980000	4,266239E-1
9,985000	4,264573E-1
9,990000	4,257906E-1
9,995000	4,242907E-1
10,000000	4,240407E-1
10,005000	4,221242E-1
10,010000	4,198743E-1
10,015000	4,177911E-1
10,020000	4,171245E-1
10,025000	4,152912E-1
10,030000	4,145413E-1
10,035000	4,133747E-1
10,040000	4,125414E-1
10,045000	4,107915E-1
10,050000	4,101249E-1
10,055000	4,093749E-1
10,060000	4,088749E-1
10,065000	4,074583E-1
10,070000	4,055418E-1
10,075000	4,047918E-1
10,080000	4,032919E-1
10,085000	4,017087E-1
10,090000	4,018753E-1
10,095000	4,002087E-1
10,100000	3,986255E-1
10,105000	3,982089E-1
10,110000	3,971256E-1
10,115000	3,954590E-1
10,120000	3,950424E-1
10,125000	3,941258E-1
10,130000	3,912926E-1
10,135000	3,905426E-1
10,140000	3,897093E-1
10,145000	3,882928E-1
10,150000	3,869595E-1
10,155000	3,857096E-1
10,160000	3,861262E-1
10,165000	3,850429E-1
10,170000	3,843763E-1
10,175000	3,822098E-1
10,180000	3,814598E-1
10,185000	3,803765E-1
10,190000	3,797099E-1
10,195000	3,787933E-1
10,200000	3,777100E-1
10,205000	3,770434E-1
10,210000	3,750435E-1
10,215000	3,737102E-1
10,220000	3,726270E-1
10,225000	3,717103E-1
10,230000	3,701271E-1
10,235000	3,698771E-1
10,240000	3,684605E-1
10,245000	3,681272E-1
10,250000	3,672106E-1
10,255000	3,668773E-1
10,260000	3,652940E-1
10,265000	3,651274E-1
10,270000	3,642108E-1
10,275000	3,611276E-1
10,280000	3,613776E-1
10,285000	3,609610E-1
10,290000	3,611276E-1
10,295000	3,599610E-1
10,300000	3,574612E-1
10,305000	3,578778E-1
10,310000	3,560446E-1
10,315000	3,550446E-1
10,320000	3,536280E-1
10,325000	3,517948E-1
10,330000	3,509615E-1
10,335000	3,497949E-1
10,340000	3,499616E-1
10,345000	3,481283E-1
10,350000	3,490450E-1
10,355000	3,463784E-1
10,360000	3,449619E-1
10,365000	3,444619E-1
10,370000	3,436286E-1
10,375000	3,442119E-1
10,380000	3,424620E-1
10,385000	3,397121E-1
10,390000	3,388789E-1
10,395000	3,374623E-1
10,400000	3,366290E-1
10,405000	3,355457E-1
10,410000	3,367123E-1
10,415000	3,344624E-1
10,420000	3,342958E-1
10,425000	3,326292E-1
10,430000	3,325459E-1
10,435000	3,303793E-1
10,440000	3,303793E-1
10,445000	3,287128E-1
10,450000	3,271295E-1
10,455000	3,259629E-1
10,460000	3,245463E-1
10,465000	3,248796E-1
10,470000	3,237964E-1
10,475000	3,235464E-1
10,480000	3,220465E-1
10,485000	3,213798E-1
10,490000	3,202966E-1
10,495000	3,203799E-1
10,500000	3,190466E-1
10,505000	3,169634E-1
10,510000	3,172134E-1
10,515000	3,162135E-1
10,520000	3,157968E-1
10,525000	3,135470E-1
10,530000	3,125470E-1
10,535000	3,119637E-1
10,540000	3,099638E-1
10,545000	3,083806E-1
10,550000	3,081306E-1
10,555000	3,078806E-1
10,560000	3,052974E-1
10,565000	3,046308E-1
10,570000	3,037975E-1
10,575000	3,037975E-1
10,580000	3,007143E-1
10,585000	3,006310E-1
10,590000	2,986311E-1
10,595000	2,973812E-1
10,600000	2,970479E-1
10,605000	2,957979E-1
10,610000	2,955480E-1
10,615000	2,949647E-1
10,620000	2,942980E-1
10,625000	2,921315E-1
10,630000	2,927148E-1
10,635000	2,913815E-1
10,640000	2,896316E-1
10,645000	2,892150E-1
10,650000	2,895483E-1
10,655000	2,877151E-1
10,660000	2,872984E-1
10,665000	2,857152E-1
10,670000	2,862985E-1
10,675000	2,828820E-1
10,680000	2,814654E-1
10,685000	2,817154E-1
10,690000	2,808821E-1
10,695000	2,798822E-1
10,700000	2,777990E-1
10,705000	2,782156E-1
10,710000	2,777156E-1
10,715000	2,766324E-1
10,720000	2,756324E-1
10,725000	2,740492E-1
10,730000	2,717993E-1
10,735000	2,729659E-1
10,740000	2,709660E-1
10,745000	2,711327E-1
10,750000	2,702994E-1
10,755000	2,697161E-1
10,760000	2,675495E-1
10,765000	2,683828E-1
10,770000	2,671329E-1
10,775000	2,656330E-1
10,780000	2,655496E-1
10,785000	2,627998E-1
10,790000	2,642997E-1
10,795000	2,623832E-1
10,800000	2,617999E-1
10,805000	2,602999E-1
10,810000	2,616332E-1
10,815000	2,602999E-1
10,820000	2,592167E-1
10,825000	2,592167E-1
10,830000	2,579667E-1
10,835000	2,563002E-1
10,840000	2,555502E-1
10,845000	2,553836E-1
10,850000	2,553002E-1
10,855000	2,525504E-1
10,860000	2,518004E-1
10,865000	2,520504E-1
10,870000	2,520504E-1
10,875000	2,501338E-1
10,880000	2,493839E-1
10,885000	2,479673E-1
10,890000	2,469674E-1
10,895000	2,453841E-1
10,900000	2,435509E-1
10,905000	2,446342E-1
10,910000	2,428843E-1
10,915000	2,424676E-1
10,920000	2,398844E-1
10,925000	2,410510E-1
10,930000	2,402177E-1
10,935000	2,373012E-1
10,940000	2,362180E-1
10,945000	2,348014E-1
10,950000	2,338014E-1
10,955000	2,323848E-1
10,960000	2,317182E-1
10,965000	2,307183E-1
10,970000	2,293850E-1
10,975000	2,283017E-1
10,980000	2,267185E-1
10,985000	2,274685E-1
10,990000	2,248019E-1
10,995000	2,252186E-1
11,000000	2,240520E-1
11,005000	2,243020E-1
11,010000	2,227187E-1
11,015000	2,213021E-1
11,020000	2,211355E-1
11,025000	2,195522E-1
11,030000	2,188023E-1
11,035000	2,178857E-1
11,040000	2,158024E-1
11,045000	2,165524E-1
11,050000	2,138859E-1
11,055000	2,137192E-1
11,060000	2,137192E-1
11,065000	2,154691E-1
11,070000	2,122193E-1
11,075000	2,110527E-1
11,080000	2,095528E-1
11,085000	2,102194E-1
11,090000	2,090528E-1
11,095000	2,085528E-1
11,100000	2,066363E-1
11,105000	2,059697E-1
11,110000	2,068029E-1
11,115000	2,038031E-1
11,120000	2,027198E-1
11,125000	2,023865E-1
11,130000	2,018866E-1
11,135000	2,004700E-1
11,140000	1,996367E-1
11,145000	1,991367E-1
11,150000	1,983868E-1
11,155000	1,983868E-1
11,160000	1,970535E-1
11,165000	1,969702E-1
11,170000	1,964702E-1
11,175000	1,944703E-1
11,180000	1,942203E-1
11,185000	1,940537E-1
11,190000	1,933037E-1
11,195000	1,921371E-1
11,200000	1,920538E-1
11,205000	1,906372E-1
11,210000	1,908038E-1
11,215000	1,902205E-1
11,220000	1,887206E-1
11,225000	1,898872E-1
11,230000	1,884706E-1
11,235000	1,881373E-1
11,240000	1,868874E-1
11,245000	1,874707E-1
11,250000	1,864708E-1
11,255000	1,868041E-1
11,260000	1,854708E-1
11,265000	1,859708E-1
11,270000	1,856375E-1
11,275000	1,870541E-1
11,280000	1,874707E-1
11,285000	1,853042E-1
11,290000	1,869707E-1
11,295000	1,854708E-1
11,300000	1,850542E-1
11,305000	1,853875E-1
11,310000	1,848042E-1
11,315000	1,853042E-1
11,320000	1,838876E-1
11,325000	1,853875E-1
11,330000	1,838042E-1
11,335000	1,829710E-1
11,340000	1,838876E-1
11,345000	1,832209E-1
11,350000	1,823043E-1
11,355000	1,820543E-1
11,360000	1,836376E-1
11,365000	1,820543E-1
11,370000	1,821377E-1
11,375000	1,816377E-1
11,380000	1,791378E-1
11,385000	1,800545E-1
11,390000	1,788045E-1
11,395000	1,787212E-1
11,400000	1,764713E-1
11,405000	1,760547E-1
11,410000	1,769713E-1
11,415000	1,749714E-1
11,420000	1,739715E-1
11,425000	1,739715E-1
11,430000	1,728882E-1
11,435000	1,710550E-1
11,440000	1,711383E-1
11,445000	1,688884E-1
11,450000	1,678051E-1
11,455000	1,671385E-1
11,460000	1,668052E-1
11,465000	1,672218E-1
11,470000	1,662219E-1
11,475000	1,649720E-1
11,480000	1,623054E-1
11,485000	1,614722E-1
11,490000	1,600556E-1
11,495000	1,595556E-1
11,500000	1,575557E-1
11,505000	1,569724E-1
11,510000	1,560558E-1
11,515000	1,559725E-1
11,520000	1,540559E-1
11,525000	1,528060E-1
11,530000	1,517227E-1
11,535000	1,510561E-1
11,540000	1,489729E-1
11,545000	1,494728E-1
11,550000	1,483062E-1
11,555000	1,472230E-1
11,560000	1,461397E-1
11,565000	1,428899E-1
11,570000	1,428065E-1
11,575000	1,410566E-1
11,580000	1,393067E-1
11,585000	1,408067E-1
11,590000	1,398067E-1
11,595000	1,381401E-1
11,600000	1,356403E-1
11,605000	1,338904E-1
11,610000	1,340570E-1
11,615000	1,328071E-1
11,620000	1,326404E-1
11,625000	1,322238E-1
11,630000	1,309739E-1
11,635000	1,293073E-1
11,640000	1,283907E-1
11,645000	1,280574E-1
11,650000	1,270574E-1
11,655000	1,238909E-1
11,660000	1,240576E-1
11,665000	1,238076E-1
11,670000	1,235576E-1
11,675000	1,225577E-1
11,680000	1,203911E-1
11,685000	1,208078E-1
11,690000	1,198912E-1
11,695000	1,193912E-1
11,700000	1,179746E-1
11,705000	1,168913E-1
11,710000	1,164747E-1
11,715000	1,147248E-1
11,720000	1,142248E-1
11,725000	1,143081E-1
11,730000	1,143081E-1
11,735000	1,121416E-1
11,740000	1,110583E-1
11,745000	1,110583E-1
11,750000	1,116416E-1
11,755000	1,106417E-1
11,760000	1,101417E-1
11,765000	1,098084E-1
11,770000	1,081418E-1
11,775000	1,073085E-1
11,780000	1,063919E-1
11,785000	1,071419E-1
11,790000	1,065586E-1
11,795000	1,063086E-1
11,800000	1,036421E-1
11,805000	1,034754E-1
11,810000	1,028088E-1
11,815000	1,013922E-1
11,820000	1,023921E-1
11,825000	1,015589E-1
11,830000	1,017255E-1
11,835000	1,003089E-1
11,840000	9,947564E-2
11,845000	9,972563E-2
11,850000	9,797573E-2
11,855000	9,714244E-2
11,860000	9,739243E-2
11,865000	9,689246E-2
11,870000	9,639248E-2
11,875000	9,497590E-2
11,880000	9,322600E-2
11,885000	9,322600E-2
11,890000	9,439260E-2
11,895000	9,239271E-2
11,900000	9,172608E-2
11,905000	9,147609E-2
11,910000	9,005951E-2
11,915000	8,905956E-2
11,920000	8,864292E-2
11,925000	8,630972E-2
11,930000	8,789296E-2
11,935000	8,722633E-2
11,940000	8,572642E-2
11,945000	8,580975E-2
11,950000	8,430983E-2
11,955000	8,430983E-2
11,960000	8,380986E-2
11,965000	8,255993E-2
11,970000	8,264326E-2
11,975000	8,247660E-2
11,980000	8,022673E-2
11,985000	8,114334E-2
11,990000	7,997674E-2
11,995000	7,806018E-2
12,000000	7,706024E-2
12,005000	7,631028E-2
12,010000	7,772687E-2
12,015000	7,539366E-2
12,020000	7,531034E-2
12,025000	7,581031E-2
12,030000	7,472703E-2
12,035000	7,306046E-2
12,040000	7,289380E-2
12,045000	7,289380E-2
12,050000	7,222718E-2
12,055000	7,047727E-2
12,060000	7,056060E-2
12,065000	6,964399E-2
12,070000	7,039395E-2
12,075000	6,981064E-2
12,080000	6,889403E-2
12,085000	6,864404E-2
12,090000	6,822740E-2
12,095000	6,739411E-2
12,100000	6,572754E-2
12,105000	6,622751E-2
12,110000	6,547755E-2
12,115000	6,664416E-2
12,120000	6,414430E-2
12,125000	6,406097E-2
12,130000	6,347767E-2
12,135000	6,147778E-2
12,140000	6,172777E-2
12,145000	6,272771E-2
12,150000	6,114446E-2
12,155000	5,897792E-2
12,160000	5,889459E-2
12,165000	5,714469E-2
12,170000	5,847795E-2
12,175000	5,756133E-2
12,180000	5,672805E-2
12,185000	5,489482E-2
12,190000	5,506147E-2
12,195000	5,514480E-2
12,200000	5,314491E-2
12,205000	5,322824E-2
12,210000	5,247828E-2
12,215000	5,089504E-2
12,220000	5,081171E-2
12,225000	5,056173E-2
12,230000	5,006175E-2
12,235000	4,931180E-2
12,240000	4,797854E-2
12,245000	4,864517E-2
12,250000	4,906181E-2
12,255000	4,706192E-2
12,260000	4,781188E-2
12,265000	4,847851E-2
12,270000	4,672861E-2
12,275000	4,622864E-2
12,280000	4,589532E-2
12,285000	4,406209E-2
12,290000	4,531202E-2
12,295000	4,481205E-2
12,300000	4,439541E-2
12,305000	4,264550E-2
12,310000	4,372878E-2
12,315000	4,089560E-2
12,320000	4,114559E-2
12,325000	4,106226E-2
12,330000	4,097893E-2
12,335000	3,897904E-2
12,340000	3,914570E-2
12,345000	3,739580E-2
12,350000	3,697916E-2
12,355000	3,622920E-2
12,360000	3,589588E-2
12,365000	3,547924E-2
12,370000	3,506260E-2
12,375000	3,389600E-2
12,380000	3,297938E-2
12,385000	3,222942E-2
12,390000	3,164612E-2
12,395000	2,997955E-2
12,400000	3,039619E-2
12,405000	2,972956E-2
12,410000	2,856296E-2
12,415000	2,806299E-2
12,420000	2,722970E-2
12,425000	2,689639E-2
12,430000	2,622976E-2
12,435000	2,531314E-2
12,440000	2,306327E-2
12,445000	2,381323E-2
12,450000	2,322993E-2
12,455000	2,156336E-2
12,460000	1,989678E-2
12,465000	1,931348E-2
12,470000	1,881351E-2
12,475000	1,823021E-2
12,480000	1,731359E-2
12,485000	1,581368E-2
12,490000	1,523038E-2
12,495000	1,506372E-2
12,500000	1,523038E-2
12,505000	1,356380E-2
12,510000	1,381379E-2
12,515000	1,314716E-2
12,520000	1,214722E-2
12,525000	1,148059E-2
12,530000	1,089729E-2
12,535000	8,897400E-3
12,540000	8,814071E-3
12,545000	8,480757E-3
12,550000	6,980841E-3
12,555000	7,147498E-3
12,560000	6,564198E-3
12,565000	5,980897E-3
12,570000	6,564198E-3
12,575000	5,647583E-3
12,580000	4,230996E-3
12,585000	1,981122E-3
12,590000	2,647751E-3
12,595000	2,231108E-3
12,600000	4,812063E-4
12,605000	1,478917E-4
12,610000	-1,876565E-5
12,615000	-1,602010E-3
12,620000	-2,351968E-3
12,625000	-2,018653E-3
12,630000	-1,352024E-3
12,635000	-3,101926E-3
12,640000	-2,935268E-3
12,645000	-3,601898E-3
12,650000	-4,768499E-3
12,655000	-4,935156E-3
12,660000	-5,935100E-3
12,665000	-5,601785E-3
12,670000	-6,851715E-3
12,675000	-6,685058E-3
12,680000	-7,351687E-3
12,685000	-8,434959E-3
12,690000	-9,684889E-3
12,695000	-1,118480E-2
12,700000	-1,118480E-2
12,705000	-1,151812E-2
12,710000	-1,210142E-2
12,715000	-1,160145E-2
12,720000	-1,351801E-2
12,725000	-1,410131E-2
12,730000	-1,418464E-2
12,735000	-1,418464E-2
12,740000	-1,585121E-2
12,745000	-1,468461E-2
12,750000	-1,718447E-2
12,755000	-1,710114E-2
12,760000	-1,693448E-2
12,765000	-1,893437E-2
12,770000	-1,760111E-2
12,775000	-1,968433E-2
12,780000	-2,076760E-2
12,785000	-2,001764E-2
12,790000	-2,026763E-2
12,795000	-2,001764E-2
12,800000	-2,135090E-2
12,805000	-2,143423E-2
12,810000	-2,243417E-2
12,815000	-2,318413E-2
12,820000	-2,310080E-2
12,825000	-2,368410E-2
12,830000	-2,535068E-2
12,835000	-2,576732E-2
12,840000	-2,660061E-2
12,845000	-2,560066E-2
12,850000	-2,601730E-2
12,855000	-2,768388E-2
12,860000	-2,785054E-2
12,865000	-2,818385E-2
12,870000	-2,918379E-2
12,875000	-3,035039E-2
12,880000	-3,126701E-2
12,885000	-3,118368E-2
12,890000	-3,168365E-2
12,895000	-3,193364E-2
12,900000	-3,335023E-2
12,905000	-3,368354E-2
12,910000	-3,460016E-2
12,915000	-3,568343E-2
12,920000	-3,551677E-2
12,925000	-3,601674E-2
12,930000	-3,626673E-2
12,935000	-3,868326E-2
12,940000	-3,743333E-2
12,945000	-3,826662E-2
12,950000	-3,818329E-2
12,955000	-3,934989E-2
12,960000	-4,201641E-2
12,965000	-3,976653E-2
12,970000	-4,001652E-2
12,975000	-4,059982E-2
12,980000	-4,193308E-2
12,985000	-4,259971E-2
12,990000	-4,268304E-2
12,995000	-4,334966E-2
13,000000	-4,393297E-2
13,005000	-4,484958E-2
13,010000	-4,451627E-2
13,015000	-4,509957E-2
13,020000	-4,676614E-2
13,025000	-4,501624E-2
13,030000	-4,759943E-2
13,035000	-4,751610E-2
13,040000	-4,901601E-2
13,045000	-4,909934E-2
13,050000	-4,918267E-2
13,055000	-4,959931E-2
13,060000	-5,026594E-2
13,065000	-5,209917E-2
13,070000	-5,118256E-2
13,075000	-5,184919E-2
13,080000	-5,193252E-2
13,085000	-5,143254E-2
13,090000	-5,309912E-2
13,095000	-5,268247E-2
13,100000	-5,326577E-2
13,105000	-5,434905E-2
13,110000	-5,376575E-2
13,115000	-5,576563E-2
13,120000	-5,526566E-2
13,125000	-5,593229E-2
13,130000	-5,601562E-2
13,135000	-5,601562E-2
13,140000	-5,601562E-2
13,145000	-5,726555E-2
13,150000	-5,726555E-2
13,155000	-5,718222E-2
13,160000	-5,818216E-2
13,165000	-5,734888E-2
13,170000	-5,784885E-2
13,175000	-5,934877E-2
13,180000	-5,843215E-2
13,185000	-5,859881E-2
13,190000	-5,976541E-2
13,195000	-5,934877E-2
13,200000	-6,043204E-2
13,205000	-6,076535E-2
13,210000	-6,043204E-2
13,215000	-6,084868E-2
13,220000	-6,276524E-2
13,225000	-6,243193E-2
13,230000	-6,159864E-2
13,235000	-6,209861E-2
13,240000	-6,359853E-2
13,245000	-6,351520E-2
13,250000	-6,459847E-2
13,255000	-6,493179E-2
13,260000	-6,468180E-2
13,265000	-6,459847E-2
13,270000	-6,576507E-2
13,275000	-6,534843E-2
13,280000	-6,609839E-2
13,285000	-6,576507E-2
13,290000	-6,793162E-2
13,295000	-6,776496E-2
13,300000	-6,751497E-2
13,305000	-6,843159E-2
13,310000	-6,859825E-2
13,315000	-6,876490E-2
13,320000	-7,068146E-2
13,325000	-7,084812E-2
13,330000	-6,851492E-2
13,335000	-6,976485E-2
13,340000	-7,068146E-2
13,345000	-7,101478E-2
13,350000	-7,093145E-2
13,355000	-7,176473E-2
13,360000	-7,168141E-2
13,365000	-7,401461E-2
13,370000	-7,234804E-2
13,375000	-7,551452E-2
13,380000	-7,584784E-2
13,385000	-7,626448E-2
13,390000	-7,484789E-2
13,395000	-7,618115E-2
13,400000	-7,593117E-2
13,405000	-7,659780E-2
13,410000	-7,693111E-2
13,415000	-7,759774E-2
13,420000	-7,934764E-2
13,425000	-7,776440E-2
13,430000	-7,809771E-2
13,435000	-7,884767E-2
13,440000	-7,859768E-2
13,445000	-7,818104E-2
13,450000	-7,901433E-2
13,455000	-7,868101E-2
13,460000	-8,068090E-2
13,465000	-8,059757E-2
13,470000	-8,068090E-2
13,475000	-8,068090E-2
13,480000	-8,068090E-2
13,485000	-8,109754E-2
13,490000	-8,084756E-2
13,495000	-8,143086E-2
13,500000	-8,309743E-2
13,505000	-8,234747E-2
13,510000	-8,309743E-2
13,515000	-8,351407E-2
13,520000	-8,351407E-2
13,525000	-8,284745E-2
13,530000	-8,359740E-2
13,535000	-8,384739E-2
13,540000	-8,526398E-2
13,545000	-8,518065E-2
13,550000	-8,459735E-2
13,555000	-8,609726E-2
13,560000	-8,584728E-2
13,565000	-8,659723E-2
13,570000	-8,509732E-2
13,575000	-8,701388E-2
13,580000	-8,668056E-2
13,585000	-8,743052E-2
13,590000	-8,634725E-2
13,595000	-8,676389E-2
13,600000	-8,768051E-2
13,605000	-8,743052E-2
13,610000	-8,759718E-2
13,615000	-8,793049E-2
13,620000	-8,951374E-2
13,625000	-8,701388E-2
13,630000	-8,818048E-2
13,635000	-8,893044E-2
13,640000	-8,893044E-2
13,645000	-8,934708E-2
13,650000	-8,968039E-2
13,655000	-9,051368E-2
13,660000	-9,043035E-2
13,665000	-9,084700E-2
13,670000	-9,109698E-2
13,675000	-9,234691E-2
13,680000	-9,251357E-2
13,685000	-9,109698E-2
13,690000	-9,243024E-2
13,695000	-9,193027E-2
13,700000	-9,226358E-2
13,705000	-9,168028E-2
13,710000	-9,259690E-2
13,715000	-9,309687E-2
13,720000	-9,259690E-2
13,725000	-9,293021E-2
13,730000	-9,368017E-2
13,735000	-9,426347E-2
13,740000	-9,409681E-2
13,745000	-9,501343E-2
13,750000	-9,501343E-2
13,755000	-9,493010E-2
13,760000	-9,551340E-2
13,765000	-9,418014E-2
13,770000	-9,509676E-2
13,775000	-9,484677E-2
13,780000	-9,601337E-2
13,785000	-9,584672E-2
13,790000	-9,451346E-2
13,795000	-9,618003E-2
13,800000	-9,726330E-2
13,805000	-9,792993E-2
13,810000	-9,767995E-2
13,815000	-9,776327E-2
13,820000	-9,834657E-2
13,825000	-9,759662E-2
13,830000	-9,784660E-2
13,835000	-9,784660E-2
13,840000	-9,817992E-2
13,845000	-9,801326E-2
13,850000	-9,917986E-2
13,855000	-1,000965E-1
13,860000	-1,010964E-1
13,865000	-9,951318E-2
13,870000	-1,002631E-1
13,875000	-1,010131E-1
13,880000	-1,024297E-1
13,885000	-1,003465E-1
13,890000	-1,003465E-1
13,895000	-1,010131E-1
13,900000	-1,006798E-1
13,905000	-1,016797E-1
13,910000	-1,020130E-1
13,915000	-1,026797E-1
13,920000	-1,042629E-1
13,925000	-1,040129E-1
13,930000	-1,025130E-1
13,935000	-1,050129E-1
13,940000	-1,050129E-1
13,945000	-1,031796E-1
13,950000	-1,055128E-1
13,955000	-1,059295E-1
13,960000	-1,052629E-1
13,965000	-1,038463E-1
13,970000	-1,040129E-1
13,975000	-1,065128E-1
13,980000	-1,050129E-1
13,985000	-1,073461E-1
13,990000	-1,060961E-1
13,995000	-1,073461E-1
14,000000	-1,057628E-1
14,005000	-1,070128E-1
14,010000	-1,051795E-1
14,015000	-1,054295E-1
14,020000	-1,065128E-1
14,025000	-1,069294E-1
14,030000	-1,066794E-1
14,035000	-1,090126E-1
14,040000	-1,080960E-1
14,045000	-1,090126E-1
14,050000	-1,080127E-1
14,055000	-1,095126E-1
14,060000	-1,087627E-1
14,065000	-1,093460E-1
14,070000	-1,088460E-1
14,075000	-1,093460E-1
14,080000	-1,101792E-1
14,085000	-1,096793E-1
14,090000	-1,094293E-1
14,095000	-1,100959E-1
14,100000	-1,110125E-1
14,105000	-1,102626E-1
14,110000	-1,105126E-1
14,115000	-1,118458E-1
14,120000	-1,113458E-1
14,125000	-1,108459E-1
14,130000	-1,096793E-1
14,135000	-1,120958E-1
14,140000	-1,122625E-1
14,145000	-1,121791E-1
14,150000	-1,121791E-1
14,155000	-1,130124E-1
14,160000	-1,123458E-1
14,165000	-1,138457E-1
14,170000	-1,131791E-1
14,175000	-1,123458E-1
14,180000	-1,131791E-1
14,185000	-1,140957E-1
14,190000	-1,135124E-1
14,195000	-1,138457E-1
14,200000	-1,132624E-1
14,205000	-1,143457E-1
14,210000	-1,138457E-1
14,215000	-1,145957E-1
14,220000	-1,123458E-1
14,225000	-1,135957E-1
14,230000	-1,142623E-1
14,235000	-1,130124E-1
14,240000	-1,148456E-1
14,245000	-1,140124E-1
14,250000	-1,145957E-1
14,255000	-1,149290E-1
14,260000	-1,143457E-1
14,265000	-1,147623E-1
14,270000	-1,150956E-1
14,275000	-1,138457E-1
14,280000	-1,147623E-1
14,285000	-1,149290E-1
14,290000	-1,145957E-1
14,295000	-1,150123E-1
14,300000	-1,161789E-1
14,305000	-1,157623E-1
14,310000	-1,153456E-1
14,315000	-1,151790E-1
14,320000	-1,160956E-1
14,325000	-1,146790E-1
14,330000	-1,159289E-1
14,335000	-1,160956E-1
14,340000	-1,157623E-1
14,345000	-1,142623E-1
14,350000	-1,152623E-1
14,355000	-1,163456E-1
14,360000	-1,165122E-1
14,365000	-1,152623E-1
14,370000	-1,155123E-1
14,375000	-1,165955E-1
14,380000	-1,170955E-1
14,385000	-1,170955E-1
14,390000	-1,165955E-1
14,395000	-1,160956E-1
14,400000	-1,168455E-1
14,405000	-1,170955E-1
14,410000	-1,175955E-1
14,415000	-1,163456E-1
14,420000	-1,178455E-1
14,425000	-1,175955E-1
14,430000	-1,167622E-1
14,435000	-1,169289E-1
14,440000	-1,180955E-1
14,445000	-1,186788E-1
14,450000	-1,180955E-1
14,455000	-1,189288E-1
14,460000	-1,177622E-1
14,465000	-1,185954E-1
14,470000	-1,184288E-1
14,475000	-1,190121E-1
14,480000	-1,181788E-1
14,485000	-1,179288E-1
14,490000	-1,185954E-1
14,495000	-1,190954E-1
14,500000	-1,195954E-1
14,505000	-1,182621E-1
14,510000	-1,190954E-1
14,515000	-1,206787E-1
14,520000	-1,199287E-1
14,525000	-1,205120E-1
14,530000	-1,210120E-1
14,535000	-1,200954E-1
14,540000	-1,195954E-1
14,545000	-1,202620E-1
14,550000	-1,200120E-1
14,555000	-1,204287E-1
14,560000	-1,210120E-1
14,565000	-1,200120E-1
14,570000	-1,186788E-1
14,575000	-1,209286E-1
14,580000	-1,200120E-1
14,585000	-1,210120E-1
14,590000	-1,211786E-1
14,595000	-1,195121E-1
14,600000	-1,207620E-1
14,605000	-1,210953E-1
14,610000	-1,209286E-1
14,615000	-1,211786E-1
14,620000	-1,214286E-1
14,625000	-1,211786E-1
14,630000	-1,219286E-1
14,635000	-1,218453E-1
14,640000	-1,210120E-1
14,645000	-1,211786E-1
14,650000	-1,205953E-1
14,655000	-1,210120E-1
14,660000	-1,225119E-1
14,665000	-1,223452E-1
14,670000	-1,214286E-1
14,675000	-1,210953E-1
14,680000	-1,219286E-1
14,685000	-1,220952E-1
14,690000	-1,213453E-1
14,695000	-1,210953E-1
14,700000	-1,221786E-1
14,705000	-1,223452E-1
14,710000	-1,210120E-1
14,715000	-1,229285E-1
14,720000	-1,225119E-1
14,725000	-1,222619E-1
14,730000	-1,213453E-1
14,735000	-1,240951E-1
14,740000	-1,230119E-1
14,745000	-1,224286E-1
14,750000	-1,210120E-1
14,755000	-1,224286E-1
14,760000	-1,222619E-1
14,765000	-1,220952E-1
14,770000	-1,222619E-1
14,775000	-1,216786E-1
14,780000	-1,219286E-1
14,785000	-1,229285E-1
14,790000	-1,228452E-1
14,795000	-1,217619E-1
14,800000	-1,225952E-1
14,805000	-1,229285E-1
14,810000	-1,211786E-1
14,815000	-1,239285E-1
14,820000	-1,231785E-1
14,825000	-1,220119E-1
14,830000	-1,225119E-1
14,835000	-1,232618E-1
14,840000	-1,242618E-1
14,845000	-1,240951E-1
14,850000	-1,247618E-1
14,855000	-1,241785E-1
14,860000	-1,245118E-1
14,865000	-1,240118E-1
14,870000	-1,249284E-1
14,875000	-1,229285E-1
14,880000	-1,251784E-1
14,885000	-1,241785E-1
14,890000	-1,240118E-1
14,895000	-1,235952E-1
14,900000	-1,235952E-1
14,905000	-1,246784E-1
14,910000	-1,260117E-1
14,915000	-1,243451E-1
14,920000	-1,242618E-1
14,925000	-1,248451E-1
14,930000	-1,245118E-1
14,935000	-1,245951E-1
14,940000	-1,246784E-1
14,945000	-1,243451E-1
14,950000	-1,242618E-1
14,955000	-1,247618E-1
14,960000	-1,251784E-1
14,965000	-1,254284E-1
14,970000	-1,253451E-1
14,975000	-1,265950E-1
14,980000	-1,264283E-1
14,985000	-1,264283E-1
14,990000	-1,274283E-1
14,995000	-1,257617E-1
15,000000	-1,272616E-1
15,005000	-1,261783E-1
15,010000	-1,260117E-1
15,015000	-1,277616E-1
15,020000	-1,273449E-1
15,025000	-1,259284E-1
15,030000	-1,258450E-1
15,035000	-1,270116E-1
15,040000	-1,276783E-1
15,045000	-1,260117E-1
15,050000	-1,259284E-1
15,055000	-1,290948E-1
15,060000	-1,285949E-1
15,065000	-1,266783E-1
15,070000	-1,259284E-1
15,075000	-1,259284E-1
15,080000	-1,274283E-1
15,085000	-1,272616E-1
15,090000	-1,266783E-1
15,095000	-1,265950E-1
15,100000	-1,271783E-1
15,105000	-1,284282E-1
15,110000	-1,275949E-1
15,115000	-1,273449E-1
15,120000	-1,280116E-1
15,125000	-1,278449E-1
15,130000	-1,269283E-1
15,135000	-1,272616E-1
15,140000	-1,279282E-1
15,145000	-1,269283E-1
15,150000	-1,272616E-1
15,155000	-1,292615E-1
15,160000	-1,290115E-1
15,165000	-1,279282E-1
15,170000	-1,288449E-1
15,175000	-1,288449E-1
15,180000	-1,288449E-1
15,185000	-1,276783E-1
15,190000	-1,282616E-1
15,195000	-1,290948E-1
15,200000	-1,279282E-1
15,205000	-1,280949E-1
15,210000	-1,288449E-1
15,215000	-1,285949E-1
15,220000	-1,282616E-1
15,225000	-1,286782E-1
15,230000	-1,270116E-1
15,235000	-1,280116E-1
15,240000	-1,295115E-1
15,245000	-1,290115E-1
15,250000	-1,295948E-1
15,255000	-1,291782E-1
15,260000	-1,300115E-1
15,265000	-1,285949E-1
15,270000	-1,285949E-1
15,275000	-1,301781E-1
15,280000	-1,300948E-1
15,285000	-1,299281E-1
15,290000	-1,301781E-1
15,295000	-1,303448E-1
15,300000	-1,304281E-1
15,305000	-1,289282E-1
15,310000	-1,303448E-1
15,315000	-1,308447E-1
15,320000	-1,300948E-1
15,325000	-1,311781E-1
15,330000	-1,303448E-1
15,335000	-1,285115E-1
15,340000	-1,297615E-1
15,345000	-1,304281E-1
15,350000	-1,296781E-1
15,355000	-1,311781E-1
15,360000	-1,304281E-1
15,365000	-1,295115E-1
15,370000	-1,309281E-1
15,375000	-1,301781E-1
15,380000	-1,303448E-1
15,385000	-1,311781E-1
15,390000	-1,307614E-1
15,395000	-1,314280E-1
15,400000	-1,316780E-1
15,405000	-1,318447E-1
15,410000	-1,312614E-1
15,415000	-1,307614E-1
15,420000	-1,316780E-1
15,425000	-1,325113E-1
15,430000	-1,313447E-1
15,435000	-1,333446E-1
15,440000	-1,328446E-1
15,445000	-1,315114E-1
15,450000	-1,315114E-1
15,455000	-1,324280E-1
15,460000	-1,319280E-1
15,465000	-1,317614E-1
15,470000	-1,311781E-1
15,475000	-1,326780E-1
15,480000	-1,323447E-1
15,485000	-1,325947E-1
15,490000	-1,330946E-1
15,495000	-1,325947E-1
15,500000	-1,324280E-1
15,505000	-1,313447E-1
15,510000	-1,327613E-1
15,515000	-1,343446E-1
15,520000	-1,329280E-1
15,525000	-1,340112E-1
15,530000	-1,325947E-1
15,535000	-1,336779E-1
15,540000	-1,342612E-1
15,545000	-1,315114E-1
15,550000	-1,340946E-1
15,555000	-1,337613E-1
15,560000	-1,334279E-1
15,565000	-1,330946E-1
15,570000	-1,322613E-1
15,575000	-1,335113E-1
15,580000	-1,339279E-1
15,585000	-1,327613E-1
15,590000	-1,335946E-1
15,595000	-1,334279E-1
15,600000	-1,340112E-1
15,605000	-1,340946E-1
15,610000	-1,334279E-1
15,615000	-1,325113E-1
15,620000	-1,337613E-1
15,625000	-1,328446E-1
15,630000	-1,335946E-1
15,635000	-1,340112E-1
15,640000	-1,345945E-1
15,645000	-1,341779E-1
15,650000	-1,338446E-1
15,655000	-1,353445E-1
15,660000	-1,341779E-1
15,665000	-1,330946E-1
15,670000	-1,339279E-1
15,675000	-1,341779E-1
15,680000	-1,346779E-1
15,685000	-1,322613E-1
15,690000	-1,331780E-1
15,695000	-1,327613E-1
15,700000	-1,340112E-1
15,705000	-1,335113E-1
15,710000	-1,337613E-1
15,715000	-1,325113E-1
15,720000	-1,342612E-1
15,725000	-1,331780E-1
15,730000	-1,333446E-1
15,735000	-1,351778E-1
15,740000	-1,340946E-1
15,745000	-1,338446E-1
15,750000	-1,339279E-1
15,755000	-1,355112E-1
15,760000	-1,351778E-1
15,765000	-1,340112E-1
15,770000	-1,335946E-1
15,775000	-1,347612E-1
15,780000	-1,345945E-1
15,785000	-1,355945E-1
15,790000	-1,350945E-1
15,795000	-1,350112E-1
15,800000	-1,351778E-1
15,805000	-1,350945E-1
15,810000	-1,364278E-1
15,815000	-1,354278E-1
15,820000	-1,360111E-1
15,825000	-1,350945E-1
15,830000	-1,347612E-1
15,835000	-1,355945E-1
15,840000	-1,366778E-1
15,845000	-1,345112E-1
15,850000	-1,355945E-1
15,855000	-1,359278E-1
15,860000	-1,357611E-1
15,865000	-1,353445E-1
15,870000	-1,354278E-1
15,875000	-1,359278E-1
15,880000	-1,361778E-1
15,885000	-1,352612E-1
15,890000	-1,364278E-1
15,895000	-1,374277E-1
15,900000	-1,363444E-1
15,905000	-1,349279E-1
15,910000	-1,360945E-1
15,915000	-1,360945E-1
15,920000	-1,365944E-1
15,925000	-1,346779E-1
15,930000	-1,360945E-1
15,935000	-1,360945E-1
15,940000	-1,366778E-1
15,945000	-1,365944E-1
15,950000	-1,352612E-1
15,955000	-1,379277E-1
15,960000	-1,370944E-1
15,965000	-1,378444E-1
15,970000	-1,368444E-1
15,975000	-1,371777E-1
15,980000	-1,385943E-1
15,985000	-1,369277E-1
15,990000	-1,374277E-1
15,995000	-1,375110E-1
16,000000	-1,369277E-1
16,005000	-1,374277E-1
16,010000	-1,368444E-1
16,015000	-1,385943E-1
16,020000	-1,378444E-1
16,025000	-1,370944E-1
16,030000	-1,377610E-1
16,035000	-1,378444E-1
16,040000	-1,373444E-1
16,045000	-1,373444E-1
16,050000	-1,380943E-1
16,055000	-1,398442E-1
16,060000	-1,385943E-1
16,065000	-1,398442E-1
16,070000	-1,379277E-1
16,075000	-1,386776E-1
16,080000	-1,391776E-1
16,085000	-1,387610E-1
16,090000	-1,377610E-1
16,095000	-1,377610E-1
16,100000	-1,388443E-1
16,105000	-1,390943E-1
16,110000	-1,379277E-1
16,115000	-1,380110E-1
16,120000	-1,390110E-1
16,125000	-1,382610E-1
16,130000	-1,385110E-1
16,135000	-1,379277E-1
16,140000	-1,381777E-1
16,145000	-1,386776E-1
16,150000	-1,378444E-1
16,155000	-1,397609E-1
16,160000	-1,388443E-1
16,165000	-1,380110E-1
16,170000	-1,388443E-1
16,175000	-1,385110E-1
16,180000	-1,395943E-1
16,185000	-1,385943E-1
16,190000	-1,390943E-1
16,195000	-1,395109E-1
16,200000	-1,406775E-1
16,205000	-1,396776E-1
16,210000	-1,390110E-1
16,215000	-1,400942E-1
16,220000	-1,400942E-1
16,225000	-1,391776E-1
16,230000	-1,399276E-1
16,235000	-1,402609E-1
16,240000	-1,402609E-1
16,245000	-1,400942E-1
16,250000	-1,396776E-1
16,255000	-1,399276E-1
16,260000	-1,417608E-1
16,265000	-1,417608E-1
16,270000	-1,410942E-1
16,275000	-1,417608E-1
16,280000	-1,405109E-1
16,285000	-1,400942E-1
16,290000	-1,412608E-1
16,295000	-1,415941E-1
16,300000	-1,415941E-1
16,305000	-1,411775E-1
16,310000	-1,407609E-1
16,315000	-1,417608E-1
16,320000	-1,420941E-1
16,325000	-1,413442E-1
16,330000	-1,411775E-1
16,335000	-1,425941E-1
16,340000	-1,414275E-1
16,345000	-1,428441E-1
16,350000	-1,428441E-1
16,355000	-1,436774E-1
16,360000	-1,421774E-1
16,365000	-1,425108E-1
16,370000	-1,430941E-1
16,375000	-1,435107E-1
16,380000	-1,439273E-1
16,385000	-1,430941E-1
16,390000	-1,421774E-1
16,395000	-1,443440E-1
16,400000	-1,424274E-1
16,405000	-1,419275E-1
16,410000	-1,408442E-1
16,415000	-1,424274E-1
16,420000	-1,436774E-1
16,425000	-1,407609E-1
16,430000	-1,428441E-1
16,435000	-1,433440E-1
16,440000	-1,429274E-1
16,445000	-1,429274E-1
16,450000	-1,414275E-1
16,455000	-1,417608E-1
16,460000	-1,430941E-1
16,465000	-1,431774E-1
16,470000	-1,419275E-1
16,475000	-1,420108E-1
16,480000	-1,430107E-1
16,485000	-1,425108E-1
16,490000	-1,434274E-1
16,495000	-1,426774E-1
16,500000	-1,429274E-1
16,505000	-1,441773E-1
16,510000	-1,439273E-1
16,515000	-1,441773E-1
16,520000	-1,436774E-1
16,525000	-1,424274E-1
16,530000	-1,426774E-1
16,535000	-1,440940E-1
16,540000	-1,425941E-1
16,545000	-1,424274E-1
16,550000	-1,420941E-1
16,555000	-1,438440E-1
16,560000	-1,445106E-1
16,565000	-1,426774E-1
16,570000	-1,425941E-1
16,575000	-1,438440E-1
16,580000	-1,439273E-1
16,585000	-1,440940E-1
16,590000	-1,430107E-1
16,595000	-1,445940E-1
16,600000	-1,440107E-1
16,605000	-1,430941E-1
16,610000	-1,432607E-1
16,615000	-1,436774E-1
16,620000	-1,450106E-1
16,625000	-1,432607E-1
16,630000	-1,432607E-1
16,635000	-1,428441E-1
16,640000	-1,440107E-1
16,645000	-1,439273E-1
16,650000	-1,430941E-1
16,655000	-1,431774E-1
16,660000	-1,425941E-1
16,665000	-1,442607E-1
16,670000	-1,434274E-1
16,675000	-1,436774E-1
16,680000	-1,447606E-1
16,685000	-1,435107E-1
16,690000	-1,438440E-1
16,695000	-1,445106E-1
16,700000	-1,441773E-1
16,705000	-1,423441E-1
16,710000	-1,435107E-1
16,715000	-1,450106E-1
16,720000	-1,435107E-1
16,725000	-1,438440E-1
16,730000	-1,427607E-1
16,735000	-1,445106E-1
16,740000	-1,434274E-1
16,745000	-1,425941E-1
16,750000	-1,420108E-1
16,755000	-1,437607E-1
16,760000	-1,430941E-1
16,765000	-1,436774E-1
16,770000	-1,439273E-1
16,775000	-1,422608E-1
16,780000	-1,435107E-1
16,785000	-1,439273E-1
16,790000	-1,420941E-1
16,795000	-1,425941E-1
16,800000	-1,434274E-1
16,805000	-1,419275E-1
16,810000	-1,415941E-1
16,815000	-1,412608E-1
16,820000	-1,433440E-1
16,825000	-1,422608E-1
16,830000	-1,429274E-1
16,835000	-1,428441E-1
16,840000	-1,420941E-1
16,845000	-1,417608E-1
16,850000	-1,419275E-1
16,855000	-1,420941E-1
16,860000	-1,424274E-1
16,865000	-1,431774E-1
16,870000	-1,416775E-1
16,875000	-1,410942E-1
16,880000	-1,425108E-1
16,885000	-1,408442E-1
16,890000	-1,417608E-1
16,895000	-1,425941E-1
16,900000	-1,432607E-1
16,905000	-1,423441E-1
16,910000	-1,424274E-1
16,915000	-1,432607E-1
16,920000	-1,423441E-1
16,925000	-1,414275E-1
16,930000	-1,419275E-1
16,935000	-1,436774E-1
16,940000	-1,438440E-1
16,945000	-1,417608E-1
16,950000	-1,425941E-1
16,955000	-1,438440E-1
16,960000	-1,440107E-1
16,965000	-1,422608E-1
16,970000	-1,419275E-1
16,975000	-1,431774E-1
16,980000	-1,428441E-1
16,985000	-1,432607E-1
16,990000	-1,426774E-1
16,995000	-1,436774E-1
17,000000	-1,435940E-1
17,005000	-1,435940E-1
17,010000	-1,416775E-1
17,015000	-1,424274E-1
17,020000	-1,426774E-1
17,025000	-1,421774E-1
17,030000	-1,430107E-1
17,035000	-1,439273E-1
17,040000	-1,425108E-1
17,045000	-1,421774E-1
17,050000	-1,437607E-1
17,055000	-1,427607E-1
17,060000	-1,431774E-1
17,065000	-1,415941E-1
17,070000	-1,429274E-1
17,075000	-1,435940E-1
17,080000	-1,422608E-1
17,085000	-1,410942E-1
17,090000	-1,416775E-1
17,095000	-1,424274E-1
17,100000	-1,420941E-1
17,105000	-1,428441E-1
17,110000	-1,432607E-1
17,115000	-1,422608E-1
17,120000	-1,432607E-1
17,125000	-1,440940E-1
17,130000	-1,431774E-1
17,135000	-1,432607E-1
17,140000	-1,433440E-1
17,145000	-1,432607E-1
17,150000	-1,428441E-1
17,155000	-1,433440E-1
17,160000	-1,427607E-1
17,165000	-1,431774E-1
17,170000	-1,435940E-1
17,175000	-1,425941E-1
17,180000	-1,441773E-1
17,185000	-1,420941E-1
17,190000	-1,427607E-1
17,195000	-1,436774E-1
17,200000	-1,432607E-1
17,205000	-1,436774E-1
17,210000	-1,430107E-1
17,215000	-1,439273E-1
17,220000	-1,440107E-1
17,225000	-1,425108E-1
17,230000	-1,434274E-1
17,235000	-1,430941E-1
17,240000	-1,445106E-1
17,245000	-1,430941E-1
17,250000	-1,430941E-1
17,255000	-1,421774E-1
17,260000	-1,443440E-1
17,265000	-1,428441E-1
17,270000	-1,420108E-1
17,275000	-1,423441E-1
17,280000	-1,429274E-1
17,285000	-1,410942E-1
17,290000	-1,430941E-1
17,295000	-1,435107E-1

