Record Length,2500,Points,0.0,-5.11999989,
Sample Interval,19.9999996E-3,s,19.9999996E-3,-5.11999989,
Trigger Point,0.0,Samples,39.99999911E-3,-319.99999285E-3,
,,,59.999998659E-3,280.00000119E-3,
,,,79.999998212E-3,-280.00000119E-3,
,,,99.999994040E-3,319.99999285E-3,
Source,CH2,,119.9999973E-3,-280.00000119E-3,
Vertical Units,Volts,,140.0000006E-3,280.00000119E-3,
Vertical Scale,999.999977648E-3,,159.99999642E-3,-319.99999285E-3,
Vertical Offset,0,,179.99999225E-3,319.99999285E-3,
Horizontal Units,s,,199.99998808E-3,-280.00000119E-3,
Horizontal Scale,4.99999989,,219.99999881E-3,319.99999285E-3,
Pt Fmt,Y,,239.99999464E-3,-280.00000119E-3,
Yzero,0.0,,259.99999046E-3,319.99999285E-3,
Probe Atten,1.000000,,280.00000119E-3,-280.00000119E-3,
,,,299.99998212E-3,280.00000119E-3,
Note,TBS 1052B-EDU - 02:07:39 p.m.   14/11/2022,,319.99999285E-3,-359.99998450E-3,
,,,340.00000358E-3,280.00000119E-3,
,,,359.99998450E-3,-280.00000119E-3,
,,,379.99999523E-3,359.99998450E-3,
,,,399.99997616E-3,-280.00000119E-3,
,,,419.999986887E-3,319.99999285E-3,
,,,439.999997616E-3,-280.00000119E-3,
,,,459.999978542E-3,319.99999285E-3,
,,,479.999989271E-3,-280.00000119E-3,
,,,500.000000000E-3,319.99999285E-3,
,,,519.999980927E-3,-280.00000119E-3,
,,,539.999961853E-3,280.00000119E-3,
,,,560.000002384E-3,-280.00000119E-3,
,,,579.999983311E-3,319.99999285E-3,
,,,599.999964237E-3,-319.99999285E-3,
,,,620.000004768E-3,280.00000119E-3,
,,,639.999985695E-3,-280.00000119E-3,
,,,659.999966621E-3,280.00000119E-3,
,,,680.000007153E-3,-79.999998212E-3,
,,,699.999988079E-3,119.9999973E-3,
,,,719.999969006E-3,-119.9999973E-3,
,,,740.000009537E-3,119.9999973E-3,
,,,759.999990463E-3,-79.999998212E-3,
,,,779.999971390E-3,119.9999973E-3,
,,,799.999952316E-3,-79.999998212E-3,
,,,819.999992847E-3,119.9999973E-3,
,,,839.999973774E-3,-119.9999973E-3,
,,,859.999954700E-3,119.9999973E-3,
,,,879.999995232E-3,-79.999998212E-3,
,,,899.999976158E-3,119.9999973E-3,
,,,919.999957085E-3,-79.999998212E-3,
,,,939.999997616E-3,119.9999973E-3,
,,,959.999978542E-3,-79.999998212E-3,
,,,979.999959469E-3,119.9999973E-3,
,,,1.000000,-79.999998212E-3,
,,,1.0200000,119.9999973E-3,
,,,1.0400000,-79.999998212E-3,
,,,1.0599999,119.9999973E-3,
,,,1.0799999,-79.999998212E-3,
,,,1.1000000,119.9999973E-3,
,,,1.1200000,-79.999998212E-3,
,,,1.1400000,119.9999973E-3,
,,,1.1600000,-79.999998212E-3,
,,,1.1799999,119.9999973E-3,
,,,1.1999999,-79.999998212E-3,
,,,1.2200000,119.9999973E-3,
,,,1.2400000,-119.9999973E-3,
,,,1.2600000,119.9999973E-3,
,,,1.2800000,-79.999998212E-3,
,,,1.3000000,119.9999973E-3,
,,,1.3199999,-79.999998212E-3,
,,,1.3399999,119.9999973E-3,
,,,1.3600000,-79.999998212E-3,
,,,1.3800000,119.9999973E-3,
,,,1.4000000,-79.999998212E-3,
,,,1.4200000,119.9999973E-3,
,,,1.4399999,-79.999998212E-3,
,,,1.4599999,119.9999973E-3,
,,,1.4800000,-79.999998212E-3,
,,,1.5000000,119.9999973E-3,
,,,1.5200000,-79.999998212E-3,
,,,1.5400000,119.9999973E-3,
,,,1.5599999,-79.999998212E-3,
,,,1.5799999,119.9999973E-3,
,,,1.5999999,-79.999998212E-3,
,,,1.6200000,119.9999973E-3,
,,,1.6400000,-79.999998212E-3,
,,,1.6600000,119.9999973E-3,
,,,1.6799999,-119.9999973E-3,
,,,1.6999999,79.999998212E-3,
,,,1.7199999,-79.999998212E-3,
,,,1.7400000,119.9999973E-3,
,,,1.7600000,-119.9999973E-3,
,,,1.7800000,119.9999973E-3,
,,,1.8000000,-119.9999973E-3,
,,,1.8199999,119.9999973E-3,
,,,1.8399999,-79.999998212E-3,
,,,1.8600000,119.9999973E-3,
,,,1.8800000,-79.999998212E-3,
,,,1.9000000,119.9999973E-3,
,,,1.9200000,-79.999998212E-3,
,,,1.9399999,119.9999973E-3,
,,,1.9599999,-79.999998212E-3,
,,,1.9799999,119.9999973E-3,
,,,2.0000000,-79.999998212E-3,
,,,2.0200000,119.9999973E-3,
,,,2.0400000,-79.999998212E-3,
,,,2.0599999,119.9999973E-3,
,,,2.0799999,-119.9999973E-3,
,,,2.0999999,119.9999973E-3,
,,,2.1199999,-119.9999973E-3,
,,,2.1399999,159.99999642E-3,
,,,2.1599998,-119.9999973E-3,
,,,2.1800001,119.9999973E-3,
,,,2.2000000,-79.999998212E-3,
,,,2.2200000,119.9999973E-3,
,,,2.2400000,-119.9999973E-3,
,,,2.2600000,119.9999973E-3,
,,,2.2800000,-79.999998212E-3,
,,,2.3000000,119.9999973E-3,
,,,2.3199999,-79.999998212E-3,
,,,2.3399999,119.9999973E-3,
,,,2.3599999,-79.999998212E-3,
,,,2.3799999,119.9999973E-3,
,,,2.3999999,-79.999998212E-3,
,,,2.4199998,119.9999973E-3,
,,,2.4400001,-79.999998212E-3,
,,,2.4600000,119.9999973E-3,
,,,2.4800000,-79.999998212E-3,
,,,2.5000000,119.9999973E-3,
,,,2.5200000,-119.9999973E-3,
,,,2.5400000,119.9999973E-3,
,,,2.5599999,-119.9999973E-3,
,,,2.5799999,119.9999973E-3,
,,,2.5999999,-119.9999973E-3,
,,,2.6199999,119.9999973E-3,
,,,2.6399999,-119.9999973E-3,
,,,2.6599998,119.9999973E-3,
,,,2.6799998,-79.999998212E-3,
,,,2.7000000,119.9999973E-3,
,,,2.72000003,-79.999998212E-3,
,,,2.74000001,119.9999973E-3,
,,,2.75999999,-79.999998212E-3,
,,,2.77999997,119.9999973E-3,
,,,2.79999995,-79.999998212E-3,
,,,2.81999993,119.9999973E-3,
,,,2.83999991,-79.999998212E-3,
,,,2.85999990,119.9999973E-3,
,,,2.87999988,-79.999998212E-3,
,,,2.89999986,119.9999973E-3,
,,,2.91999984,-79.999998212E-3,
,,,2.93999982,119.9999973E-3,
,,,2.96000004,-79.999998212E-3,
,,,2.98000002,119.9999973E-3,
,,,3.00000000,-119.9999973E-3,
,,,3.01999998,119.9999973E-3,
,,,3.03999996,-79.999998212E-3,
,,,3.05999994,119.9999973E-3,
,,,3.07999992,-79.999998212E-3,
,,,3.09999990,119.9999973E-3,
,,,3.11999989,-119.9999973E-3,
,,,3.13999987,159.99999642E-3,
,,,3.15999985,-79.999998212E-3,
,,,3.17999983,119.9999973E-3,
,,,3.19999981,-79.999998212E-3,
,,,3.22000003,119.9999973E-3,
,,,3.24000001,-119.9999973E-3,
,,,3.25999999,119.9999973E-3,
,,,3.27999997,-79.999998212E-3,
,,,3.29999995,119.9999973E-3,
,,,3.31999993,-119.9999973E-3,
,,,3.33999991,119.9999973E-3,
,,,3.35999990,-119.9999973E-3,
,,,3.37999988,119.9999973E-3,
,,,3.39999986,-79.999998212E-3,
,,,3.41999984,159.99999642E-3,
,,,3.43999982,-119.9999973E-3,
,,,3.46000004,119.9999973E-3,
,,,3.48000002,-119.9999973E-3,
,,,3.50000000,119.9999973E-3,
,,,3.51999998,-119.9999973E-3,
,,,3.53999996,119.9999973E-3,
,,,3.55999994,-119.9999973E-3,
,,,3.57999992,79.999998212E-3,
,,,3.59999990,-79.999998212E-3,
,,,3.61999989,119.9999973E-3,
,,,3.63999987,-119.9999973E-3,
,,,3.65999985,119.9999973E-3,
,,,3.67999983,-119.9999973E-3,
,,,3.69999981,119.9999973E-3,
,,,3.72000003,-119.9999973E-3,
,,,3.74000001,119.9999973E-3,
,,,3.75999999,-119.9999973E-3,
,,,3.77999997,119.9999973E-3,
,,,3.79999995,-119.9999973E-3,
,,,3.81999993,119.9999973E-3,
,,,3.83999991,-119.9999973E-3,
,,,3.85999990,119.9999973E-3,
,,,3.87999988,-119.9999973E-3,
,,,3.89999986,119.9999973E-3,
,,,3.91999984,-79.999998212E-3,
,,,3.93999982,119.9999973E-3,
,,,3.95999980,-79.999998212E-3,
,,,3.98000002,119.9999973E-3,
,,,4.00000000,-119.9999973E-3,
,,,4.01999998,159.99999642E-3,
,,,4.03999996,-119.9999973E-3,
,,,4.05999994,119.9999973E-3,
,,,4.07999992,-119.9999973E-3,
,,,4.09999990,119.9999973E-3,
,,,4.11999989,-119.9999973E-3,
,,,4.13999987,159.99999642E-3,
,,,4.15999985,-119.9999973E-3,
,,,4.17999983,159.99999642E-3,
,,,4.19999981,-119.9999973E-3,
,,,4.21999979,119.9999973E-3,
,,,4.23999977,-119.9999973E-3,
,,,4.25999975,159.99999642E-3,
,,,4.27999973,-79.999998212E-3,
,,,4.29999971,159.99999642E-3,
,,,4.31999969,-119.9999973E-3,
,,,4.33999968,119.9999973E-3,
,,,4.36000013,-119.9999973E-3,
,,,4.38000011,159.99999642E-3,
,,,4.40000010,-119.9999973E-3,
,,,4.42000008,119.9999973E-3,
,,,4.44000006,-119.9999973E-3,
,,,4.46000004,119.9999973E-3,
,,,4.48000002,-79.999998212E-3,
,,,4.50000000,159.99999642E-3,
,,,4.51999998,-119.9999973E-3,
,,,4.53999996,119.9999973E-3,
,,,4.55999994,-119.9999973E-3,
,,,4.57999992,119.9999973E-3,
,,,4.59999990,-119.9999973E-3,
,,,4.61999989,119.9999973E-3,
,,,4.63999987,-119.9999973E-3,
,,,4.65999985,119.9999973E-3,
,,,4.67999983,-119.9999973E-3,
,,,4.69999981,119.9999973E-3,
,,,4.71999979,-79.999998212E-3,
,,,4.73999977,159.99999642E-3,
,,,4.75999975,-119.9999973E-3,
,,,4.77999973,159.99999642E-3,
,,,4.79999971,-119.9999973E-3,
,,,4.81999969,119.9999973E-3,
,,,4.83999968,-119.9999973E-3,
,,,4.85999966,119.9999973E-3,
,,,4.88000011,-119.9999973E-3,
,,,4.90000010,119.9999973E-3,
,,,4.92000008,-119.9999973E-3,
,,,4.94000006,119.9999973E-3,
,,,4.96000004,-119.9999973E-3,
,,,4.98000002,159.99999642E-3,
,,,5.00000000,-119.9999973E-3,
,,,5.01999998,159.99999642E-3,
,,,5.03999996,-119.9999973E-3,
,,,5.05999994,159.99999642E-3,
,,,5.07999992,-119.9999973E-3,
,,,5.09999990,159.99999642E-3,
,,,5.11999989,-119.9999973E-3,
,,,5.13999987,159.99999642E-3,
,,,5.15999985,-119.9999973E-3,
,,,5.17999983,159.99999642E-3,
,,,5.19999981,-119.9999973E-3,
,,,5.21999979,159.99999642E-3,
,,,5.23999977,-119.9999973E-3,
,,,5.25999975,119.9999973E-3,
,,,5.27999973,-119.9999973E-3,
,,,5.29999971,159.99999642E-3,
,,,5.31999969,-119.9999973E-3,
,,,5.33999968,119.9999973E-3,
,,,5.35999966,-119.9999973E-3,
,,,5.38000011,119.9999973E-3,
,,,5.40000010,-119.9999973E-3,
,,,5.42000008,159.99999642E-3,
,,,5.44000006,-119.9999973E-3,
,,,5.46000004,119.9999973E-3,
,,,5.48000002,-119.9999973E-3,
,,,5.50000000,119.9999973E-3,
,,,5.51999998,-119.9999973E-3,
,,,5.53999996,119.9999973E-3,
,,,5.55999994,-119.9999973E-3,
,,,5.57999992,159.99999642E-3,
,,,5.59999990,-119.9999973E-3,
,,,5.61999989,119.9999973E-3,
,,,5.63999987,-119.9999973E-3,
,,,5.65999985,119.9999973E-3,
,,,5.67999983,-119.9999973E-3,
,,,5.69999981,159.99999642E-3,
,,,5.71999979,-119.9999973E-3,
,,,5.73999977,159.99999642E-3,
,,,5.75999975,-119.9999973E-3,
,,,5.77999973,159.99999642E-3,
,,,5.79999971,-159.99999642E-3,
,,,5.81999969,159.99999642E-3,
,,,5.83999968,-159.99999642E-3,
,,,5.85999966,159.99999642E-3,
,,,5.87999964,-119.9999973E-3,
,,,5.90000010,159.99999642E-3,
,,,5.92000008,-159.99999642E-3,
,,,5.94000006,159.99999642E-3,
,,,5.96000004,-119.9999973E-3,
,,,5.98000002,159.99999642E-3,
,,,6.00000000,-159.99999642E-3,
,,,6.01999998,159.99999642E-3,
,,,6.03999996,-119.9999973E-3,
,,,6.05999994,199.99998808E-3,
,,,6.07999992,-119.9999973E-3,
,,,6.09999990,159.99999642E-3,
,,,6.11999989,-159.99999642E-3,
,,,6.13999987,159.99999642E-3,
,,,6.15999985,-159.99999642E-3,
,,,6.17999983,159.99999642E-3,
,,,6.19999981,-159.99999642E-3,
,,,6.21999979,159.99999642E-3,
,,,6.23999977,-159.99999642E-3,
,,,6.25999975,159.99999642E-3,
,,,6.27999973,-159.99999642E-3,
,,,6.29999971,159.99999642E-3,
,,,6.31999969,-119.9999973E-3,
,,,6.33999968,199.99998808E-3,
,,,6.35999966,-159.99999642E-3,
,,,6.37999964,199.99998808E-3,
,,,6.39999962,-159.99999642E-3,
,,,6.42000008,159.99999642E-3,
,,,6.44000006,-199.99998808E-3,
,,,6.46000004,159.99999642E-3,
,,,6.48000002,-159.99999642E-3,
,,,6.50000000,159.99999642E-3,
,,,6.51999998,-159.99999642E-3,
,,,6.53999996,199.99998808E-3,
,,,6.55999994,-159.99999642E-3,
,,,6.57999992,199.99998808E-3,
,,,6.59999990,-159.99999642E-3,
,,,6.61999989,159.99999642E-3,
,,,6.63999987,-159.99999642E-3,
,,,6.65999985,239.99999464E-3,
,,,6.67999983,-199.99998808E-3,
,,,6.69999981,159.99999642E-3,
,,,6.71999979,-159.99999642E-3,
,,,6.73999977,199.99998808E-3,
,,,6.75999975,-159.99999642E-3,
,,,6.77999973,199.99998808E-3,
,,,6.79999971,-159.99999642E-3,
,,,6.81999969,199.99998808E-3,
,,,6.83999968,-199.99998808E-3,
,,,6.85999966,199.99998808E-3,
,,,6.87999964,-159.99999642E-3,
,,,6.89999962,199.99998808E-3,
,,,6.92000008,-199.99998808E-3,
,,,6.94000006,199.99998808E-3,
,,,6.96000004,-199.99998808E-3,
,,,6.98000002,239.99999464E-3,
,,,7.00000000,-199.99998808E-3,
,,,7.01999998,239.99999464E-3,
,,,7.03999996,-199.99998808E-3,
,,,7.05999994,199.99998808E-3,
,,,7.07999992,-199.99998808E-3,
,,,7.09999990,199.99998808E-3,
,,,7.11999989,-199.99998808E-3,
,,,7.13999987,239.99999464E-3,
,,,7.15999985,-199.99998808E-3,
,,,7.17999983,239.99999464E-3,
,,,7.19999981,-239.99999464E-3,
,,,7.21999979,239.99999464E-3,
,,,7.23999977,-239.99999464E-3,
,,,7.25999975,239.99999464E-3,
,,,7.27999973,-239.99999464E-3,
,,,7.29999971,280.00000119E-3,
,,,7.31999969,-239.99999464E-3,
,,,7.33999968,239.99999464E-3,
,,,7.35999966,-239.99999464E-3,
,,,7.37999964,239.99999464E-3,
,,,7.399999619,-280.00000119E-3,
,,,7.419999599,280.00000119E-3,
,,,7.440000057,-280.00000119E-3,
,,,7.460000038,319.99999285E-3,
,,,7.480000019,-280.00000119E-3,
,,,7.500000000,280.00000119E-3,
,,,7.519999981,-280.00000119E-3,
,,,7.539999962,280.00000119E-3,
,,,7.559999943,-280.00000119E-3,
,,,7.579999924,319.99999285E-3,
,,,7.599999905,-280.00000119E-3,
,,,7.619999886,319.99999285E-3,
,,,7.639999866,-319.99999285E-3,
,,,7.659999847,399.99997616E-3,
,,,7.679999828,-319.99999285E-3,
,,,7.699999809,399.99997616E-3,
,,,7.719999790,-359.99998450E-3,
,,,7.739999771,359.99998450E-3,
,,,7.759999752,-359.99998450E-3,
,,,7.779999733,359.99998450E-3,
,,,7.799999714,-399.99997616E-3,
,,,7.819999695,399.99997616E-3,
,,,7.839999676,-399.99997616E-3,
,,,7.859999657,439.999997616E-3,
,,,7.879999638,-439.999997616E-3,
,,,7.899999619,479.999989271E-3,
,,,7.919999599,-439.999997616E-3,
,,,7.940000057,439.999997616E-3,
,,,7.960000038,-479.999989271E-3,
,,,7.980000019,479.999989271E-3,
,,,8.000000000,-560.000002384E-3,
,,,8.019999504,519.999980927E-3,
,,,8.039999962,-560.000002384E-3,
,,,8.059999466,519.999980927E-3,
,,,8.079999924,-560.000002384E-3,
,,,8.099999428,599.999964237E-3,
,,,8.119999886,-599.999964237E-3,
,,,8.139999390,599.999964237E-3,
,,,8.159999847,-680.000007153E-3,
,,,8.179999352,639.999985695E-3,
,,,8.199999809,-719.999969006E-3,
,,,8.220000267,719.999969006E-3,
,,,8.239999771,-759.999990463E-3,
,,,8.260000229,759.999990463E-3,
,,,8.279999733,-839.999973774E-3,
,,,8.300000191,839.999973774E-3,
,,,8.319999695,-919.999957085E-3,
,,,8.340000153,959.999978542E-3,
,,,8.359999657,-1.000000,
,,,8.380000114,1.0400000,
,,,8.399999619,-1.1200000,
,,,8.420000076,1.1200000,
,,,8.439999580,-1.2400000,
,,,8.460000038,1.2400000,
,,,8.479999542,-1.3600000,
,,,8.500000000,1.4000000,
,,,8.519999504,-1.5599999,
,,,8.539999962,1.5999999,
,,,8.559999466,-1.7199999,
,,,8.579999924,1.7600000,
,,,8.599999428,-1.9599999,
,,,8.619999886,2.0000000,
,,,8.639999390,-2.2400000,
,,,8.659999847,2.2400000,
,,,8.679999352,-2.4800000,
,,,8.699999809,2.4800000,
,,,8.720000267,-2.6799998,
,,,8.739999771,2.6399999,
,,,8.760000229,-2.72000003,
,,,8.779999733,2.6799998,
,,,8.800000191,-2.72000003,
,,,8.819999695,2.6799998,
,,,8.840000153,-2.5999999,
,,,8.859999657,2.5599999,
,,,8.880000114,-2.3999999,
,,,8.899999619,2.3599999,
,,,8.920000076,-2.1599998,
,,,8.939999580,2.1599998,
,,,8.960000038,-1.9599999,
,,,8.979999542,1.9599999,
,,,9.000000000,-1.7600000,
,,,9.019999504,1.8000000,
,,,9.039999962,-1.5999999,
,,,9.059999466,1.5599999,
,,,9.079999924,-1.4000000,
,,,9.099999428,1.4000000,
,,,9.119999886,-1.2800000,
,,,9.139999390,1.2800000,
,,,9.159999847,-1.1999999,
,,,9.179999352,1.1999999,
,,,9.199999809,-1.1200000,
,,,9.220000267,1.1200000,
,,,9.239999771,-1.000000,
,,,9.260000229,1.0400000,
,,,9.279999733,-959.999978542E-3,
,,,9.300000191,959.999978542E-3,
,,,9.319999695,-879.999995232E-3,
,,,9.340000153,919.999957085E-3,
,,,9.359999657,-799.999952316E-3,
,,,9.380000114,839.999973774E-3,
,,,9.399999619,-759.999990463E-3,
,,,9.420000076,799.999952316E-3,
,,,9.439999580,-719.999969006E-3,
,,,9.460000038,719.999969006E-3,
,,,9.479999542,-680.000007153E-3,
,,,9.500000000,680.000007153E-3,
,,,9.519999504,-680.000007153E-3,
,,,9.539999962,639.999985695E-3,
,,,9.559999466,-599.999964237E-3,
,,,9.579999924,639.999985695E-3,
,,,9.599999428,-560.000002384E-3,
,,,9.619999886,560.000002384E-3,
,,,9.639999390,-560.000002384E-3,
,,,9.659999847,599.999964237E-3,
,,,9.679999352,-519.999980927E-3,
,,,9.699999809,519.999980927E-3,
,,,9.719999313,-479.999989271E-3,
,,,9.739999771,479.999989271E-3,
,,,9.760000229,-479.999989271E-3,
,,,9.779999733,479.999989271E-3,
,,,9.800000191,-479.999989271E-3,
,,,9.819999695,439.999997616E-3,
,,,9.840000153,-399.99997616E-3,
,,,9.859999657,399.99997616E-3,
,,,9.880000114,-399.99997616E-3,
,,,9.899999619,399.99997616E-3,
,,,9.920000076,-359.99998450E-3,
,,,9.939999580,439.999997616E-3,
,,,9.960000038,-359.99998450E-3,
,,,9.979999542,399.99997616E-3,
,,,10.0000000,-319.99999285E-3,
,,,10.0199995,399.99997616E-3,
,,,10.0400000,-359.99998450E-3,
,,,10.0599995,319.99999285E-3,
,,,10.0799999,-319.99999285E-3,
,,,10.0999994,319.99999285E-3,
,,,10.1199999,-280.00000119E-3,
,,,10.1399994,319.99999285E-3,
,,,10.1599998,-280.00000119E-3,
,,,10.1799994,280.00000119E-3,
,,,10.1999998,-280.00000119E-3,
,,,10.2199993,280.00000119E-3,
,,,10.2399998,-280.00000119E-3,
,,,10.2600002,239.99999464E-3,
,,,10.2799997,-239.99999464E-3,
,,,10.3000002,280.00000119E-3,
,,,10.3199997,-239.99999464E-3,
,,,10.3400002,239.99999464E-3,
,,,10.3599997,-199.99998808E-3,
,,,10.3800001,239.99999464E-3,
,,,10.3999996,-239.99999464E-3,
,,,10.4200001,239.99999464E-3,
,,,10.4399996,-199.99998808E-3,
,,,10.4600000,239.99999464E-3,
,,,10.4799995,-199.99998808E-3,
,,,10.5000000,239.99999464E-3,
,,,10.5199995,-199.99998808E-3,
,,,10.5400000,239.99999464E-3,
,,,10.5599995,-239.99999464E-3,
,,,10.5799999,239.99999464E-3,
,,,10.5999994,-199.99998808E-3,
,,,10.6199999,239.99999464E-3,
,,,10.6399994,-199.99998808E-3,
,,,10.6599998,199.99998808E-3,
,,,10.6799994,-199.99998808E-3,
,,,10.6999998,199.99998808E-3,
,,,10.7199993,-159.99999642E-3,
,,,10.7399998,199.99998808E-3,
,,,10.7600002,-199.99998808E-3,
,,,10.7799997,199.99998808E-3,
,,,10.8000002,-159.99999642E-3,
,,,10.8199997,199.99998808E-3,
,,,10.8400002,-159.99999642E-3,
,,,10.8599997,199.99998808E-3,
,,,10.8800001,-159.99999642E-3,
,,,10.8999996,159.99999642E-3,
,,,10.9200001,-199.99998808E-3,
,,,10.9399996,199.99998808E-3,
,,,10.9600000,-199.99998808E-3,
,,,10.9799995,199.99998808E-3,
,,,11.0000000,-159.99999642E-3,
,,,11.0199995,199.99998808E-3,
,,,11.0400000,-199.99998808E-3,
,,,11.0599995,199.99998808E-3,
,,,11.0799999,-159.99999642E-3,
,,,11.0999994,199.99998808E-3,
,,,11.1199999,-159.99999642E-3,
,,,11.1399994,199.99998808E-3,
,,,11.1599998,-159.99999642E-3,
,,,11.1799994,199.99998808E-3,
,,,11.1999998,-159.99999642E-3,
,,,11.2199993,199.99998808E-3,
,,,11.2399998,-159.99999642E-3,
,,,11.2599993,199.99998808E-3,
,,,11.2799997,-159.99999642E-3,
,,,11.3000002,159.99999642E-3,
,,,11.3199997,-159.99999642E-3,
,,,11.3400002,159.99999642E-3,
,,,11.3599997,-199.99998808E-3,
,,,11.3800001,199.99998808E-3,
,,,11.3999996,-159.99999642E-3,
,,,11.4200001,159.99999642E-3,
,,,11.4399996,-199.99998808E-3,
,,,11.4600000,199.99998808E-3,
,,,11.4799995,-159.99999642E-3,
,,,11.5000000,199.99998808E-3,
,,,11.5199995,-159.99999642E-3,
,,,11.5400000,159.99999642E-3,
,,,11.5599995,-159.99999642E-3,
,,,11.5799999,199.99998808E-3,
,,,11.5999994,-159.99999642E-3,
,,,11.6199999,199.99998808E-3,
,,,11.6399994,-199.99998808E-3,
,,,11.6599998,199.99998808E-3,
,,,11.6799994,-199.99998808E-3,
,,,11.6999998,199.99998808E-3,
,,,11.7199993,-159.99999642E-3,
,,,11.7399998,159.99999642E-3,
,,,11.7599993,-159.99999642E-3,
,,,11.7799997,159.99999642E-3,
,,,11.8000002,-159.99999642E-3,
,,,11.8199997,159.99999642E-3,
,,,11.8400002,-159.99999642E-3,
,,,11.8599997,199.99998808E-3,
,,,11.8800001,-159.99999642E-3,
,,,11.8999996,159.99999642E-3,
,,,11.9200001,-159.99999642E-3,
,,,11.9399996,159.99999642E-3,
,,,11.9600000,-199.99998808E-3,
,,,11.9799995,199.99998808E-3,
,,,12.0000000,-159.99999642E-3,
,,,12.0199995,199.99998808E-3,
,,,12.0400000,-159.99999642E-3,
,,,12.0599995,199.99998808E-3,
,,,12.0799999,-159.99999642E-3,
,,,12.0999994,199.99998808E-3,
,,,12.1199999,-159.99999642E-3,
,,,12.1399994,159.99999642E-3,
,,,12.1599998,-199.99998808E-3,
,,,12.1799994,199.99998808E-3,
,,,12.1999998,-159.99999642E-3,
,,,12.2199993,199.99998808E-3,
,,,12.2399998,-159.99999642E-3,
,,,12.2599993,199.99998808E-3,
,,,12.2799997,-159.99999642E-3,
,,,12.3000002,199.99998808E-3,
,,,12.3199997,-199.99998808E-3,
,,,12.3400002,199.99998808E-3,
,,,12.3599997,-199.99998808E-3,
,,,12.3800001,239.99999464E-3,
,,,12.3999996,-199.99998808E-3,
,,,12.4200001,159.99999642E-3,
,,,12.4399996,-199.99998808E-3,
,,,12.4600000,199.99998808E-3,
,,,12.4799995,-199.99998808E-3,
,,,12.5000000,239.99999464E-3,
,,,12.5199995,-199.99998808E-3,
,,,12.5400000,199.99998808E-3,
,,,12.5599995,-199.99998808E-3,
,,,12.5799999,239.99999464E-3,
,,,12.5999994,-199.99998808E-3,
,,,12.6199999,199.99998808E-3,
,,,12.6399994,-199.99998808E-3,
,,,12.6599998,239.99999464E-3,
,,,12.6799994,-199.99998808E-3,
,,,12.6999998,239.99999464E-3,
,,,12.7199993,-199.99998808E-3,
,,,12.7399998,199.99998808E-3,
,,,12.7599993,-199.99998808E-3,
,,,12.7799997,199.99998808E-3,
,,,12.7999992,-199.99998808E-3,
,,,12.8199997,239.99999464E-3,
,,,12.8400002,-199.99998808E-3,
,,,12.8599997,239.99999464E-3,
,,,12.8800001,-199.99998808E-3,
,,,12.8999996,199.99998808E-3,
,,,12.9200001,-199.99998808E-3,
,,,12.9399996,239.99999464E-3,
,,,12.9600000,-199.99998808E-3,
,,,12.9799995,239.99999464E-3,
,,,13.0000000,-239.99999464E-3,
,,,13.0199995,239.99999464E-3,
,,,13.0400000,-239.99999464E-3,
,,,13.0599995,239.99999464E-3,
,,,13.0799999,-239.99999464E-3,
,,,13.0999994,239.99999464E-3,
,,,13.1199999,-239.99999464E-3,
,,,13.1399994,280.00000119E-3,
,,,13.1599998,-239.99999464E-3,
,,,13.1799994,239.99999464E-3,
,,,13.1999998,-239.99999464E-3,
,,,13.2199993,280.00000119E-3,
,,,13.2399998,-239.99999464E-3,
,,,13.2599993,239.99999464E-3,
,,,13.2799997,-239.99999464E-3,
,,,13.2999992,239.99999464E-3,
,,,13.3199997,-199.99998808E-3,
,,,13.3400002,239.99999464E-3,
,,,13.3599997,-239.99999464E-3,
,,,13.3800001,239.99999464E-3,
,,,13.3999996,-239.99999464E-3,
,,,13.4200001,280.00000119E-3,
,,,13.4399996,-239.99999464E-3,
,,,13.4600000,280.00000119E-3,
,,,13.4799995,-239.99999464E-3,
,,,13.5000000,239.99999464E-3,
,,,13.5199995,-280.00000119E-3,
,,,13.5400000,280.00000119E-3,
,,,13.5599995,-239.99999464E-3,
,,,13.5799999,239.99999464E-3,
,,,13.5999994,-239.99999464E-3,
,,,13.6199999,239.99999464E-3,
,,,13.6399994,-239.99999464E-3,
,,,13.6599998,319.99999285E-3,
,,,13.6799994,-239.99999464E-3,
,,,13.6999998,280.00000119E-3,
,,,13.7199993,-280.00000119E-3,
,,,13.7399998,239.99999464E-3,
,,,13.7599993,-280.00000119E-3,
,,,13.7799997,319.99999285E-3,
,,,13.7999992,-280.00000119E-3,
,,,13.8199997,280.00000119E-3,
,,,13.8400002,-280.00000119E-3,
,,,13.8599997,319.99999285E-3,
,,,13.8800001,-280.00000119E-3,
,,,13.8999996,280.00000119E-3,
,,,13.9200001,-280.00000119E-3,
,,,13.9399996,280.00000119E-3,
,,,13.9600000,-280.00000119E-3,
,,,13.9799995,319.99999285E-3,
,,,14.0000000,-319.99999285E-3,
,,,14.0199995,319.99999285E-3,
,,,14.0400000,-319.99999285E-3,
,,,14.0599995,319.99999285E-3,
,,,14.0799999,-319.99999285E-3,
,,,14.0999994,359.99998450E-3,
,,,14.1199999,-359.99998450E-3,
,,,14.1399994,319.99999285E-3,
,,,14.1599998,-399.99997616E-3,
,,,14.1799994,359.99998450E-3,
,,,14.1999998,-399.99997616E-3,
,,,14.2199993,359.99998450E-3,
,,,14.2399998,-399.99997616E-3,
,,,14.2599993,399.99997616E-3,
,,,14.2799997,-399.99997616E-3,
,,,14.2999992,399.99997616E-3,
,,,14.3199997,-399.99997616E-3,
,,,14.3400002,399.99997616E-3,
,,,14.3599997,-399.99997616E-3,
,,,14.3800001,479.999989271E-3,
,,,14.3999996,-439.999997616E-3,
,,,14.4200001,439.999997616E-3,
,,,14.4399996,-439.999997616E-3,
,,,14.4600000,439.999997616E-3,
,,,14.4799995,-439.999997616E-3,
,,,14.5000000,479.999989271E-3,
,,,14.5199995,-479.999989271E-3,
,,,14.5400000,519.999980927E-3,
,,,14.5599995,-519.999980927E-3,
,,,14.5799999,479.999989271E-3,
,,,14.5999994,-519.999980927E-3,
,,,14.6199999,519.999980927E-3,
,,,14.6399994,-519.999980927E-3,
,,,14.6599998,560.000002384E-3,
,,,14.6799994,-519.999980927E-3,
,,,14.6999998,560.000002384E-3,
,,,14.7199993,-560.000002384E-3,
,,,14.7399998,560.000002384E-3,
,,,14.7599993,-560.000002384E-3,
,,,14.7799997,599.999964237E-3,
,,,14.7999992,-599.999964237E-3,
,,,14.8199997,639.999985695E-3,
,,,14.8399992,-639.999985695E-3,
,,,14.8599997,639.999985695E-3,
,,,14.8800001,-639.999985695E-3,
,,,14.8999996,639.999985695E-3,
,,,14.9200001,-639.999985695E-3,
,,,14.9399996,680.000007153E-3,
,,,14.9600000,-680.000007153E-3,
,,,14.9799995,680.000007153E-3,
,,,15.0000000,-680.000007153E-3,
,,,15.0199995,719.999969006E-3,
,,,15.0400000,-680.000007153E-3,
,,,15.0599995,719.999969006E-3,
,,,15.0799999,-719.999969006E-3,
,,,15.0999994,719.999969006E-3,
,,,15.1199999,-759.999990463E-3,
,,,15.1399994,799.999952316E-3,
,,,15.1599998,-759.999990463E-3,
,,,15.1799994,759.999990463E-3,
,,,15.1999998,-759.999990463E-3,
,,,15.2199993,759.999990463E-3,
,,,15.2399998,-759.999990463E-3,
,,,15.2599993,759.999990463E-3,
,,,15.2799997,-799.999952316E-3,
,,,15.2999992,799.999952316E-3,
,,,15.3199997,-799.999952316E-3,
,,,15.3399992,839.999973774E-3,
,,,15.3599997,-759.999990463E-3,
,,,15.3800001,799.999952316E-3,
,,,15.3999996,-799.999952316E-3,
,,,15.4200001,799.999952316E-3,
,,,15.4399996,-799.999952316E-3,
,,,15.4600000,799.999952316E-3,
,,,15.4799995,-799.999952316E-3,
,,,15.5000000,799.999952316E-3,
,,,15.5199995,-839.999973774E-3,
,,,15.5400000,839.999973774E-3,
,,,15.5599995,-799.999952316E-3,
,,,15.5799999,799.999952316E-3,
,,,15.5999994,-839.999973774E-3,
,,,15.6199999,799.999952316E-3,
,,,15.6399994,-799.999952316E-3,
,,,15.6599998,799.999952316E-3,
,,,15.6799994,-839.999973774E-3,
,,,15.6999998,799.999952316E-3,
,,,15.7199993,-799.999952316E-3,
,,,15.7399998,799.999952316E-3,
,,,15.7599993,-799.999952316E-3,
,,,15.7799997,799.999952316E-3,
,,,15.7999992,-839.999973774E-3,
,,,15.8199997,799.999952316E-3,
,,,15.8399992,-759.999990463E-3,
,,,15.8599997,759.999990463E-3,
,,,15.8800001,-759.999990463E-3,
,,,15.8999996,799.999952316E-3,
,,,15.9200001,-759.999990463E-3,
,,,15.9399996,759.999990463E-3,
,,,15.9600000,-759.999990463E-3,
,,,15.9799995,759.999990463E-3,
,,,16.0000000,-759.999990463E-3,
,,,16.0200005,719.999969006E-3,
,,,16.0399990,-719.999969006E-3,
,,,16.0599995,759.999990463E-3,
,,,16.0799999,-680.000007153E-3,
,,,16.1000004,719.999969006E-3,
,,,16.1199989,-719.999969006E-3,
,,,16.1399994,680.000007153E-3,
,,,16.1599998,-680.000007153E-3,
,,,16.1800003,680.000007153E-3,
,,,16.1999989,-680.000007153E-3,
,,,16.2199993,680.000007153E-3,
,,,16.2399998,-680.000007153E-3,
,,,16.2600002,639.999985695E-3,
,,,16.2799988,-639.999985695E-3,
,,,16.2999992,639.999985695E-3,
,,,16.3199997,-639.999985695E-3,
,,,16.3400002,639.999985695E-3,
,,,16.3599987,-599.999964237E-3,
,,,16.3799992,639.999985695E-3,
,,,16.3999996,-560.000002384E-3,
,,,16.4200001,599.999964237E-3,
,,,16.4400005,-560.000002384E-3,
,,,16.4599991,560.000002384E-3,
,,,16.4799995,-519.999980927E-3,
,,,16.5000000,560.000002384E-3,
,,,16.5200005,-519.999980927E-3,
,,,16.5399990,560.000002384E-3,
,,,16.5599995,-479.999989271E-3,
,,,16.5799999,519.999980927E-3,
,,,16.6000004,-479.999989271E-3,
,,,16.6199989,479.999989271E-3,
,,,16.6399994,-479.999989271E-3,
,,,16.6599998,479.999989271E-3,
,,,16.6800003,-479.999989271E-3,
,,,16.6999989,479.999989271E-3,
,,,16.7199993,-439.999997616E-3,
,,,16.7399998,439.999997616E-3,
,,,16.7600002,-439.999997616E-3,
,,,16.7799988,479.999989271E-3,
,,,16.7999992,-439.999997616E-3,
,,,16.8199997,439.999997616E-3,
,,,16.8400002,-399.99997616E-3,
,,,16.8599987,479.999989271E-3,
,,,16.8799992,-399.99997616E-3,
,,,16.8999996,399.99997616E-3,
,,,16.9200001,-439.999997616E-3,
,,,16.9400005,399.99997616E-3,
,,,16.9599991,-399.99997616E-3,
,,,16.9799995,399.99997616E-3,
,,,17.0000000,-359.99998450E-3,
,,,17.0200005,399.99997616E-3,
,,,17.0399990,-359.99998450E-3,
,,,17.0599995,359.99998450E-3,
,,,17.0799999,-319.99999285E-3,
,,,17.1000004,359.99998450E-3,
,,,17.1199989,-319.99999285E-3,
,,,17.1399994,319.99999285E-3,
,,,17.1599998,-280.00000119E-3,
,,,17.1800003,319.99999285E-3,
,,,17.1999989,-280.00000119E-3,
,,,17.2199993,280.00000119E-3,
,,,17.2399998,-239.99999464E-3,
,,,17.2600002,319.99999285E-3,
,,,17.2799988,-280.00000119E-3,
,,,17.2999992,280.00000119E-3,
,,,17.3199997,-239.99999464E-3,
,,,17.3400002,239.99999464E-3,
,,,17.3599987,-239.99999464E-3,
,,,17.3799992,239.99999464E-3,
,,,17.3999996,-239.99999464E-3,
,,,17.4200001,239.99999464E-3,
,,,17.4400005,-199.99998808E-3,
,,,17.4599991,199.99998808E-3,
,,,17.4799995,-199.99998808E-3,
,,,17.5000000,199.99998808E-3,
,,,17.5200005,-199.99998808E-3,
,,,17.5399990,199.99998808E-3,
,,,17.5599995,-159.99999642E-3,
,,,17.5799999,199.99998808E-3,
,,,17.6000004,-159.99999642E-3,
,,,17.6199989,199.99998808E-3,
,,,17.6399994,-159.99999642E-3,
,,,17.6599998,199.99998808E-3,
,,,17.6800003,-159.99999642E-3,
,,,17.6999989,199.99998808E-3,
,,,17.7199993,-159.99999642E-3,
,,,17.7399998,199.99998808E-3,
,,,17.7600002,-159.99999642E-3,
,,,17.7799988,159.99999642E-3,
,,,17.7999992,-199.99998808E-3,
,,,17.8199997,159.99999642E-3,
,,,17.8400002,-159.99999642E-3,
,,,17.8599987,159.99999642E-3,
,,,17.8799992,-119.9999973E-3,
,,,17.8999996,159.99999642E-3,
,,,17.9200001,-119.9999973E-3,
,,,17.9400005,159.99999642E-3,
,,,17.9599991,-119.9999973E-3,
,,,17.9799995,159.99999642E-3,
,,,18.0000000,-119.9999973E-3,
,,,18.0200005,159.99999642E-3,
,,,18.0399990,-159.99999642E-3,
,,,18.0599995,159.99999642E-3,
,,,18.0799999,-119.9999973E-3,
,,,18.1000004,159.99999642E-3,
,,,18.1199989,-119.9999973E-3,
,,,18.1399994,159.99999642E-3,
,,,18.1599998,-119.9999973E-3,
,,,18.1800003,159.99999642E-3,
,,,18.1999989,-119.9999973E-3,
,,,18.2199993,159.99999642E-3,
,,,18.2399998,-119.9999973E-3,
,,,18.2600002,159.99999642E-3,
,,,18.2799988,-119.9999973E-3,
,,,18.2999992,119.9999973E-3,
,,,18.3199997,-119.9999973E-3,
,,,18.3400002,119.9999973E-3,
,,,18.3599987,-159.99999642E-3,
,,,18.3799992,159.99999642E-3,
,,,18.3999996,-119.9999973E-3,
,,,18.4200001,159.99999642E-3,
,,,18.4400005,-119.9999973E-3,
,,,18.4599991,159.99999642E-3,
,,,18.4799995,-119.9999973E-3,
,,,18.5000000,159.99999642E-3,
,,,18.5200005,-119.9999973E-3,
,,,18.5399990,159.99999642E-3,
,,,18.5599995,-119.9999973E-3,
,,,18.5799999,119.9999973E-3,
,,,18.6000004,-119.9999973E-3,
,,,18.6199989,159.99999642E-3,
,,,18.6399994,-119.9999973E-3,
,,,18.6599998,119.9999973E-3,
,,,18.6800003,-119.9999973E-3,
,,,18.6999989,119.9999973E-3,
,,,18.7199993,-159.99999642E-3,
,,,18.7399998,159.99999642E-3,
,,,18.7600002,-119.9999973E-3,
,,,18.7799988,119.9999973E-3,
,,,18.7999992,-119.9999973E-3,
,,,18.8199997,159.99999642E-3,
,,,18.8400002,-119.9999973E-3,
,,,18.8599987,159.99999642E-3,
,,,18.8799992,-119.9999973E-3,
,,,18.8999996,159.99999642E-3,
,,,18.9200001,-119.9999973E-3,
,,,18.9399986,159.99999642E-3,
,,,18.9599991,-119.9999973E-3,
,,,18.9799995,159.99999642E-3,
,,,19.0000000,-119.9999973E-3,
,,,19.0200005,119.9999973E-3,
,,,19.0399990,-119.9999973E-3,
,,,19.0599995,159.99999642E-3,
,,,19.0799999,-119.9999973E-3,
,,,19.1000004,159.99999642E-3,
,,,19.1199989,-119.9999973E-3,
,,,19.1399994,159.99999642E-3,
,,,19.1599998,-119.9999973E-3,
,,,19.1800003,159.99999642E-3,
,,,19.1999989,-119.9999973E-3,
,,,19.2199993,199.99998808E-3,
,,,19.2399998,-119.9999973E-3,
,,,19.2600002,159.99999642E-3,
,,,19.2799988,-119.9999973E-3,
,,,19.2999992,159.99999642E-3,
,,,19.3199997,-119.9999973E-3,
,,,19.3400002,159.99999642E-3,
,,,19.3599987,-119.9999973E-3,
,,,19.3799992,159.99999642E-3,
,,,19.3999996,-159.99999642E-3,
,,,19.4200001,159.99999642E-3,
,,,19.4399986,-159.99999642E-3,
,,,19.4599991,159.99999642E-3,
,,,19.4799995,-119.9999973E-3,
,,,19.5000000,159.99999642E-3,
,,,19.5200005,-119.9999973E-3,
,,,19.5399990,159.99999642E-3,
,,,19.5599995,-159.99999642E-3,
,,,19.5799999,159.99999642E-3,
,,,19.6000004,-159.99999642E-3,
,,,19.6199989,159.99999642E-3,
,,,19.6399994,-159.99999642E-3,
,,,19.6599998,159.99999642E-3,
,,,19.6800003,-159.99999642E-3,
,,,19.6999989,159.99999642E-3,
,,,19.7199993,-159.99999642E-3,
,,,19.7399998,199.99998808E-3,
,,,19.7600002,-199.99998808E-3,
,,,19.7799988,199.99998808E-3,
,,,19.7999992,-159.99999642E-3,
,,,19.8199997,199.99998808E-3,
,,,19.8400002,-159.99999642E-3,
,,,19.8599987,159.99999642E-3,
,,,19.8799992,-119.9999973E-3,
,,,19.8999996,199.99998808E-3,
,,,19.9200001,-159.99999642E-3,
,,,19.9399986,199.99998808E-3,
,,,19.9599991,-159.99999642E-3,
,,,19.9799995,199.99998808E-3,
,,,20.0000000,-159.99999642E-3,
,,,20.0200005,199.99998808E-3,
,,,20.0399990,-159.99999642E-3,
,,,20.0599995,159.99999642E-3,
,,,20.0799999,-119.9999973E-3,
,,,20.10000038,199.99998808E-3,
,,,20.11999893,-159.99999642E-3,
,,,20.13999939,159.99999642E-3,
,,,20.15999985,-199.99998808E-3,
,,,20.18000031,159.99999642E-3,
,,,20.19999886,-159.99999642E-3,
,,,20.21999931,159.99999642E-3,
,,,20.23999977,-119.9999973E-3,
,,,20.26000023,159.99999642E-3,
,,,20.27999878,-159.99999642E-3,
,,,20.29999924,199.99998808E-3,
,,,20.31999969,-119.9999973E-3,
,,,20.34000015,159.99999642E-3,
,,,20.35999870,-159.99999642E-3,
,,,20.37999916,159.99999642E-3,
,,,20.39999962,-119.9999973E-3,
,,,20.42000008,159.99999642E-3,
,,,20.43999863,-159.99999642E-3,
,,,20.45999908,159.99999642E-3,
,,,20.47999954,-119.9999973E-3,
,,,20.50000000,159.99999642E-3,
,,,20.52000046,-159.99999642E-3,
,,,20.53999901,159.99999642E-3,
,,,20.55999947,-119.9999973E-3,
,,,20.57999992,159.99999642E-3,
,,,20.60000038,-159.99999642E-3,
,,,20.61999893,159.99999642E-3,
,,,20.63999939,-119.9999973E-3,
,,,20.65999985,159.99999642E-3,
,,,20.68000031,-119.9999973E-3,
,,,20.69999886,159.99999642E-3,
,,,20.71999931,-159.99999642E-3,
,,,20.73999977,159.99999642E-3,
,,,20.76000023,-119.9999973E-3,
,,,20.77999878,159.99999642E-3,
,,,20.79999924,-119.9999973E-3,
,,,20.81999969,199.99998808E-3,
,,,20.84000015,-119.9999973E-3,
,,,20.85999870,159.99999642E-3,
,,,20.87999916,-119.9999973E-3,
,,,20.89999962,159.99999642E-3,
,,,20.92000008,-119.9999973E-3,
,,,20.93999863,159.99999642E-3,
,,,20.95999908,-159.99999642E-3,
,,,20.97999954,159.99999642E-3,
,,,21.00000000,-159.99999642E-3,
,,,21.02000046,119.9999973E-3,
,,,21.03999901,-119.9999973E-3,
,,,21.05999947,119.9999973E-3,
,,,21.07999992,-159.99999642E-3,
,,,21.10000038,119.9999973E-3,
,,,21.11999893,-159.99999642E-3,
,,,21.13999939,159.99999642E-3,
,,,21.15999985,-119.9999973E-3,
,,,21.18000031,119.9999973E-3,
,,,21.19999886,-119.9999973E-3,
,,,21.21999931,159.99999642E-3,
,,,21.23999977,-119.9999973E-3,
,,,21.26000023,159.99999642E-3,
,,,21.27999878,-119.9999973E-3,
,,,21.29999924,119.9999973E-3,
,,,21.31999969,-159.99999642E-3,
,,,21.34000015,159.99999642E-3,
,,,21.35999870,-119.9999973E-3,
,,,21.37999916,159.99999642E-3,
,,,21.39999962,-119.9999973E-3,
,,,21.42000008,159.99999642E-3,
,,,21.43999863,-119.9999973E-3,
,,,21.45999908,119.9999973E-3,
,,,21.47999954,-119.9999973E-3,
,,,21.50000000,119.9999973E-3,
,,,21.52000046,-119.9999973E-3,
,,,21.53999901,159.99999642E-3,
,,,21.55999947,-119.9999973E-3,
,,,21.57999992,119.9999973E-3,
,,,21.60000038,-119.9999973E-3,
,,,21.61999893,159.99999642E-3,
,,,21.63999939,-119.9999973E-3,
,,,21.65999985,159.99999642E-3,
,,,21.68000031,-119.9999973E-3,
,,,21.69999886,119.9999973E-3,
,,,21.71999931,-119.9999973E-3,
,,,21.73999977,159.99999642E-3,
,,,21.76000023,-119.9999973E-3,
,,,21.77999878,159.99999642E-3,
,,,21.79999924,-119.9999973E-3,
,,,21.81999969,119.9999973E-3,
,,,21.84000015,-159.99999642E-3,
,,,21.85999870,159.99999642E-3,
,,,21.87999916,-119.9999973E-3,
,,,21.89999962,159.99999642E-3,
,,,21.92000008,-159.99999642E-3,
,,,21.93999863,159.99999642E-3,
,,,21.95999908,-119.9999973E-3,
,,,21.97999954,159.99999642E-3,
,,,22.00000000,-119.9999973E-3,
,,,22.02000046,199.99998808E-3,
,,,22.03999901,-159.99999642E-3,
,,,22.05999947,159.99999642E-3,
,,,22.07999992,-119.9999973E-3,
,,,22.10000038,159.99999642E-3,
,,,22.11999893,-119.9999973E-3,
,,,22.13999939,159.99999642E-3,
,,,22.15999985,-159.99999642E-3,
,,,22.18000031,159.99999642E-3,
,,,22.19999886,-159.99999642E-3,
,,,22.21999931,159.99999642E-3,
,,,22.23999977,-199.99998808E-3,
,,,22.26000023,159.99999642E-3,
,,,22.27999878,-159.99999642E-3,
,,,22.29999924,199.99998808E-3,
,,,22.31999969,-159.99999642E-3,
,,,22.34000015,239.99999464E-3,
,,,22.35999870,-159.99999642E-3,
,,,22.37999916,239.99999464E-3,
,,,22.39999962,-199.99998808E-3,
,,,22.42000008,199.99998808E-3,
,,,22.43999863,-199.99998808E-3,
,,,22.45999908,199.99998808E-3,
,,,22.47999954,-199.99998808E-3,
,,,22.50000000,199.99998808E-3,
,,,22.51999855,-239.99999464E-3,
,,,22.53999901,280.00000119E-3,
,,,22.55999947,-239.99999464E-3,
,,,22.57999992,239.99999464E-3,
,,,22.60000038,-239.99999464E-3,
,,,22.61999893,239.99999464E-3,
,,,22.63999939,-239.99999464E-3,
,,,22.65999985,239.99999464E-3,
,,,22.68000031,-280.00000119E-3,
,,,22.69999886,280.00000119E-3,
,,,22.71999931,-239.99999464E-3,
,,,22.73999977,280.00000119E-3,
,,,22.76000023,-280.00000119E-3,
,,,22.77999878,319.99999285E-3,
,,,22.79999924,-280.00000119E-3,
,,,22.81999969,319.99999285E-3,
,,,22.84000015,-280.00000119E-3,
,,,22.85999870,319.99999285E-3,
,,,22.87999916,-319.99999285E-3,
,,,22.89999962,319.99999285E-3,
,,,22.92000008,-359.99998450E-3,
,,,22.93999863,359.99998450E-3,
,,,22.95999908,-359.99998450E-3,
,,,22.97999954,399.99997616E-3,
,,,23.00000000,-359.99998450E-3,
,,,23.01999855,399.99997616E-3,
,,,23.03999901,-399.99997616E-3,
,,,23.05999947,399.99997616E-3,
,,,23.07999992,-399.99997616E-3,
,,,23.10000038,399.99997616E-3,
,,,23.11999893,-439.999997616E-3,
,,,23.13999939,479.999989271E-3,
,,,23.15999985,-519.999980927E-3,
,,,23.18000031,479.999989271E-3,
,,,23.19999886,-519.999980927E-3,
,,,23.21999931,519.999980927E-3,
,,,23.23999977,-519.999980927E-3,
,,,23.26000023,560.000002384E-3,
,,,23.27999878,-519.999980927E-3,
,,,23.29999924,560.000002384E-3,
,,,23.31999969,-560.000002384E-3,
,,,23.34000015,599.999964237E-3,
,,,23.35999870,-639.999985695E-3,
,,,23.37999916,599.999964237E-3,
,,,23.39999962,-639.999985695E-3,
,,,23.42000008,639.999985695E-3,
,,,23.43999863,-680.000007153E-3,
,,,23.45999908,680.000007153E-3,
,,,23.47999954,-680.000007153E-3,
,,,23.50000000,719.999969006E-3,
,,,23.51999855,-719.999969006E-3,
,,,23.53999901,759.999990463E-3,
,,,23.55999947,-759.999990463E-3,
,,,23.57999992,759.999990463E-3,
,,,23.60000038,-799.999952316E-3,
,,,23.61999893,799.999952316E-3,
,,,23.63999939,-839.999973774E-3,
,,,23.65999985,839.999973774E-3,
,,,23.68000031,-879.999995232E-3,
,,,23.69999886,919.999957085E-3,
,,,23.71999931,-919.999957085E-3,
,,,23.73999977,959.999978542E-3,
,,,23.76000023,-1.000000,
,,,23.77999878,1.000000,
,,,23.79999924,-1.0400000,
,,,23.81999969,1.0400000,
,,,23.84000015,-1.0799999,
,,,23.85999870,1.0799999,
,,,23.87999916,-1.1200000,
,,,23.89999962,1.1200000,
,,,23.92000008,-1.1600000,
,,,23.93999863,1.1600000,
,,,23.95999908,-1.2400000,
,,,23.97999954,1.2400000,
,,,24.00000000,-1.2800000,
,,,24.01999855,1.2800000,
,,,24.03999901,-1.3600000,
,,,24.05999947,1.3600000,
,,,24.07999992,-1.4000000,
,,,24.10000038,1.4000000,
,,,24.11999893,-1.4399999,
,,,24.13999939,1.4399999,
,,,24.15999985,-1.4800000,
,,,24.18000031,1.5200000,
,,,24.19999886,-1.5200000,
,,,24.21999931,1.5599999,
,,,24.23999977,-1.5599999,
,,,24.26000023,1.6400000,
,,,24.27999878,-1.6400000,
,,,24.29999924,1.6400000,
,,,24.31999969,-1.6400000,
,,,24.34000015,1.6799999,
,,,24.35999870,-1.6799999,
,,,24.37999916,1.7199999,
,,,24.39999962,-1.7199999,
,,,24.42000008,1.7600000,
,,,24.43999863,-1.7199999,
,,,24.45999908,1.8399999,
,,,24.47999954,-1.7600000,
,,,24.50000000,1.8000000,
,,,24.51999855,-1.7600000,
,,,24.53999901,1.8000000,
,,,24.55999947,-1.7199999,
,,,24.57999992,1.8000000,
,,,24.60000038,-1.7199999,
,,,24.61999893,1.7600000,
,,,24.63999939,-1.7199999,
,,,24.65999985,1.8000000,
,,,24.68000031,-1.6799999,
,,,24.69999886,1.7600000,
,,,24.71999931,-1.6400000,
,,,24.73999977,1.6799999,
,,,24.76000023,-1.5999999,
,,,24.77999878,1.6400000,
,,,24.79999924,-1.5599999,
,,,24.81999969,1.5999999,
,,,24.84000015,-1.4800000,
,,,24.85999870,1.5200000,
,,,24.87999916,-1.4399999,
,,,24.89999962,1.4800000,
,,,24.92000008,-1.3199999,
,,,24.93999863,1.4000000,
,,,24.95999908,-1.2800000,
,,,24.97999954,1.3199999,
,,,25.00000000,-1.2400000,
,,,25.01999855,1.2800000,
,,,25.03999901,-1.1600000,
,,,25.05999947,1.1999999,
,,,25.07999992,-1.0799999,
,,,25.10000038,1.1200000,
,,,25.11999893,-1.0400000,
,,,25.13999939,1.1200000,
,,,25.15999985,-1.000000,
,,,25.18000031,1.0400000,
,,,25.19999886,-919.999957085E-3,
,,,25.21999931,959.999978542E-3,
,,,25.23999977,-879.999995232E-3,
,,,25.26000023,919.999957085E-3,
,,,25.27999878,-839.999973774E-3,
,,,25.29999924,879.999995232E-3,
,,,25.31999969,-799.999952316E-3,
,,,25.34000015,839.999973774E-3,
,,,25.35999870,-759.999990463E-3,
,,,25.37999916,799.999952316E-3,
,,,25.39999962,-759.999990463E-3,
,,,25.42000008,759.999990463E-3,
,,,25.43999863,-680.000007153E-3,
,,,25.45999908,719.999969006E-3,
,,,25.47999954,-639.999985695E-3,
,,,25.50000000,680.000007153E-3,
,,,25.51999855,-639.999985695E-3,
,,,25.53999901,639.999985695E-3,
,,,25.55999947,-599.999964237E-3,
,,,25.57999992,639.999985695E-3,
,,,25.59999847,-560.000002384E-3,
,,,25.61999893,599.999964237E-3,
,,,25.63999939,-519.999980927E-3,
,,,25.65999985,599.999964237E-3,
,,,25.68000031,-519.999980927E-3,
,,,25.69999886,560.000002384E-3,
,,,25.71999931,-479.999989271E-3,
,,,25.73999977,519.999980927E-3,
,,,25.76000023,-479.999989271E-3,
,,,25.77999878,479.999989271E-3,
,,,25.79999924,-439.999997616E-3,
,,,25.81999969,479.999989271E-3,
,,,25.84000015,-439.999997616E-3,
,,,25.85999870,479.999989271E-3,
,,,25.87999916,-439.999997616E-3,
,,,25.89999962,439.999997616E-3,
,,,25.92000008,-439.999997616E-3,
,,,25.93999863,399.99997616E-3,
,,,25.95999908,-399.99997616E-3,
,,,25.97999954,399.99997616E-3,
,,,26.00000000,-359.99998450E-3,
,,,26.01999855,399.99997616E-3,
,,,26.03999901,-359.99998450E-3,
,,,26.05999947,399.99997616E-3,
,,,26.07999992,-319.99999285E-3,
,,,26.09999847,359.99998450E-3,
,,,26.11999893,-359.99998450E-3,
,,,26.13999939,359.99998450E-3,
,,,26.15999985,-319.99999285E-3,
,,,26.18000031,319.99999285E-3,
,,,26.19999886,-280.00000119E-3,
,,,26.21999931,319.99999285E-3,
,,,26.23999977,-280.00000119E-3,
,,,26.26000023,319.99999285E-3,
,,,26.27999878,-280.00000119E-3,
,,,26.29999924,280.00000119E-3,
,,,26.31999969,-280.00000119E-3,
,,,26.34000015,280.00000119E-3,
,,,26.35999870,-280.00000119E-3,
,,,26.37999916,280.00000119E-3,
,,,26.39999962,-280.00000119E-3,
,,,26.42000008,280.00000119E-3,
,,,26.43999863,-280.00000119E-3,
,,,26.45999908,280.00000119E-3,
,,,26.47999954,-239.99999464E-3,
,,,26.50000000,239.99999464E-3,
,,,26.51999855,-239.99999464E-3,
,,,26.53999901,239.99999464E-3,
,,,26.55999947,-239.99999464E-3,
,,,26.57999992,239.99999464E-3,
,,,26.59999847,-239.99999464E-3,
,,,26.61999893,239.99999464E-3,
,,,26.63999939,-239.99999464E-3,
,,,26.65999985,280.00000119E-3,
,,,26.68000031,-199.99998808E-3,
,,,26.69999886,239.99999464E-3,
,,,26.71999931,-199.99998808E-3,
,,,26.73999977,239.99999464E-3,
,,,26.76000023,-199.99998808E-3,
,,,26.77999878,280.00000119E-3,
,,,26.79999924,-239.99999464E-3,
,,,26.81999969,239.99999464E-3,
,,,26.84000015,-239.99999464E-3,
,,,26.85999870,239.99999464E-3,
,,,26.87999916,-199.99998808E-3,
,,,26.89999962,239.99999464E-3,
,,,26.92000008,-199.99998808E-3,
,,,26.93999863,239.99999464E-3,
,,,26.95999908,-199.99998808E-3,
,,,26.97999954,239.99999464E-3,
,,,27.00000000,-199.99998808E-3,
,,,27.01999855,239.99999464E-3,
,,,27.03999901,-199.99998808E-3,
,,,27.05999947,199.99998808E-3,
,,,27.07999992,-199.99998808E-3,
,,,27.09999847,239.99999464E-3,
,,,27.11999893,-199.99998808E-3,
,,,27.13999939,199.99998808E-3,
,,,27.15999985,-199.99998808E-3,
,,,27.18000031,199.99998808E-3,
,,,27.19999886,-199.99998808E-3,
,,,27.21999931,199.99998808E-3,
,,,27.23999977,-199.99998808E-3,
,,,27.26000023,239.99999464E-3,
,,,27.27999878,-199.99998808E-3,
,,,27.29999924,239.99999464E-3,
,,,27.31999969,-199.99998808E-3,
,,,27.34000015,199.99998808E-3,
,,,27.35999870,-199.99998808E-3,
,,,27.37999916,199.99998808E-3,
,,,27.39999962,-199.99998808E-3,
,,,27.42000008,239.99999464E-3,
,,,27.43999863,-199.99998808E-3,
,,,27.45999908,199.99998808E-3,
,,,27.47999954,-199.99998808E-3,
,,,27.50000000,199.99998808E-3,
,,,27.51999855,-199.99998808E-3,
,,,27.53999901,199.99998808E-3,
,,,27.55999947,-199.99998808E-3,
,,,27.57999992,199.99998808E-3,
,,,27.59999847,-199.99998808E-3,
,,,27.61999893,199.99998808E-3,
,,,27.63999939,-199.99998808E-3,
,,,27.65999985,199.99998808E-3,
,,,27.68000031,-159.99999642E-3,
,,,27.69999886,199.99998808E-3,
,,,27.71999931,-199.99998808E-3,
,,,27.73999977,199.99998808E-3,
,,,27.76000023,-159.99999642E-3,
,,,27.77999878,199.99998808E-3,
,,,27.79999924,-199.99998808E-3,
,,,27.81999969,199.99998808E-3,
,,,27.84000015,-159.99999642E-3,
,,,27.85999870,239.99999464E-3,
,,,27.87999916,-159.99999642E-3,
,,,27.89999962,199.99998808E-3,
,,,27.92000008,-199.99998808E-3,
,,,27.93999863,199.99998808E-3,
,,,27.95999908,-159.99999642E-3,
,,,27.97999954,199.99998808E-3,
,,,28.00000000,-159.99999642E-3,
,,,28.01999855,199.99998808E-3,
,,,28.03999901,-199.99998808E-3,
,,,28.05999947,199.99998808E-3,
,,,28.07999992,-159.99999642E-3,
,,,28.09999847,199.99998808E-3,
,,,28.11999893,-159.99999642E-3,
,,,28.13999939,199.99998808E-3,
,,,28.15999985,-159.99999642E-3,
,,,28.18000031,199.99998808E-3,
,,,28.19999886,-159.99999642E-3,
,,,28.21999931,199.99998808E-3,
,,,28.23999977,-199.99998808E-3,
,,,28.26000023,199.99998808E-3,
,,,28.27999878,-199.99998808E-3,
,,,28.29999924,159.99999642E-3,
,,,28.31999969,-159.99999642E-3,
,,,28.34000015,239.99999464E-3,
,,,28.35999870,-159.99999642E-3,
,,,28.37999916,199.99998808E-3,
,,,28.39999962,-159.99999642E-3,
,,,28.42000008,159.99999642E-3,
,,,28.43999863,-199.99998808E-3,
,,,28.45999908,199.99998808E-3,
,,,28.47999954,-159.99999642E-3,
,,,28.50000000,199.99998808E-3,
,,,28.51999855,-199.99998808E-3,
,,,28.53999901,159.99999642E-3,
,,,28.55999947,-159.99999642E-3,
,,,28.57999992,199.99998808E-3,
,,,28.59999847,-199.99998808E-3,
,,,28.61999893,239.99999464E-3,
,,,28.63999939,-159.99999642E-3,
,,,28.65999985,199.99998808E-3,
,,,28.68000031,-159.99999642E-3,
,,,28.69999886,199.99998808E-3,
,,,28.71999931,-159.99999642E-3,
,,,28.73999977,159.99999642E-3,
,,,28.76000023,-159.99999642E-3,
,,,28.77999878,199.99998808E-3,
,,,28.79999924,-159.99999642E-3,
,,,28.81999969,159.99999642E-3,
,,,28.84000015,-159.99999642E-3,
,,,28.85999870,199.99998808E-3,
,,,28.87999916,-159.99999642E-3,
,,,28.89999962,199.99998808E-3,
,,,28.92000008,-159.99999642E-3,
,,,28.93999863,159.99999642E-3,
,,,28.95999908,-159.99999642E-3,
,,,28.97999954,199.99998808E-3,
,,,29.00000000,-199.99998808E-3,
,,,29.01999855,199.99998808E-3,
,,,29.03999901,-159.99999642E-3,
,,,29.05999947,159.99999642E-3,
,,,29.07999992,-159.99999642E-3,
,,,29.09999847,199.99998808E-3,
,,,29.11999893,-159.99999642E-3,
,,,29.13999939,159.99999642E-3,
,,,29.15999985,-159.99999642E-3,
,,,29.17999840,159.99999642E-3,
,,,29.19999886,-159.99999642E-3,
,,,29.21999931,199.99998808E-3,
,,,29.23999977,-119.9999973E-3,
,,,29.26000023,199.99998808E-3,
,,,29.27999878,-159.99999642E-3,
,,,29.29999924,159.99999642E-3,
,,,29.31999969,-159.99999642E-3,
,,,29.34000015,159.99999642E-3,
,,,29.35999870,-159.99999642E-3,
,,,29.37999916,199.99998808E-3,
,,,29.39999962,-159.99999642E-3,
,,,29.42000008,159.99999642E-3,
,,,29.43999863,-159.99999642E-3,
,,,29.45999908,159.99999642E-3,
,,,29.47999954,-119.9999973E-3,
,,,29.50000000,159.99999642E-3,
,,,29.51999855,-159.99999642E-3,
,,,29.53999901,159.99999642E-3,
,,,29.55999947,-159.99999642E-3,
,,,29.57999992,199.99998808E-3,
,,,29.59999847,-159.99999642E-3,
,,,29.61999893,159.99999642E-3,
,,,29.63999939,-159.99999642E-3,
,,,29.65999985,159.99999642E-3,
,,,29.67999840,-159.99999642E-3,
,,,29.69999886,159.99999642E-3,
,,,29.71999931,-159.99999642E-3,
,,,29.73999977,159.99999642E-3,
,,,29.76000023,-159.99999642E-3,
,,,29.77999878,159.99999642E-3,
,,,29.79999924,-119.9999973E-3,
,,,29.81999969,159.99999642E-3,
,,,29.84000015,-119.9999973E-3,
,,,29.85999870,159.99999642E-3,
,,,29.87999916,-119.9999973E-3,
,,,29.89999962,159.99999642E-3,
,,,29.92000008,-159.99999642E-3,
,,,29.93999863,159.99999642E-3,
,,,29.95999908,-159.99999642E-3,
,,,29.97999954,159.99999642E-3,
,,,30.00000000,-119.9999973E-3,
,,,30.01999855,159.99999642E-3,
,,,30.03999901,-119.9999973E-3,
,,,30.05999947,159.99999642E-3,
,,,30.07999992,-119.9999973E-3,
,,,30.09999847,159.99999642E-3,
,,,30.11999893,-119.9999973E-3,
,,,30.13999939,159.99999642E-3,
,,,30.15999985,-119.9999973E-3,
,,,30.17999840,159.99999642E-3,
,,,30.19999886,-159.99999642E-3,
,,,30.21999931,159.99999642E-3,
,,,30.23999977,-119.9999973E-3,
,,,30.26000023,159.99999642E-3,
,,,30.27999878,-119.9999973E-3,
,,,30.29999924,159.99999642E-3,
,,,30.31999969,-119.9999973E-3,
,,,30.34000015,159.99999642E-3,
,,,30.35999870,-199.99998808E-3,
,,,30.37999916,159.99999642E-3,
,,,30.39999962,-159.99999642E-3,
,,,30.42000008,159.99999642E-3,
,,,30.43999863,-119.9999973E-3,
,,,30.45999908,159.99999642E-3,
,,,30.47999954,-159.99999642E-3,
,,,30.50000000,199.99998808E-3,
,,,30.51999855,-199.99998808E-3,
,,,30.53999901,199.99998808E-3,
,,,30.55999947,-159.99999642E-3,
,,,30.57999992,199.99998808E-3,
,,,30.59999847,-159.99999642E-3,
,,,30.61999893,239.99999464E-3,
,,,30.63999939,-159.99999642E-3,
,,,30.65999985,199.99998808E-3,
,,,30.67999840,-159.99999642E-3,
,,,30.69999886,199.99998808E-3,
,,,30.71999931,-199.99998808E-3,
,,,30.73999977,199.99998808E-3,
,,,30.76000023,-199.99998808E-3,
,,,30.77999878,239.99999464E-3,
,,,30.79999924,-199.99998808E-3,
,,,30.81999969,239.99999464E-3,
,,,30.84000015,-199.99998808E-3,
,,,30.85999870,239.99999464E-3,
,,,30.87999916,-239.99999464E-3,
,,,30.89999962,239.99999464E-3,
,,,30.92000008,-280.00000119E-3,
,,,30.93999863,239.99999464E-3,
,,,30.95999908,-280.00000119E-3,
,,,30.97999954,280.00000119E-3,
,,,31.00000000,-280.00000119E-3,
,,,31.01999855,319.99999285E-3,
,,,31.03999901,-319.99999285E-3,
,,,31.05999947,319.99999285E-3,
,,,31.07999992,-319.99999285E-3,
,,,31.09999847,359.99998450E-3,
,,,31.11999893,-359.99998450E-3,
,,,31.13999939,359.99998450E-3,
,,,31.15999985,-359.99998450E-3,
,,,31.17999840,399.99997616E-3,
,,,31.19999886,-359.99998450E-3,
,,,31.21999931,399.99997616E-3,
,,,31.23999977,-399.99997616E-3,
,,,31.26000023,479.999989271E-3,
,,,31.27999878,-439.999997616E-3,
,,,31.29999924,479.999989271E-3,
,,,31.31999969,-479.999989271E-3,
,,,31.34000015,479.999989271E-3,
,,,31.35999870,-479.999989271E-3,
,,,31.37999916,519.999980927E-3,
,,,31.39999962,-519.999980927E-3,
,,,31.42000008,560.000002384E-3,
,,,31.43999863,-560.000002384E-3,
,,,31.45999908,599.999964237E-3,
,,,31.47999954,-599.999964237E-3,
,,,31.50000000,639.999985695E-3,
,,,31.51999855,-639.999985695E-3,
,,,31.53999901,680.000007153E-3,
,,,31.55999947,-680.000007153E-3,
,,,31.57999992,719.999969006E-3,
,,,31.59999847,-719.999969006E-3,
,,,31.61999893,759.999990463E-3,
,,,31.63999939,-799.999952316E-3,
,,,31.65999985,839.999973774E-3,
,,,31.67999840,-879.999995232E-3,
,,,31.69999886,879.999995232E-3,
,,,31.71999931,-919.999957085E-3,
,,,31.73999977,959.999978542E-3,
,,,31.76000023,-1.000000,
,,,31.77999878,1.0400000,
,,,31.79999924,-1.0400000,
,,,31.81999969,1.0799999,
,,,31.84000015,-1.1200000,
,,,31.85999870,1.1200000,
,,,31.87999916,-1.1600000,
,,,31.89999962,1.1999999,
,,,31.92000008,-1.1999999,
,,,31.93999863,1.2800000,
,,,31.95999908,-1.2800000,
,,,31.97999954,1.3199999,
,,,32.00000000,-1.3199999,
,,,32.02000046,1.3600000,
,,,32.04000092,-1.4000000,
,,,32.05999756,1.4399999,
,,,32.07999802,-1.4399999,
,,,32.09999847,1.4399999,
,,,32.11999893,-1.5200000,
,,,32.13999939,1.5200000,
,,,32.15999985,-1.4800000,
,,,32.18000031,1.4800000,
,,,32.20000076,-1.4800000,
,,,32.21999741,1.5200000,
,,,32.23999786,-1.4800000,
,,,32.25999832,1.5200000,
,,,32.27999878,-1.5200000,
,,,32.29999924,1.5200000,
,,,32.31999969,-1.4800000,
,,,32.34000015,1.4800000,
,,,32.36000061,-1.4399999,
,,,32.38000107,1.4399999,
,,,32.39999771,-1.4000000,
,,,32.41999817,1.4399999,
,,,32.43999863,-1.4000000,
,,,32.45999908,1.4399999,
,,,32.47999954,-1.3600000,
,,,32.50000000,1.3600000,
,,,32.52000046,-1.3199999,
,,,32.54000092,1.3600000,
,,,32.55999756,-1.2800000,
,,,32.57999802,1.2800000,
,,,32.59999847,-1.2400000,
,,,32.61999893,1.2800000,
,,,32.63999939,-1.2400000,
,,,32.65999985,1.2400000,
,,,32.68000031,-1.1999999,
,,,32.70000076,1.1999999,
,,,32.71999741,-1.1600000,
,,,32.73999786,1.1999999,
,,,32.75999832,-1.1200000,
,,,32.77999878,1.1200000,
,,,32.79999924,-1.0799999,
,,,32.81999969,1.1200000,
,,,32.84000015,-1.0799999,
,,,32.86000061,1.1200000,
,,,32.88000107,-1.0799999,
,,,32.89999771,1.0799999,
,,,32.91999817,-1.000000,
,,,32.93999863,1.0400000,
,,,32.95999908,-959.999978542E-3,
,,,32.97999954,1.000000,
,,,33.00000000,-959.999978542E-3,
,,,33.02000046,959.999978542E-3,
,,,33.04000092,-919.999957085E-3,
,,,33.05999756,959.999978542E-3,
,,,33.07999802,-919.999957085E-3,
,,,33.09999847,959.999978542E-3,
,,,33.11999893,-879.999995232E-3,
,,,33.13999939,919.999957085E-3,
,,,33.15999985,-839.999973774E-3,
,,,33.18000031,879.999995232E-3,
,,,33.20000076,-839.999973774E-3,
,,,33.21999741,879.999995232E-3,
,,,33.23999786,-839.999973774E-3,
,,,33.25999832,839.999973774E-3,
,,,33.27999878,-799.999952316E-3,
,,,33.29999924,799.999952316E-3,
,,,33.31999969,-799.999952316E-3,
,,,33.34000015,799.999952316E-3,
,,,33.36000061,-759.999990463E-3,
,,,33.38000107,799.999952316E-3,
,,,33.39999771,-759.999990463E-3,
,,,33.41999817,759.999990463E-3,
,,,33.43999863,-680.000007153E-3,
,,,33.45999908,719.999969006E-3,
,,,33.47999954,-719.999969006E-3,
,,,33.50000000,719.999969006E-3,
,,,33.52000046,-680.000007153E-3,
,,,33.54000092,719.999969006E-3,
,,,33.55999756,-680.000007153E-3,
,,,33.57999802,680.000007153E-3,
,,,33.59999847,-639.999985695E-3,
,,,33.61999893,680.000007153E-3,
,,,33.63999939,-639.999985695E-3,
,,,33.65999985,639.999985695E-3,
,,,33.68000031,-599.999964237E-3,
,,,33.70000076,639.999985695E-3,
,,,33.71999741,-599.999964237E-3,
,,,33.73999786,639.999985695E-3,
,,,33.75999832,-599.999964237E-3,
,,,33.77999878,599.999964237E-3,
,,,33.79999924,-599.999964237E-3,
,,,33.81999969,599.999964237E-3,
,,,33.84000015,-560.000002384E-3,
,,,33.86000061,560.000002384E-3,
,,,33.88000107,-560.000002384E-3,
,,,33.89999771,560.000002384E-3,
,,,33.91999817,-519.999980927E-3,
,,,33.93999863,560.000002384E-3,
,,,33.95999908,-519.999980927E-3,
,,,33.97999954,519.999980927E-3,
,,,34.00000000,-479.999989271E-3,
,,,34.02000046,519.999980927E-3,
,,,34.04000092,-479.999989271E-3,
,,,34.05999756,519.999980927E-3,
,,,34.07999802,-479.999989271E-3,
,,,34.09999847,479.999989271E-3,
,,,34.11999893,-479.999989271E-3,
,,,34.13999939,479.999989271E-3,
,,,34.15999985,-439.999997616E-3,
,,,34.18000031,479.999989271E-3,
,,,34.20000076,-479.999989271E-3,
,,,34.21999741,439.999997616E-3,
,,,34.23999786,-399.99997616E-3,
,,,34.25999832,439.999997616E-3,
,,,34.27999878,-399.99997616E-3,
,,,34.29999924,439.999997616E-3,
,,,34.31999969,-399.99997616E-3,
,,,34.34000015,479.999989271E-3,
,,,34.36000061,-439.999997616E-3,
,,,34.38000107,399.99997616E-3,
,,,34.39999771,-399.99997616E-3,
,,,34.41999817,399.99997616E-3,
,,,34.43999863,-399.99997616E-3,
,,,34.45999908,399.99997616E-3,
,,,34.47999954,-359.99998450E-3,
,,,34.50000000,399.99997616E-3,
,,,34.52000046,-359.99998450E-3,
,,,34.54000092,359.99998450E-3,
,,,34.55999756,-359.99998450E-3,
,,,34.57999802,359.99998450E-3,
,,,34.59999847,-359.99998450E-3,
,,,34.61999893,359.99998450E-3,
,,,34.63999939,-359.99998450E-3,
,,,34.65999985,359.99998450E-3,
,,,34.68000031,-319.99999285E-3,
,,,34.70000076,359.99998450E-3,
,,,34.71999741,-319.99999285E-3,
,,,34.73999786,319.99999285E-3,
,,,34.75999832,-280.00000119E-3,
,,,34.77999878,319.99999285E-3,
,,,34.79999924,-319.99999285E-3,
,,,34.81999969,319.99999285E-3,
,,,34.84000015,-280.00000119E-3,
,,,34.86000061,359.99998450E-3,
,,,34.88000107,-280.00000119E-3,
,,,34.89999771,280.00000119E-3,
,,,34.91999817,-280.00000119E-3,
,,,34.93999863,319.99999285E-3,
,,,34.95999908,-239.99999464E-3,
,,,34.97999954,319.99999285E-3,
,,,35.00000000,-280.00000119E-3,
,,,35.02000046,319.99999285E-3,
,,,35.04000092,-280.00000119E-3,
,,,35.05999756,280.00000119E-3,
,,,35.07999802,-280.00000119E-3,
,,,35.09999847,239.99999464E-3,
,,,35.11999893,-239.99999464E-3,
,,,35.13999939,280.00000119E-3,
,,,35.15999985,-280.00000119E-3,
,,,35.18000031,239.99999464E-3,
,,,35.20000076,-239.99999464E-3,
,,,35.21999741,280.00000119E-3,
,,,35.23999786,-239.99999464E-3,
,,,35.25999832,239.99999464E-3,
,,,35.27999878,-199.99998808E-3,
,,,35.29999924,239.99999464E-3,
,,,35.31999969,-199.99998808E-3,
,,,35.34000015,239.99999464E-3,
,,,35.36000061,-199.99998808E-3,
,,,35.38000107,199.99998808E-3,
,,,35.39999771,-199.99998808E-3,
,,,35.41999817,199.99998808E-3,
,,,35.43999863,-199.99998808E-3,
,,,35.45999908,239.99999464E-3,
,,,35.47999954,-199.99998808E-3,
,,,35.50000000,239.99999464E-3,
,,,35.52000046,-199.99998808E-3,
,,,35.54000092,239.99999464E-3,
,,,35.55999756,-159.99999642E-3,
,,,35.57999802,199.99998808E-3,
,,,35.59999847,-159.99999642E-3,
,,,35.61999893,199.99998808E-3,
,,,35.63999939,-199.99998808E-3,
,,,35.65999985,199.99998808E-3,
,,,35.68000031,-159.99999642E-3,
,,,35.70000076,199.99998808E-3,
,,,35.71999741,-199.99998808E-3,
,,,35.73999786,159.99999642E-3,
,,,35.75999832,-159.99999642E-3,
,,,35.77999878,199.99998808E-3,
,,,35.79999924,-159.99999642E-3,
,,,35.81999969,159.99999642E-3,
,,,35.84000015,-159.99999642E-3,
,,,35.86000061,199.99998808E-3,
,,,35.88000107,-159.99999642E-3,
,,,35.89999771,159.99999642E-3,
,,,35.91999817,-159.99999642E-3,
,,,35.93999863,199.99998808E-3,
,,,35.95999908,-159.99999642E-3,
,,,35.97999954,239.99999464E-3,
,,,36.00000000,-119.9999973E-3,
,,,36.02000046,199.99998808E-3,
,,,36.04000092,-159.99999642E-3,
,,,36.05999756,159.99999642E-3,
,,,36.07999802,-119.9999973E-3,
,,,36.09999847,199.99998808E-3,
,,,36.11999893,-199.99998808E-3,
,,,36.13999939,199.99998808E-3,
,,,36.15999985,-159.99999642E-3,
,,,36.18000031,159.99999642E-3,
,,,36.20000076,-119.9999973E-3,
,,,36.21999741,199.99998808E-3,
,,,36.23999786,-119.9999973E-3,
,,,36.25999832,159.99999642E-3,
,,,36.27999878,-159.99999642E-3,
,,,36.29999924,159.99999642E-3,
,,,36.31999969,-119.9999973E-3,
,,,36.34000015,159.99999642E-3,
,,,36.36000061,-119.9999973E-3,
,,,36.38000107,159.99999642E-3,
,,,36.39999771,-119.9999973E-3,
,,,36.41999817,159.99999642E-3,
,,,36.43999863,-119.9999973E-3,
,,,36.45999908,159.99999642E-3,
,,,36.47999954,-119.9999973E-3,
,,,36.50000000,159.99999642E-3,
,,,36.52000046,-119.9999973E-3,
,,,36.54000092,159.99999642E-3,
,,,36.55999756,-119.9999973E-3,
,,,36.57999802,159.99999642E-3,
,,,36.59999847,-119.9999973E-3,
,,,36.61999893,159.99999642E-3,
,,,36.63999939,-199.99998808E-3,
,,,36.65999985,159.99999642E-3,
,,,36.68000031,-119.9999973E-3,
,,,36.70000076,159.99999642E-3,
,,,36.71999741,-119.9999973E-3,
,,,36.73999786,159.99999642E-3,
,,,36.75999832,-119.9999973E-3,
,,,36.77999878,119.9999973E-3,
,,,36.79999924,-119.9999973E-3,
,,,36.81999969,119.9999973E-3,
,,,36.84000015,-119.9999973E-3,
,,,36.86000061,159.99999642E-3,
,,,36.88000107,-159.99999642E-3,
,,,36.89999771,159.99999642E-3,
,,,36.91999817,-159.99999642E-3,
,,,36.93999863,159.99999642E-3,
,,,36.95999908,-119.9999973E-3,
,,,36.97999954,159.99999642E-3,
,,,37.00000000,-119.9999973E-3,
,,,37.02000046,119.9999973E-3,
,,,37.04000092,-119.9999973E-3,
,,,37.05999756,159.99999642E-3,
,,,37.07999802,-119.9999973E-3,
,,,37.09999847,159.99999642E-3,
,,,37.11999893,-119.9999973E-3,
,,,37.13999939,159.99999642E-3,
,,,37.15999985,-159.99999642E-3,
,,,37.18000031,159.99999642E-3,
,,,37.20000076,-119.9999973E-3,
,,,37.21999741,199.99998808E-3,
,,,37.23999786,-119.9999973E-3,
,,,37.25999832,159.99999642E-3,
,,,37.27999878,-119.9999973E-3,
,,,37.29999924,159.99999642E-3,
,,,37.31999969,-119.9999973E-3,
,,,37.34000015,159.99999642E-3,
,,,37.36000061,-119.9999973E-3,
,,,37.38000107,159.99999642E-3,
,,,37.39999771,-119.9999973E-3,
,,,37.41999817,199.99998808E-3,
,,,37.43999863,-119.9999973E-3,
,,,37.45999908,159.99999642E-3,
,,,37.47999954,-159.99999642E-3,
,,,37.50000000,159.99999642E-3,
,,,37.52000046,-199.99998808E-3,
,,,37.54000092,159.99999642E-3,
,,,37.55999756,-119.9999973E-3,
,,,37.57999802,159.99999642E-3,
,,,37.59999847,-119.9999973E-3,
,,,37.61999893,159.99999642E-3,
,,,37.63999939,-119.9999973E-3,
,,,37.65999985,159.99999642E-3,
,,,37.68000031,-119.9999973E-3,
,,,37.70000076,159.99999642E-3,
,,,37.71999741,-159.99999642E-3,
,,,37.73999786,199.99998808E-3,
,,,37.75999832,-119.9999973E-3,
,,,37.77999878,159.99999642E-3,
,,,37.79999924,-159.99999642E-3,
,,,37.81999969,159.99999642E-3,
,,,37.84000015,-119.9999973E-3,
,,,37.86000061,199.99998808E-3,
,,,37.87999725,-159.99999642E-3,
,,,37.89999771,199.99998808E-3,
,,,37.91999817,-119.9999973E-3,
,,,37.93999863,199.99998808E-3,
,,,37.95999908,-199.99998808E-3,
,,,37.97999954,159.99999642E-3,
,,,38.00000000,-159.99999642E-3,
,,,38.02000046,199.99998808E-3,
,,,38.04000092,-159.99999642E-3,
,,,38.05999756,239.99999464E-3,
,,,38.07999802,-159.99999642E-3,
,,,38.09999847,199.99998808E-3,
,,,38.11999893,-159.99999642E-3,
,,,38.13999939,199.99998808E-3,
,,,38.15999985,-159.99999642E-3,
,,,38.18000031,199.99998808E-3,
,,,38.20000076,-159.99999642E-3,
,,,38.21999741,199.99998808E-3,
,,,38.23999786,-159.99999642E-3,
,,,38.25999832,199.99998808E-3,
,,,38.27999878,-199.99998808E-3,
,,,38.29999924,199.99998808E-3,
,,,38.31999969,-159.99999642E-3,
,,,38.34000015,199.99998808E-3,
,,,38.36000061,-199.99998808E-3,
,,,38.37999725,199.99998808E-3,
,,,38.39999771,-199.99998808E-3,
,,,38.41999817,199.99998808E-3,
,,,38.43999863,-199.99998808E-3,
,,,38.45999908,239.99999464E-3,
,,,38.47999954,-199.99998808E-3,
,,,38.50000000,239.99999464E-3,
,,,38.52000046,-199.99998808E-3,
,,,38.54000092,239.99999464E-3,
,,,38.55999756,-199.99998808E-3,
,,,38.57999802,239.99999464E-3,
,,,38.59999847,-239.99999464E-3,
,,,38.61999893,239.99999464E-3,
,,,38.63999939,-239.99999464E-3,
,,,38.65999985,239.99999464E-3,
,,,38.68000031,-199.99998808E-3,
,,,38.70000076,239.99999464E-3,
,,,38.71999741,-199.99998808E-3,
,,,38.73999786,280.00000119E-3,
,,,38.75999832,-280.00000119E-3,
,,,38.77999878,239.99999464E-3,
,,,38.79999924,-280.00000119E-3,
,,,38.81999969,280.00000119E-3,
,,,38.84000015,-239.99999464E-3,
,,,38.86000061,319.99999285E-3,
,,,38.87999725,-280.00000119E-3,
,,,38.89999771,280.00000119E-3,
,,,38.91999817,-280.00000119E-3,
,,,38.93999863,319.99999285E-3,
,,,38.95999908,-280.00000119E-3,
,,,38.97999954,280.00000119E-3,
,,,39.00000000,-280.00000119E-3,
,,,39.02000046,319.99999285E-3,
,,,39.04000092,-280.00000119E-3,
,,,39.05999756,319.99999285E-3,
,,,39.07999802,-359.99998450E-3,
,,,39.09999847,319.99999285E-3,
,,,39.11999893,-319.99999285E-3,
,,,39.13999939,319.99999285E-3,
,,,39.15999985,-359.99998450E-3,
,,,39.18000031,359.99998450E-3,
,,,39.20000076,-359.99998450E-3,
,,,39.21999741,359.99998450E-3,
,,,39.23999786,-359.99998450E-3,
,,,39.25999832,359.99998450E-3,
,,,39.27999878,-359.99998450E-3,
,,,39.29999924,399.99997616E-3,
,,,39.31999969,-359.99998450E-3,
,,,39.34000015,399.99997616E-3,
,,,39.36000061,-399.99997616E-3,
,,,39.37999725,399.99997616E-3,
,,,39.39999771,-399.99997616E-3,
,,,39.41999817,439.999997616E-3,
,,,39.43999863,-399.99997616E-3,
,,,39.45999908,439.999997616E-3,
,,,39.47999954,-439.999997616E-3,
,,,39.50000000,479.999989271E-3,
,,,39.52000046,-479.999989271E-3,
,,,39.54000092,479.999989271E-3,
,,,39.55999756,-479.999989271E-3,
,,,39.57999802,479.999989271E-3,
,,,39.59999847,-519.999980927E-3,
,,,39.61999893,519.999980927E-3,
,,,39.63999939,-560.000002384E-3,
,,,39.65999985,560.000002384E-3,
,,,39.68000031,-560.000002384E-3,
,,,39.70000076,560.000002384E-3,
,,,39.71999741,-519.999980927E-3,
,,,39.73999786,560.000002384E-3,
,,,39.75999832,-599.999964237E-3,
,,,39.77999878,639.999985695E-3,
,,,39.79999924,-639.999985695E-3,
,,,39.81999969,639.999985695E-3,
,,,39.84000015,-639.999985695E-3,
,,,39.86000061,639.999985695E-3,
,,,39.87999725,-639.999985695E-3,
,,,39.89999771,680.000007153E-3,
,,,39.91999817,-680.000007153E-3,
,,,39.93999863,680.000007153E-3,
,,,39.95999908,-680.000007153E-3,
,,,39.97999954,719.999969006E-3,
,,,40.00000000,-719.999969006E-3,
,,,40.02000046,759.999990463E-3,
,,,40.04000092,-759.999990463E-3,
,,,40.05999756,839.999973774E-3,
,,,40.07999802,-759.999990463E-3,
,,,40.09999847,799.999952316E-3,
,,,40.11999893,-799.999952316E-3,
,,,40.13999939,839.999973774E-3,
,,,40.15999985,-839.999973774E-3,
,,,40.18000031,879.999995232E-3,
,,,40.20000076,-919.999957085E-3,
,,,40.21999741,879.999995232E-3,
,,,40.23999786,-839.999973774E-3,
,,,40.25999832,919.999957085E-3,
,,,40.27999878,-879.999995232E-3,
,,,40.29999924,919.999957085E-3,
,,,40.31999969,-919.999957085E-3,
,,,40.34000015,959.999978542E-3,
,,,40.36000061,-919.999957085E-3,
,,,40.37999725,919.999957085E-3,
,,,40.39999771,-919.999957085E-3,
,,,40.41999817,919.999957085E-3,
,,,40.43999863,-919.999957085E-3,
,,,40.45999908,919.999957085E-3,
,,,40.47999954,-919.999957085E-3,
,,,40.50000000,879.999995232E-3,
,,,40.52000046,-839.999973774E-3,
,,,40.54000092,879.999995232E-3,
,,,40.55999756,-839.999973774E-3,
,,,40.57999802,879.999995232E-3,
,,,40.59999847,-799.999952316E-3,
,,,40.61999893,879.999995232E-3,
,,,40.63999939,-759.999990463E-3,
,,,40.65999985,839.999973774E-3,
,,,40.68000031,-759.999990463E-3,
,,,40.70000076,799.999952316E-3,
,,,40.71999741,-719.999969006E-3,
,,,40.73999786,799.999952316E-3,
,,,40.75999832,-719.999969006E-3,
,,,40.77999878,719.999969006E-3,
,,,40.79999924,-680.000007153E-3,
,,,40.81999969,719.999969006E-3,
,,,40.84000015,-639.999985695E-3,
,,,40.86000061,719.999969006E-3,
,,,40.87999725,-680.000007153E-3,
,,,40.89999771,680.000007153E-3,
,,,40.91999817,-599.999964237E-3,
,,,40.93999863,639.999985695E-3,
,,,40.95999908,-599.999964237E-3,
,,,40.97999954,639.999985695E-3,
,,,41.00000000,-599.999964237E-3,
,,,41.02000046,639.999985695E-3,
,,,41.04000092,-560.000002384E-3,
,,,41.05999756,560.000002384E-3,
,,,41.07999802,-519.999980927E-3,
,,,41.09999847,560.000002384E-3,
,,,41.11999893,-519.999980927E-3,
,,,41.13999939,519.999980927E-3,
,,,41.15999985,-519.999980927E-3,
,,,41.18000031,519.999980927E-3,
,,,41.20000076,-479.999989271E-3,
,,,41.21999741,560.000002384E-3,
,,,41.23999786,-479.999989271E-3,
,,,41.25999832,479.999989271E-3,
,,,41.27999878,-439.999997616E-3,
,,,41.29999924,479.999989271E-3,
,,,41.31999969,-439.999997616E-3,
,,,41.34000015,479.999989271E-3,
,,,41.36000061,-439.999997616E-3,
,,,41.37999725,479.999989271E-3,
,,,41.39999771,-439.999997616E-3,
,,,41.41999817,479.999989271E-3,
,,,41.43999863,-439.999997616E-3,
,,,41.45999908,439.999997616E-3,
,,,41.47999954,-439.999997616E-3,
,,,41.50000000,439.999997616E-3,
,,,41.52000046,-439.999997616E-3,
,,,41.54000092,479.999989271E-3,
,,,41.55999756,-399.99997616E-3,
,,,41.57999802,439.999997616E-3,
,,,41.59999847,-399.99997616E-3,
,,,41.61999893,439.999997616E-3,
,,,41.63999939,-399.99997616E-3,
,,,41.65999985,399.99997616E-3,
,,,41.68000031,-399.99997616E-3,
,,,41.70000076,399.99997616E-3,
,,,41.71999741,-399.99997616E-3,
,,,41.73999786,399.99997616E-3,
,,,41.75999832,-399.99997616E-3,
,,,41.77999878,399.99997616E-3,
,,,41.79999924,-359.99998450E-3,
,,,41.81999969,399.99997616E-3,
,,,41.84000015,-359.99998450E-3,
,,,41.86000061,399.99997616E-3,
,,,41.87999725,-399.99997616E-3,
,,,41.89999771,399.99997616E-3,
,,,41.91999817,-359.99998450E-3,
,,,41.93999863,399.99997616E-3,
,,,41.95999908,-359.99998450E-3,
,,,41.97999954,399.99997616E-3,
,,,42.00000000,-359.99998450E-3,
,,,42.02000046,399.99997616E-3,
,,,42.04000092,-359.99998450E-3,
,,,42.05999756,439.999997616E-3,
,,,42.07999802,-399.99997616E-3,
,,,42.09999847,399.99997616E-3,
,,,42.11999893,-359.99998450E-3,
,,,42.13999939,399.99997616E-3,
,,,42.15999985,-359.99998450E-3,
,,,42.18000031,399.99997616E-3,
,,,42.20000076,-399.99997616E-3,
,,,42.21999741,399.99997616E-3,
,,,42.23999786,-359.99998450E-3,
,,,42.25999832,399.99997616E-3,
,,,42.27999878,-359.99998450E-3,
,,,42.29999924,359.99998450E-3,
,,,42.31999969,-359.99998450E-3,
,,,42.34000015,399.99997616E-3,
,,,42.36000061,-359.99998450E-3,
,,,42.37999725,399.99997616E-3,
,,,42.39999771,-399.99997616E-3,
,,,42.41999817,399.99997616E-3,
,,,42.43999863,-359.99998450E-3,
,,,42.45999908,399.99997616E-3,
,,,42.47999954,-359.99998450E-3,
,,,42.50000000,399.99997616E-3,
,,,42.52000046,-359.99998450E-3,
,,,42.54000092,439.999997616E-3,
,,,42.55999756,-359.99998450E-3,
,,,42.57999802,399.99997616E-3,
,,,42.59999847,-359.99998450E-3,
,,,42.61999893,399.99997616E-3,
,,,42.63999939,-359.99998450E-3,
,,,42.65999985,439.999997616E-3,
,,,42.68000031,-359.99998450E-3,
,,,42.70000076,399.99997616E-3,
,,,42.71999741,-439.999997616E-3,
,,,42.73999786,399.99997616E-3,
,,,42.75999832,-399.99997616E-3,
,,,42.77999878,399.99997616E-3,
,,,42.79999924,-399.99997616E-3,
,,,42.81999969,439.999997616E-3,
,,,42.84000015,-439.999997616E-3,
,,,42.86000061,399.99997616E-3,
,,,42.87999725,-439.999997616E-3,
,,,42.89999771,399.99997616E-3,
,,,42.91999817,-439.999997616E-3,
,,,42.93999863,439.999997616E-3,
,,,42.95999908,-399.99997616E-3,
,,,42.97999954,399.99997616E-3,
,,,43.00000000,-399.99997616E-3,
,,,43.02000046,439.999997616E-3,
,,,43.04000092,-399.99997616E-3,
,,,43.05999756,439.999997616E-3,
,,,43.07999802,-399.99997616E-3,
,,,43.09999847,479.999989271E-3,
,,,43.11999893,-399.99997616E-3,
,,,43.13999939,439.999997616E-3,
,,,43.15999985,-439.999997616E-3,
,,,43.18000031,479.999989271E-3,
,,,43.20000076,-439.999997616E-3,
,,,43.21999741,439.999997616E-3,
,,,43.23999786,-439.999997616E-3,
,,,43.25999832,479.999989271E-3,
,,,43.27999878,-439.999997616E-3,
,,,43.29999924,439.999997616E-3,
,,,43.31999969,-439.999997616E-3,
,,,43.34000015,479.999989271E-3,
,,,43.36000061,-439.999997616E-3,
,,,43.37999725,439.999997616E-3,
,,,43.39999771,-439.999997616E-3,
,,,43.41999817,479.999989271E-3,
,,,43.43999863,-439.999997616E-3,
,,,43.45999908,479.999989271E-3,
,,,43.47999954,-439.999997616E-3,
,,,43.50000000,479.999989271E-3,
,,,43.52000046,-439.999997616E-3,
,,,43.54000092,479.999989271E-3,
,,,43.55999756,-439.999997616E-3,
,,,43.57999802,479.999989271E-3,
,,,43.59999847,-439.999997616E-3,
,,,43.61999893,479.999989271E-3,
,,,43.63999939,-439.999997616E-3,
,,,43.65999985,479.999989271E-3,
,,,43.68000031,-479.999989271E-3,
,,,43.70000076,479.999989271E-3,
,,,43.71999741,-439.999997616E-3,
,,,43.73999786,479.999989271E-3,
,,,43.75999832,-439.999997616E-3,
,,,43.77999878,519.999980927E-3,
,,,43.79999924,-439.999997616E-3,
,,,43.81999969,519.999980927E-3,
,,,43.84000015,-439.999997616E-3,
,,,43.86000061,479.999989271E-3,
,,,43.87999725,-439.999997616E-3,
,,,43.89999771,479.999989271E-3,
,,,43.91999817,-479.999989271E-3,
,,,43.93999863,519.999980927E-3,
,,,43.95999908,-479.999989271E-3,
,,,43.97999954,519.999980927E-3,
,,,44.00000000,-479.999989271E-3,
,,,44.02000046,519.999980927E-3,
,,,44.04000092,-479.999989271E-3,
,,,44.05999756,479.999989271E-3,
,,,44.07999802,-479.999989271E-3,
,,,44.09999847,479.999989271E-3,
,,,44.11999893,-479.999989271E-3,
,,,44.13999939,519.999980927E-3,
,,,44.15999985,-479.999989271E-3,
,,,44.18000031,479.999989271E-3,
,,,44.20000076,-479.999989271E-3,
,,,44.21999741,519.999980927E-3,
,,,44.23999786,-479.999989271E-3,
,,,44.25999832,560.000002384E-3,
,,,44.27999878,-519.999980927E-3,
,,,44.29999924,519.999980927E-3,
,,,44.31999969,-519.999980927E-3,
,,,44.34000015,519.999980927E-3,
,,,44.36000061,-519.999980927E-3,
,,,44.37999725,519.999980927E-3,
,,,44.39999771,-479.999989271E-3,
,,,44.41999817,560.000002384E-3,
,,,44.43999863,-519.999980927E-3,
,,,44.45999908,519.999980927E-3,
,,,44.47999954,-519.999980927E-3,
,,,44.50000000,560.000002384E-3,
,,,44.52000046,-519.999980927E-3,
,,,44.53999710,560.000002384E-3,
,,,44.55999756,-519.999980927E-3,
,,,44.57999802,560.000002384E-3,
,,,44.59999847,-519.999980927E-3,
,,,44.61999893,560.000002384E-3,
,,,44.63999939,-519.999980927E-3,
,,,44.65999985,560.000002384E-3,
,,,44.68000031,-519.999980927E-3,
,,,44.70000076,560.000002384E-3,
,,,44.71999741,-519.999980927E-3,
,,,44.73999786,560.000002384E-3,
,,,44.75999832,-519.999980927E-3,
,,,44.77999878,560.000002384E-3,
,,,44.79999924,-560.000002384E-3,
,,,44.81999969,560.000002384E-3,
,,,44.84000015,-519.999980927E-3,
,,,44.86000061,560.000002384E-3,
,,,44.87999725,-519.999980927E-3,
,,,44.89999771,560.000002384E-3,
,,,44.91999817,-519.999980927E-3,
,,,44.93999863,560.000002384E-3,
,,,44.95999908,-560.000002384E-3,
,,,44.97999954,560.000002384E-3,
,,,45.00000000,-519.999980927E-3,
,,,45.02000046,560.000002384E-3,
,,,45.03999710,-5.11999989,
,,,45.05999756,-5.11999989,
,,,45.07999802,-5.11999989,
,,,45.09999847,-5.11999989,
,,,45.11999893,-5.11999989,
,,,45.13999939,-5.11999989,
,,,45.15999985,-5.11999989,
,,,45.18000031,-5.11999989,
,,,45.20000076,-5.11999989,
,,,45.21999741,-5.11999989,
,,,45.23999786,-5.11999989,
,,,45.25999832,-5.11999989,
,,,45.27999878,-5.11999989,
,,,45.29999924,-5.11999989,
,,,45.31999969,-5.11999989,
,,,45.34000015,-5.11999989,
,,,45.36000061,-5.11999989,
,,,45.37999725,-5.11999989,
,,,45.39999771,-5.11999989,
,,,45.41999817,-5.11999989,
,,,45.43999863,-5.11999989,
,,,45.45999908,-5.11999989,
,,,45.47999954,-5.11999989,
,,,45.50000000,-5.11999989,
,,,45.52000046,-5.11999989,
,,,45.53999710,-5.11999989,
,,,45.55999756,-5.11999989,
,,,45.57999802,-5.11999989,
,,,45.59999847,-5.11999989,
,,,45.61999893,-5.11999989,
,,,45.63999939,-5.11999989,
,,,45.65999985,-5.11999989,
,,,45.68000031,-5.11999989,
,,,45.70000076,-5.11999989,
,,,45.71999741,-5.11999989,
,,,45.73999786,-5.11999989,
,,,45.75999832,-5.11999989,
,,,45.77999878,-5.11999989,
,,,45.79999924,-5.11999989,
,,,45.81999969,-5.11999989,
,,,45.84000015,-5.11999989,
,,,45.86000061,-5.11999989,
,,,45.87999725,-5.11999989,
,,,45.89999771,-5.11999989,
,,,45.91999817,-5.11999989,
,,,45.93999863,-5.11999989,
,,,45.95999908,-5.11999989,
,,,45.97999954,-5.11999989,
,,,46.00000000,-5.11999989,
,,,46.02000046,-5.11999989,
,,,46.03999710,-5.11999989,
,,,46.05999756,-5.11999989,
,,,46.07999802,-5.11999989,
,,,46.09999847,-5.11999989,
,,,46.11999893,-5.11999989,
,,,46.13999939,-5.11999989,
,,,46.15999985,-5.11999989,
,,,46.18000031,-5.11999989,
,,,46.20000076,-5.11999989,
,,,46.21999741,-5.11999989,
,,,46.23999786,-5.11999989,
,,,46.25999832,-5.11999989,
,,,46.27999878,-5.11999989,
,,,46.29999924,-5.11999989,
,,,46.31999969,-5.11999989,
,,,46.34000015,-5.11999989,
,,,46.36000061,-5.11999989,
,,,46.37999725,-5.11999989,
,,,46.39999771,-5.11999989,
,,,46.41999817,-5.11999989,
,,,46.43999863,-5.11999989,
,,,46.45999908,-5.11999989,
,,,46.47999954,-5.11999989,
,,,46.50000000,-5.11999989,
,,,46.52000046,-5.11999989,
,,,46.53999710,-5.11999989,
,,,46.55999756,-5.11999989,
,,,46.57999802,-5.11999989,
,,,46.59999847,-5.11999989,
,,,46.61999893,-5.11999989,
,,,46.63999939,-5.11999989,
,,,46.65999985,-5.11999989,
,,,46.68000031,-5.11999989,
,,,46.70000076,-5.11999989,
,,,46.71999741,-5.11999989,
,,,46.73999786,-5.11999989,
,,,46.75999832,-5.11999989,
,,,46.77999878,-5.11999989,
,,,46.79999924,-5.11999989,
,,,46.81999969,-5.11999989,
,,,46.84000015,-5.11999989,
,,,46.86000061,-5.11999989,
,,,46.87999725,-5.11999989,
,,,46.89999771,-5.11999989,
,,,46.91999817,-5.11999989,
,,,46.93999863,-5.11999989,
,,,46.95999908,-5.11999989,
,,,46.97999954,-5.11999989,
,,,47.00000000,-5.11999989,
,,,47.02000046,-5.11999989,
,,,47.03999710,-5.11999989,
,,,47.05999756,-5.11999989,
,,,47.07999802,-5.11999989,
,,,47.09999847,-5.11999989,
,,,47.11999893,-5.11999989,
,,,47.13999939,-5.11999989,
,,,47.15999985,-5.11999989,
,,,47.18000031,-5.11999989,
,,,47.20000076,-5.11999989,
,,,47.21999741,-5.11999989,
,,,47.23999786,-5.11999989,
,,,47.25999832,-5.11999989,
,,,47.27999878,-5.11999989,
,,,47.29999924,-5.11999989,
,,,47.31999969,-5.11999989,
,,,47.34000015,-5.11999989,
,,,47.36000061,-5.11999989,
,,,47.37999725,-5.11999989,
,,,47.39999771,-5.11999989,
,,,47.41999817,-5.11999989,
,,,47.43999863,-5.11999989,
,,,47.45999908,-5.11999989,
,,,47.47999954,-5.11999989,
,,,47.50000000,-5.11999989,
,,,47.52000046,-5.11999989,
,,,47.53999710,-5.11999989,
,,,47.55999756,-5.11999989,
,,,47.57999802,-5.11999989,
,,,47.59999847,-5.11999989,
,,,47.61999893,-5.11999989,
,,,47.63999939,-5.11999989,
,,,47.65999985,-5.11999989,
,,,47.68000031,-5.11999989,
,,,47.70000076,-5.11999989,
,,,47.71999741,-5.11999989,
,,,47.73999786,-5.11999989,
,,,47.75999832,-5.11999989,
,,,47.77999878,-5.11999989,
,,,47.79999924,-5.11999989,
,,,47.81999969,-5.11999989,
,,,47.84000015,-5.11999989,
,,,47.86000061,-5.11999989,
,,,47.87999725,-5.11999989,
,,,47.89999771,-5.11999989,
,,,47.91999817,-5.11999989,
,,,47.93999863,-5.11999989,
,,,47.95999908,-5.11999989,
,,,47.97999954,-5.11999989,
,,,48.00000000,-5.11999989,
,,,48.02000046,-5.11999989,
,,,48.03999710,-5.11999989,
,,,48.05999756,-5.11999989,
,,,48.07999802,-5.11999989,
,,,48.09999847,-5.11999989,
,,,48.11999893,-5.11999989,
,,,48.13999939,-5.11999989,
,,,48.15999985,-5.11999989,
,,,48.18000031,-5.11999989,
,,,48.20000076,-5.11999989,
,,,48.21999741,-5.11999989,
,,,48.23999786,-5.11999989,
,,,48.25999832,-5.11999989,
,,,48.27999878,-5.11999989,
,,,48.29999924,-5.11999989,
,,,48.31999969,-5.11999989,
,,,48.34000015,-5.11999989,
,,,48.36000061,-5.11999989,
,,,48.37999725,-5.11999989,
,,,48.39999771,-5.11999989,
,,,48.41999817,-5.11999989,
,,,48.43999863,-5.11999989,
,,,48.45999908,-5.11999989,
,,,48.47999954,-5.11999989,
,,,48.50000000,-5.11999989,
,,,48.52000046,-5.11999989,
,,,48.53999710,-5.11999989,
,,,48.55999756,-5.11999989,
,,,48.57999802,-5.11999989,
,,,48.59999847,-5.11999989,
,,,48.61999893,-5.11999989,
,,,48.63999939,-5.11999989,
,,,48.65999985,-5.11999989,
,,,48.68000031,-5.11999989,
,,,48.70000076,-5.11999989,
,,,48.71999741,-5.11999989,
,,,48.73999786,-5.11999989,
,,,48.75999832,-5.11999989,
,,,48.77999878,-5.11999989,
,,,48.79999924,-5.11999989,
,,,48.81999969,-5.11999989,
,,,48.84000015,-5.11999989,
,,,48.86000061,-5.11999989,
,,,48.87999725,-5.11999989,
,,,48.89999771,-5.11999989,
,,,48.91999817,-5.11999989,
,,,48.93999863,-5.11999989,
,,,48.95999908,-5.11999989,
,,,48.97999954,-5.11999989,
,,,49.00000000,-5.11999989,
,,,49.02000046,-5.11999989,
,,,49.03999710,-5.11999989,
,,,49.05999756,-5.11999989,
,,,49.07999802,-5.11999989,
,,,49.09999847,-5.11999989,
,,,49.11999893,-5.11999989,
,,,49.13999939,-5.11999989,
,,,49.15999985,-5.11999989,
,,,49.18000031,-5.11999989,
,,,49.20000076,-5.11999989,
,,,49.21999741,-5.11999989,
,,,49.23999786,-5.11999989,
,,,49.25999832,-5.11999989,
,,,49.27999878,-5.11999989,
,,,49.29999924,-5.11999989,
,,,49.31999969,-5.11999989,
,,,49.34000015,-5.11999989,
,,,49.36000061,-5.11999989,
,,,49.37999725,-5.11999989,
,,,49.39999771,-5.11999989,
,,,49.41999817,-5.11999989,
,,,49.43999863,-5.11999989,
,,,49.45999908,-5.11999989,
,,,49.47999954,-5.11999989,
,,,49.50000000,-5.11999989,
,,,49.52000046,-5.11999989,
,,,49.53999710,-5.11999989,
,,,49.55999756,-5.11999989,
,,,49.57999802,-5.11999989,
,,,49.59999847,-5.11999989,
,,,49.61999893,-5.11999989,
,,,49.63999939,-5.11999989,
,,,49.65999985,-5.11999989,
,,,49.68000031,-5.11999989,
,,,49.70000076,-5.11999989,
,,,49.71999741,-5.11999989,
,,,49.73999786,-5.11999989,
,,,49.75999832,-5.11999989,
,,,49.77999878,-5.11999989,
,,,49.79999924,-5.11999989,
,,,49.81999969,-5.11999989,
,,,49.84000015,-5.11999989,
,,,49.86000061,-5.11999989,
,,,49.87999725,-5.11999989,
,,,49.89999771,-5.11999989,
,,,49.91999817,-5.11999989,
,,,49.93999863,-5.11999989,
,,,49.95999908,-5.11999989,
,,,49.97999954,-5.11999989,
