Record Length,2500,Points,0.0,-39.99999911E-3,
Sample Interval,19.9999996E-3,s,19.9999996E-3,1.3800000,
Trigger Point,0.0,Samples,39.99999911E-3,-39.99999911E-3,
,,,59.999998659E-3,539.999961853E-3,
,,,79.999998212E-3,-39.99999911E-3,
,,,99.999994040E-3,579.999983311E-3,
Source,CH2,,119.9999973E-3,-39.99999911E-3,
Vertical Units,Volts,,140.0000006E-3,579.999983311E-3,
Vertical Scale,499.999988824E-3,,159.99999642E-3,-39.99999911E-3,
Vertical Offset,0,,179.99999225E-3,539.999961853E-3,
Horizontal Units,s,,199.99998808E-3,-39.99999911E-3,
Horizontal Scale,4.99999989,,219.99999881E-3,539.999961853E-3,
Pt Fmt,Y,,239.99999464E-3,-39.99999911E-3,
Yzero,-5.00000000,,259.99999046E-3,539.999961853E-3,
Probe Atten,1.000000,,280.00000119E-3,-39.99999911E-3,
,,,299.99998212E-3,539.999961853E-3,
Note,TBS 1052B-EDU - 01:30:20 p.m.   14/11/2022,,319.99999285E-3,-39.99999911E-3,
,,,340.00000358E-3,539.999961853E-3,
,,,359.99998450E-3,-39.99999911E-3,
,,,379.99999523E-3,560.000002384E-3,
,,,399.99997616E-3,-39.99999911E-3,
,,,419.999986887E-3,539.999961853E-3,
,,,439.999997616E-3,-39.99999911E-3,
,,,459.999978542E-3,539.999961853E-3,
,,,479.999989271E-3,-39.99999911E-3,
,,,500.000000000E-3,599.999964237E-3,
,,,519.999980927E-3,-39.99999911E-3,
,,,539.999961853E-3,579.999983311E-3,
,,,560.000002384E-3,-39.99999911E-3,
,,,579.999983311E-3,560.000002384E-3,
,,,599.999964237E-3,-39.99999911E-3,
,,,620.000004768E-3,560.000002384E-3,
,,,639.999985695E-3,-39.99999911E-3,
,,,659.999966621E-3,539.999961853E-3,
,,,680.000007153E-3,-39.99999911E-3,
,,,699.999988079E-3,560.000002384E-3,
,,,719.999969006E-3,-39.99999911E-3,
,,,740.000009537E-3,539.999961853E-3,
,,,759.999990463E-3,-39.99999911E-3,
,,,779.999971390E-3,539.999961853E-3,
,,,799.999952316E-3,-39.99999911E-3,
,,,819.999992847E-3,579.999983311E-3,
,,,839.999973774E-3,-39.99999911E-3,
,,,859.999954700E-3,560.000002384E-3,
,,,879.999995232E-3,-39.99999911E-3,
,,,899.999976158E-3,579.999983311E-3,
,,,919.999957085E-3,-39.99999911E-3,
,,,939.999997616E-3,579.999983311E-3,
,,,959.999978542E-3,-39.99999911E-3,
,,,979.999959469E-3,560.000002384E-3,
,,,1.000000,-39.99999911E-3,
,,,1.0200000,560.000002384E-3,
,,,1.0400000,-39.99999911E-3,
,,,1.0599999,579.999983311E-3,
,,,1.0799999,-39.99999911E-3,
,,,1.1000000,599.999964237E-3,
,,,1.1200000,-39.99999911E-3,
,,,1.1400000,599.999964237E-3,
,,,1.1600000,-39.99999911E-3,
,,,1.1799999,599.999964237E-3,
,,,1.1999999,-39.99999911E-3,
,,,1.2200000,599.999964237E-3,
,,,1.2400000,-39.99999911E-3,
,,,1.2600000,599.999964237E-3,
,,,1.2800000,-39.99999911E-3,
,,,1.3000000,599.999964237E-3,
,,,1.3199999,-39.99999911E-3,
,,,1.3399999,620.000004768E-3,
,,,1.3600000,-39.99999911E-3,
,,,1.3800000,599.999964237E-3,
,,,1.4000000,-39.99999911E-3,
,,,1.4200000,639.999985695E-3,
,,,1.4399999,-39.99999911E-3,
,,,1.4599999,620.000004768E-3,
,,,1.4800000,-39.99999911E-3,
,,,1.5000000,639.999985695E-3,
,,,1.5200000,-39.99999911E-3,
,,,1.5400000,639.999985695E-3,
,,,1.5599999,-39.99999911E-3,
,,,1.5799999,639.999985695E-3,
,,,1.5999999,-39.99999911E-3,
,,,1.6200000,639.999985695E-3,
,,,1.6400000,-39.99999911E-3,
,,,1.6600000,659.999966621E-3,
,,,1.6799999,-39.99999911E-3,
,,,1.6999999,659.999966621E-3,
,,,1.7199999,-39.99999911E-3,
,,,1.7400000,639.999985695E-3,
,,,1.7600000,-39.99999911E-3,
,,,1.7800000,639.999985695E-3,
,,,1.8000000,-39.99999911E-3,
,,,1.8199999,659.999966621E-3,
,,,1.8399999,-39.99999911E-3,
,,,1.8600000,659.999966621E-3,
,,,1.8800000,-39.99999911E-3,
,,,1.9000000,659.999966621E-3,
,,,1.9200000,-39.99999911E-3,
,,,1.9399999,659.999966621E-3,
,,,1.9599999,-39.99999911E-3,
,,,1.9799999,659.999966621E-3,
,,,2.0000000,-39.99999911E-3,
,,,2.0200000,659.999966621E-3,
,,,2.0400000,-39.99999911E-3,
,,,2.0599999,680.000007153E-3,
,,,2.0799999,-39.99999911E-3,
,,,2.0999999,680.000007153E-3,
,,,2.1199999,-39.99999911E-3,
,,,2.1399999,680.000007153E-3,
,,,2.1599998,-39.99999911E-3,
,,,2.1800001,680.000007153E-3,
,,,2.2000000,-39.99999911E-3,
,,,2.2200000,680.000007153E-3,
,,,2.2400000,-39.99999911E-3,
,,,2.2600000,680.000007153E-3,
,,,2.2800000,-39.99999911E-3,
,,,2.3000000,680.000007153E-3,
,,,2.3199999,-39.99999911E-3,
,,,2.3399999,680.000007153E-3,
,,,2.3599999,-39.99999911E-3,
,,,2.3799999,680.000007153E-3,
,,,2.3999999,-39.99999911E-3,
,,,2.4199998,719.999969006E-3,
,,,2.4400001,-39.99999911E-3,
,,,2.4600000,680.000007153E-3,
,,,2.4800000,-39.99999911E-3,
,,,2.5000000,699.999988079E-3,
,,,2.5200000,-39.99999911E-3,
,,,2.5400000,680.000007153E-3,
,,,2.5599999,-39.99999911E-3,
,,,2.5799999,680.000007153E-3,
,,,2.5999999,-39.99999911E-3,
,,,2.6199999,699.999988079E-3,
,,,2.6399999,-39.99999911E-3,
,,,2.6599998,699.999988079E-3,
,,,2.6799998,-39.99999911E-3,
,,,2.7000000,680.000007153E-3,
,,,2.72000003,-39.99999911E-3,
,,,2.74000001,699.999988079E-3,
,,,2.75999999,-39.99999911E-3,
,,,2.77999997,680.000007153E-3,
,,,2.79999995,-39.99999911E-3,
,,,2.81999993,699.999988079E-3,
,,,2.83999991,-39.99999911E-3,
,,,2.85999990,699.999988079E-3,
,,,2.87999988,-39.99999911E-3,
,,,2.89999986,699.999988079E-3,
,,,2.91999984,-39.99999911E-3,
,,,2.93999982,719.999969006E-3,
,,,2.96000004,-39.99999911E-3,
,,,2.98000002,699.999988079E-3,
,,,3.00000000,-39.99999911E-3,
,,,3.01999998,680.000007153E-3,
,,,3.03999996,-39.99999911E-3,
,,,3.05999994,680.000007153E-3,
,,,3.07999992,-39.99999911E-3,
,,,3.09999990,699.999988079E-3,
,,,3.11999989,-39.99999911E-3,
,,,3.13999987,699.999988079E-3,
,,,3.15999985,-39.99999911E-3,
,,,3.17999983,699.999988079E-3,
,,,3.19999981,-39.99999911E-3,
,,,3.22000003,719.999969006E-3,
,,,3.24000001,-39.99999911E-3,
,,,3.25999999,699.999988079E-3,
,,,3.27999997,-39.99999911E-3,
,,,3.29999995,699.999988079E-3,
,,,3.31999993,-39.99999911E-3,
,,,3.33999991,759.999990463E-3,
,,,3.35999990,-39.99999911E-3,
,,,3.37999988,719.999969006E-3,
,,,3.39999986,-39.99999911E-3,
,,,3.41999984,699.999988079E-3,
,,,3.43999982,-39.99999911E-3,
,,,3.46000004,699.999988079E-3,
,,,3.48000002,-39.99999911E-3,
,,,3.50000000,719.999969006E-3,
,,,3.51999998,-39.99999911E-3,
,,,3.53999996,699.999988079E-3,
,,,3.55999994,-39.99999911E-3,
,,,3.57999992,719.999969006E-3,
,,,3.59999990,-39.99999911E-3,
,,,3.61999989,699.999988079E-3,
,,,3.63999987,-39.99999911E-3,
,,,3.65999985,719.999969006E-3,
,,,3.67999983,-39.99999911E-3,
,,,3.69999981,719.999969006E-3,
,,,3.72000003,-39.99999911E-3,
,,,3.74000001,680.000007153E-3,
,,,3.75999999,-39.99999911E-3,
,,,3.77999997,699.999988079E-3,
,,,3.79999995,-39.99999911E-3,
,,,3.81999993,699.999988079E-3,
,,,3.83999991,-39.99999911E-3,
,,,3.85999990,680.000007153E-3,
,,,3.87999988,-39.99999911E-3,
,,,3.89999986,719.999969006E-3,
,,,3.91999984,-39.99999911E-3,
,,,3.93999982,680.000007153E-3,
,,,3.95999980,-39.99999911E-3,
,,,3.98000002,680.000007153E-3,
,,,4.00000000,-39.99999911E-3,
,,,4.01999998,699.999988079E-3,
,,,4.03999996,-39.99999911E-3,
,,,4.05999994,740.000009537E-3,
,,,4.07999992,-39.99999911E-3,
,,,4.09999990,680.000007153E-3,
,,,4.11999989,-39.99999911E-3,
,,,4.13999987,680.000007153E-3,
,,,4.15999985,-39.99999911E-3,
,,,4.17999983,299.99998212E-3,
,,,4.19999981,-39.99999911E-3,
,,,4.21999979,239.99999464E-3,
,,,4.23999977,-39.99999911E-3,
,,,4.25999975,280.00000119E-3,
,,,4.27999973,-39.99999911E-3,
,,,4.29999971,259.99999046E-3,
,,,4.31999969,-39.99999911E-3,
,,,4.33999968,259.99999046E-3,
,,,4.36000013,-39.99999911E-3,
,,,4.38000011,239.99999464E-3,
,,,4.40000010,-39.99999911E-3,
,,,4.42000008,280.00000119E-3,
,,,4.44000006,-39.99999911E-3,
,,,4.46000004,259.99999046E-3,
,,,4.48000002,-39.99999911E-3,
,,,4.50000000,259.99999046E-3,
,,,4.51999998,-39.99999911E-3,
,,,4.53999996,239.99999464E-3,
,,,4.55999994,-39.99999911E-3,
,,,4.57999992,259.99999046E-3,
,,,4.59999990,-39.99999911E-3,
,,,4.61999989,259.99999046E-3,
,,,4.63999987,-39.99999911E-3,
,,,4.65999985,259.99999046E-3,
,,,4.67999983,-39.99999911E-3,
,,,4.69999981,259.99999046E-3,
,,,4.71999979,-39.99999911E-3,
,,,4.73999977,239.99999464E-3,
,,,4.75999975,-39.99999911E-3,
,,,4.77999973,239.99999464E-3,
,,,4.79999971,-39.99999911E-3,
,,,4.81999969,259.99999046E-3,
,,,4.83999968,-39.99999911E-3,
,,,4.85999966,239.99999464E-3,
,,,4.88000011,-39.99999911E-3,
,,,4.90000010,239.99999464E-3,
,,,4.92000008,-39.99999911E-3,
,,,4.94000006,259.99999046E-3,
,,,4.96000004,-39.99999911E-3,
,,,4.98000002,280.00000119E-3,
,,,5.00000000,-39.99999911E-3,
,,,5.01999998,280.00000119E-3,
,,,5.03999996,-39.99999911E-3,
,,,5.05999994,259.99999046E-3,
,,,5.07999992,-39.99999911E-3,
,,,5.09999990,280.00000119E-3,
,,,5.11999989,-39.99999911E-3,
,,,5.13999987,259.99999046E-3,
,,,5.15999985,-39.99999911E-3,
,,,5.17999983,259.99999046E-3,
,,,5.19999981,-39.99999911E-3,
,,,5.21999979,239.99999464E-3,
,,,5.23999977,-39.99999911E-3,
,,,5.25999975,239.99999464E-3,
,,,5.27999973,-39.99999911E-3,
,,,5.29999971,259.99999046E-3,
,,,5.31999969,-39.99999911E-3,
,,,5.33999968,280.00000119E-3,
,,,5.35999966,-39.99999911E-3,
,,,5.38000011,239.99999464E-3,
,,,5.40000010,-39.99999911E-3,
,,,5.42000008,259.99999046E-3,
,,,5.44000006,-39.99999911E-3,
,,,5.46000004,299.99998212E-3,
,,,5.48000002,-39.99999911E-3,
,,,5.50000000,239.99999464E-3,
,,,5.51999998,-39.99999911E-3,
,,,5.53999996,239.99999464E-3,
,,,5.55999994,-39.99999911E-3,
,,,5.57999992,259.99999046E-3,
,,,5.59999990,-39.99999911E-3,
,,,5.61999989,239.99999464E-3,
,,,5.63999987,-39.99999911E-3,
,,,5.65999985,259.99999046E-3,
,,,5.67999983,-39.99999911E-3,
,,,5.69999981,280.00000119E-3,
,,,5.71999979,-39.99999911E-3,
,,,5.73999977,259.99999046E-3,
,,,5.75999975,-39.99999911E-3,
,,,5.77999973,259.99999046E-3,
,,,5.79999971,-39.99999911E-3,
,,,5.81999969,259.99999046E-3,
,,,5.83999968,-39.99999911E-3,
,,,5.85999966,239.99999464E-3,
,,,5.87999964,-39.99999911E-3,
,,,5.90000010,299.99998212E-3,
,,,5.92000008,-39.99999911E-3,
,,,5.94000006,280.00000119E-3,
,,,5.96000004,-39.99999911E-3,
,,,5.98000002,239.99999464E-3,
,,,6.00000000,-39.99999911E-3,
,,,6.01999998,239.99999464E-3,
,,,6.03999996,-39.99999911E-3,
,,,6.05999994,259.99999046E-3,
,,,6.07999992,-39.99999911E-3,
,,,6.09999990,259.99999046E-3,
,,,6.11999989,-39.99999911E-3,
,,,6.13999987,259.99999046E-3,
,,,6.15999985,-39.99999911E-3,
,,,6.17999983,280.00000119E-3,
,,,6.19999981,-39.99999911E-3,
,,,6.21999979,239.99999464E-3,
,,,6.23999977,-39.99999911E-3,
,,,6.25999975,239.99999464E-3,
,,,6.27999973,-39.99999911E-3,
,,,6.29999971,239.99999464E-3,
,,,6.31999969,-39.99999911E-3,
,,,6.33999968,239.99999464E-3,
,,,6.35999966,-39.99999911E-3,
,,,6.37999964,259.99999046E-3,
,,,6.39999962,-39.99999911E-3,
,,,6.42000008,259.99999046E-3,
,,,6.44000006,-39.99999911E-3,
,,,6.46000004,259.99999046E-3,
,,,6.48000002,-39.99999911E-3,
,,,6.50000000,239.99999464E-3,
,,,6.51999998,-39.99999911E-3,
,,,6.53999996,280.00000119E-3,
,,,6.55999994,-39.99999911E-3,
,,,6.57999992,239.99999464E-3,
,,,6.59999990,-39.99999911E-3,
,,,6.61999989,239.99999464E-3,
,,,6.63999987,-39.99999911E-3,
,,,6.65999985,299.99998212E-3,
,,,6.67999983,-39.99999911E-3,
,,,6.69999981,259.99999046E-3,
,,,6.71999979,-39.99999911E-3,
,,,6.73999977,259.99999046E-3,
,,,6.75999975,-39.99999911E-3,
,,,6.77999973,239.99999464E-3,
,,,6.79999971,-39.99999911E-3,
,,,6.81999969,239.99999464E-3,
,,,6.83999968,-39.99999911E-3,
,,,6.85999966,259.99999046E-3,
,,,6.87999964,-39.99999911E-3,
,,,6.89999962,259.99999046E-3,
,,,6.92000008,-39.99999911E-3,
,,,6.94000006,239.99999464E-3,
,,,6.96000004,-39.99999911E-3,
,,,6.98000002,299.99998212E-3,
,,,7.00000000,-39.99999911E-3,
,,,7.01999998,280.00000119E-3,
,,,7.03999996,-39.99999911E-3,
,,,7.05999994,280.00000119E-3,
,,,7.07999992,-39.99999911E-3,
,,,7.09999990,259.99999046E-3,
,,,7.11999989,-39.99999911E-3,
,,,7.13999987,280.00000119E-3,
,,,7.15999985,-39.99999911E-3,
,,,7.17999983,239.99999464E-3,
,,,7.19999981,-39.99999911E-3,
,,,7.21999979,259.99999046E-3,
,,,7.23999977,-39.99999911E-3,
,,,7.25999975,280.00000119E-3,
,,,7.27999973,-39.99999911E-3,
,,,7.29999971,239.99999464E-3,
,,,7.31999969,-39.99999911E-3,
,,,7.33999968,259.99999046E-3,
,,,7.35999966,-39.99999911E-3,
,,,7.37999964,239.99999464E-3,
,,,7.399999619,-39.99999911E-3,
,,,7.419999599,259.99999046E-3,
,,,7.440000057,-39.99999911E-3,
,,,7.460000038,239.99999464E-3,
,,,7.480000019,-39.99999911E-3,
,,,7.500000000,280.00000119E-3,
,,,7.519999981,-39.99999911E-3,
,,,7.539999962,259.99999046E-3,
,,,7.559999943,-39.99999911E-3,
,,,7.579999924,259.99999046E-3,
,,,7.599999905,-39.99999911E-3,
,,,7.619999886,280.00000119E-3,
,,,7.639999866,-39.99999911E-3,
,,,7.659999847,259.99999046E-3,
,,,7.679999828,-39.99999911E-3,
,,,7.699999809,259.99999046E-3,
,,,7.719999790,-39.99999911E-3,
,,,7.739999771,299.99998212E-3,
,,,7.759999752,-39.99999911E-3,
,,,7.779999733,280.00000119E-3,
,,,7.799999714,-39.99999911E-3,
,,,7.819999695,259.99999046E-3,
,,,7.839999676,-39.99999911E-3,
,,,7.859999657,280.00000119E-3,
,,,7.879999638,-39.99999911E-3,
,,,7.899999619,299.99998212E-3,
,,,7.919999599,-39.99999911E-3,
,,,7.940000057,280.00000119E-3,
,,,7.960000038,-39.99999911E-3,
,,,7.980000019,259.99999046E-3,
,,,8.000000000,-39.99999911E-3,
,,,8.019999504,259.99999046E-3,
,,,8.039999962,-39.99999911E-3,
,,,8.059999466,259.99999046E-3,
,,,8.079999924,-39.99999911E-3,
,,,8.099999428,280.00000119E-3,
,,,8.119999886,-39.99999911E-3,
,,,8.139999390,280.00000119E-3,
,,,8.159999847,-39.99999911E-3,
,,,8.179999352,299.99998212E-3,
,,,8.199999809,-39.99999911E-3,
,,,8.220000267,259.99999046E-3,
,,,8.239999771,-39.99999911E-3,
,,,8.260000229,280.00000119E-3,
,,,8.279999733,-39.99999911E-3,
,,,8.300000191,319.99999285E-3,
,,,8.319999695,-39.99999911E-3,
,,,8.340000153,299.99998212E-3,
,,,8.359999657,-39.99999911E-3,
,,,8.380000114,259.99999046E-3,
,,,8.399999619,-39.99999911E-3,
,,,8.420000076,259.99999046E-3,
,,,8.439999580,-39.99999911E-3,
,,,8.460000038,280.00000119E-3,
,,,8.479999542,-39.99999911E-3,
,,,8.500000000,280.00000119E-3,
,,,8.519999504,-39.99999911E-3,
,,,8.539999962,259.99999046E-3,
,,,8.559999466,-39.99999911E-3,
,,,8.579999924,259.99999046E-3,
,,,8.599999428,-39.99999911E-3,
,,,8.619999886,259.99999046E-3,
,,,8.639999390,-39.99999911E-3,
,,,8.659999847,259.99999046E-3,
,,,8.679999352,-39.99999911E-3,
,,,8.699999809,259.99999046E-3,
,,,8.720000267,-39.99999911E-3,
,,,8.739999771,280.00000119E-3,
,,,8.760000229,-39.99999911E-3,
,,,8.779999733,299.99998212E-3,
,,,8.800000191,-39.99999911E-3,
,,,8.819999695,299.99998212E-3,
,,,8.840000153,-39.99999911E-3,
,,,8.859999657,280.00000119E-3,
,,,8.880000114,-39.99999911E-3,
,,,8.899999619,280.00000119E-3,
,,,8.920000076,-39.99999911E-3,
,,,8.939999580,299.99998212E-3,
,,,8.960000038,-39.99999911E-3,
,,,8.979999542,259.99999046E-3,
,,,9.000000000,-39.99999911E-3,
,,,9.019999504,280.00000119E-3,
,,,9.039999962,-39.99999911E-3,
,,,9.059999466,299.99998212E-3,
,,,9.079999924,-39.99999911E-3,
,,,9.099999428,280.00000119E-3,
,,,9.119999886,-39.99999911E-3,
,,,9.139999390,280.00000119E-3,
,,,9.159999847,-39.99999911E-3,
,,,9.179999352,299.99998212E-3,
,,,9.199999809,-39.99999911E-3,
,,,9.220000267,280.00000119E-3,
,,,9.239999771,-39.99999911E-3,
,,,9.260000229,280.00000119E-3,
,,,9.279999733,-39.99999911E-3,
,,,9.300000191,280.00000119E-3,
,,,9.319999695,-39.99999911E-3,
,,,9.340000153,340.00000358E-3,
,,,9.359999657,-39.99999911E-3,
,,,9.380000114,319.99999285E-3,
,,,9.399999619,-39.99999911E-3,
,,,9.420000076,280.00000119E-3,
,,,9.439999580,-39.99999911E-3,
,,,9.460000038,319.99999285E-3,
,,,9.479999542,-39.99999911E-3,
,,,9.500000000,280.00000119E-3,
,,,9.519999504,-39.99999911E-3,
,,,9.539999962,299.99998212E-3,
,,,9.559999466,-39.99999911E-3,
,,,9.579999924,280.00000119E-3,
,,,9.599999428,-39.99999911E-3,
,,,9.619999886,299.99998212E-3,
,,,9.639999390,-39.99999911E-3,
,,,9.659999847,280.00000119E-3,
,,,9.679999352,-39.99999911E-3,
,,,9.699999809,299.99998212E-3,
,,,9.719999313,-39.99999911E-3,
,,,9.739999771,340.00000358E-3,
,,,9.760000229,-39.99999911E-3,
,,,9.779999733,319.99999285E-3,
,,,9.800000191,-39.99999911E-3,
,,,9.819999695,299.99998212E-3,
,,,9.840000153,-39.99999911E-3,
,,,9.859999657,319.99999285E-3,
,,,9.880000114,-39.99999911E-3,
,,,9.899999619,359.99998450E-3,
,,,9.920000076,-39.99999911E-3,
,,,9.939999580,319.99999285E-3,
,,,9.960000038,-39.99999911E-3,
,,,9.979999542,340.00000358E-3,
,,,10.0000000,-39.99999911E-3,
,,,10.0199995,359.99998450E-3,
,,,10.0400000,-39.99999911E-3,
,,,10.0599995,299.99998212E-3,
,,,10.0799999,-39.99999911E-3,
,,,10.0999994,319.99999285E-3,
,,,10.1199999,-39.99999911E-3,
,,,10.1399994,340.00000358E-3,
,,,10.1599998,-39.99999911E-3,
,,,10.1799994,340.00000358E-3,
,,,10.1999998,-39.99999911E-3,
,,,10.2199993,319.99999285E-3,
,,,10.2399998,-39.99999911E-3,
,,,10.2600002,340.00000358E-3,
,,,10.2799997,-39.99999911E-3,
,,,10.3000002,340.00000358E-3,
,,,10.3199997,-39.99999911E-3,
,,,10.3400002,340.00000358E-3,
,,,10.3599997,-39.99999911E-3,
,,,10.3800001,340.00000358E-3,
,,,10.3999996,-39.99999911E-3,
,,,10.4200001,379.99999523E-3,
,,,10.4399996,-39.99999911E-3,
,,,10.4600000,340.00000358E-3,
,,,10.4799995,-39.99999911E-3,
,,,10.5000000,379.99999523E-3,
,,,10.5199995,-39.99999911E-3,
,,,10.5400000,359.99998450E-3,
,,,10.5599995,-39.99999911E-3,
,,,10.5799999,340.00000358E-3,
,,,10.5999994,-39.99999911E-3,
,,,10.6199999,399.99997616E-3,
,,,10.6399994,-39.99999911E-3,
,,,10.6599998,359.99998450E-3,
,,,10.6799994,-39.99999911E-3,
,,,10.6999998,379.99999523E-3,
,,,10.7199993,-39.99999911E-3,
,,,10.7399998,399.99997616E-3,
,,,10.7600002,-39.99999911E-3,
,,,10.7799997,419.999986887E-3,
,,,10.8000002,-39.99999911E-3,
,,,10.8199997,379.99999523E-3,
,,,10.8400002,-39.99999911E-3,
,,,10.8599997,379.99999523E-3,
,,,10.8800001,-39.99999911E-3,
,,,10.8999996,399.99997616E-3,
,,,10.9200001,-39.99999911E-3,
,,,10.9399996,399.99997616E-3,
,,,10.9600000,-39.99999911E-3,
,,,10.9799995,419.999986887E-3,
,,,11.0000000,-39.99999911E-3,
,,,11.0199995,419.999986887E-3,
,,,11.0400000,-39.99999911E-3,
,,,11.0599995,419.999986887E-3,
,,,11.0799999,-39.99999911E-3,
,,,11.0999994,439.999997616E-3,
,,,11.1199999,-39.99999911E-3,
,,,11.1399994,439.999997616E-3,
,,,11.1599998,-39.99999911E-3,
,,,11.1799994,459.999978542E-3,
,,,11.1999998,-39.99999911E-3,
,,,11.2199993,479.999989271E-3,
,,,11.2399998,-39.99999911E-3,
,,,11.2599993,479.999989271E-3,
,,,11.2799997,-39.99999911E-3,
,,,11.3000002,500.000000000E-3,
,,,11.3199997,-39.99999911E-3,
,,,11.3400002,500.000000000E-3,
,,,11.3599997,-39.99999911E-3,
,,,11.3800001,539.999961853E-3,
,,,11.3999996,-39.99999911E-3,
,,,11.4200001,599.999964237E-3,
,,,11.4399996,-39.99999911E-3,
,,,11.4600000,579.999983311E-3,
,,,11.4799995,-39.99999911E-3,
,,,11.5000000,599.999964237E-3,
,,,11.5199995,-39.99999911E-3,
,,,11.5400000,659.999966621E-3,
,,,11.5599995,-39.99999911E-3,
,,,11.5799999,659.999966621E-3,
,,,11.5999994,-39.99999911E-3,
,,,11.6199999,680.000007153E-3,
,,,11.6399994,-39.99999911E-3,
,,,11.6599998,719.999969006E-3,
,,,11.6799994,-39.99999911E-3,
,,,11.6999998,779.999971390E-3,
,,,11.7199993,-39.99999911E-3,
,,,11.7399998,839.999973774E-3,
,,,11.7599993,-39.99999911E-3,
,,,11.7799997,919.999957085E-3,
,,,11.8000002,-39.99999911E-3,
,,,11.8199997,979.999959469E-3,
,,,11.8400002,-39.99999911E-3,
,,,11.8599997,1.0400000,
,,,11.8800001,-39.99999911E-3,
,,,11.8999996,1.1400000,
,,,11.9200001,-39.99999911E-3,
,,,11.9399996,1.3000000,
,,,11.9600000,-39.99999911E-3,
,,,11.9799995,1.3800000,
,,,12.0000000,-39.99999911E-3,
,,,12.0199995,1.5599999,
,,,12.0400000,-39.99999911E-3,
,,,12.0599995,1.7199999,
,,,12.0799999,-39.99999911E-3,
,,,12.0999994,1.9399999,
,,,12.1199999,-39.99999911E-3,
,,,12.1399994,2.2000000,
,,,12.1599998,-39.99999911E-3,
,,,12.1799994,2.3999999,
,,,12.1999998,-39.99999911E-3,
,,,12.2199993,2.5000000,
,,,12.2399998,-39.99999911E-3,
,,,12.2599993,2.5599999,
,,,12.2799997,-39.99999911E-3,
,,,12.3000002,2.4600000,
,,,12.3199997,-39.99999911E-3,
,,,12.3400002,2.3000000,
,,,12.3599997,-39.99999911E-3,
,,,12.3800001,2.0799999,
,,,12.3999996,-39.99999911E-3,
,,,12.4200001,1.8800000,
,,,12.4399996,-39.99999911E-3,
,,,12.4600000,1.7199999,
,,,12.4799995,-39.99999911E-3,
,,,12.5000000,1.5200000,
,,,12.5199995,-39.99999911E-3,
,,,12.5400000,1.3800000,
,,,12.5599995,-39.99999911E-3,
,,,12.5799999,1.2600000,
,,,12.5999994,-39.99999911E-3,
,,,12.6199999,1.1400000,
,,,12.6399994,-39.99999911E-3,
,,,12.6599998,1.0599999,
,,,12.6799994,-39.99999911E-3,
,,,12.6999998,1.000000,
,,,12.7199993,-39.99999911E-3,
,,,12.7399998,919.999957085E-3,
,,,12.7599993,-39.99999911E-3,
,,,12.7799997,859.999954700E-3,
,,,12.7999992,-39.99999911E-3,
,,,12.8199997,839.999973774E-3,
,,,12.8400002,-39.99999911E-3,
,,,12.8599997,779.999971390E-3,
,,,12.8800001,-39.99999911E-3,
,,,12.8999996,740.000009537E-3,
,,,12.9200001,-39.99999911E-3,
,,,12.9399996,699.999988079E-3,
,,,12.9600000,-39.99999911E-3,
,,,12.9799995,659.999966621E-3,
,,,13.0000000,-39.99999911E-3,
,,,13.0199995,639.999985695E-3,
,,,13.0400000,-39.99999911E-3,
,,,13.0599995,599.999964237E-3,
,,,13.0799999,-39.99999911E-3,
,,,13.0999994,579.999983311E-3,
,,,13.1199999,-39.99999911E-3,
,,,13.1399994,560.000002384E-3,
,,,13.1599998,-39.99999911E-3,
,,,13.1799994,539.999961853E-3,
,,,13.1999998,-39.99999911E-3,
,,,13.2199993,560.000002384E-3,
,,,13.2399998,-39.99999911E-3,
,,,13.2599993,479.999989271E-3,
,,,13.2799997,-39.99999911E-3,
,,,13.2999992,459.999978542E-3,
,,,13.3199997,-39.99999911E-3,
,,,13.3400002,439.999997616E-3,
,,,13.3599997,-39.99999911E-3,
,,,13.3800001,459.999978542E-3,
,,,13.3999996,-39.99999911E-3,
,,,13.4200001,419.999986887E-3,
,,,13.4399996,-39.99999911E-3,
,,,13.4600000,419.999986887E-3,
,,,13.4799995,-39.99999911E-3,
,,,13.5000000,399.99997616E-3,
,,,13.5199995,-39.99999911E-3,
,,,13.5400000,379.99999523E-3,
,,,13.5599995,-39.99999911E-3,
,,,13.5799999,399.99997616E-3,
,,,13.5999994,-39.99999911E-3,
,,,13.6199999,379.99999523E-3,
,,,13.6399994,-39.99999911E-3,
,,,13.6599998,359.99998450E-3,
,,,13.6799994,-39.99999911E-3,
,,,13.6999998,379.99999523E-3,
,,,13.7199993,-39.99999911E-3,
,,,13.7399998,340.00000358E-3,
,,,13.7599993,-39.99999911E-3,
,,,13.7799997,340.00000358E-3,
,,,13.7999992,-39.99999911E-3,
,,,13.8199997,340.00000358E-3,
,,,13.8400002,-39.99999911E-3,
,,,13.8599997,340.00000358E-3,
,,,13.8800001,-39.99999911E-3,
,,,13.8999996,359.99998450E-3,
,,,13.9200001,-39.99999911E-3,
,,,13.9399996,359.99998450E-3,
,,,13.9600000,-39.99999911E-3,
,,,13.9799995,319.99999285E-3,
,,,14.0000000,-39.99999911E-3,
,,,14.0199995,319.99999285E-3,
,,,14.0400000,-39.99999911E-3,
,,,14.0599995,340.00000358E-3,
,,,14.0799999,-39.99999911E-3,
,,,14.0999994,299.99998212E-3,
,,,14.1199999,-39.99999911E-3,
,,,14.1399994,299.99998212E-3,
,,,14.1599998,-39.99999911E-3,
,,,14.1799994,319.99999285E-3,
,,,14.1999998,-39.99999911E-3,
,,,14.2199993,340.00000358E-3,
,,,14.2399998,-39.99999911E-3,
,,,14.2599993,340.00000358E-3,
,,,14.2799997,-39.99999911E-3,
,,,14.2999992,280.00000119E-3,
,,,14.3199997,-39.99999911E-3,
,,,14.3400002,319.99999285E-3,
,,,14.3599997,-39.99999911E-3,
,,,14.3800001,340.00000358E-3,
,,,14.3999996,-39.99999911E-3,
,,,14.4200001,340.00000358E-3,
,,,14.4399996,-39.99999911E-3,
,,,14.4600000,299.99998212E-3,
,,,14.4799995,-39.99999911E-3,
,,,14.5000000,299.99998212E-3,
,,,14.5199995,-39.99999911E-3,
,,,14.5400000,299.99998212E-3,
,,,14.5599995,-39.99999911E-3,
,,,14.5799999,299.99998212E-3,
,,,14.5999994,-39.99999911E-3,
,,,14.6199999,299.99998212E-3,
,,,14.6399994,-39.99999911E-3,
,,,14.6599998,299.99998212E-3,
,,,14.6799994,-39.99999911E-3,
,,,14.6999998,319.99999285E-3,
,,,14.7199993,-39.99999911E-3,
,,,14.7399998,299.99998212E-3,
,,,14.7599993,-39.99999911E-3,
,,,14.7799997,299.99998212E-3,
,,,14.7999992,-39.99999911E-3,
,,,14.8199997,299.99998212E-3,
,,,14.8399992,-39.99999911E-3,
,,,14.8599997,299.99998212E-3,
,,,14.8800001,-39.99999911E-3,
,,,14.8999996,299.99998212E-3,
,,,14.9200001,-39.99999911E-3,
,,,14.9399996,299.99998212E-3,
,,,14.9600000,-39.99999911E-3,
,,,14.9799995,319.99999285E-3,
,,,15.0000000,-39.99999911E-3,
,,,15.0199995,299.99998212E-3,
,,,15.0400000,-39.99999911E-3,
,,,15.0599995,319.99999285E-3,
,,,15.0799999,-39.99999911E-3,
,,,15.0999994,340.00000358E-3,
,,,15.1199999,-39.99999911E-3,
,,,15.1399994,319.99999285E-3,
,,,15.1599998,-39.99999911E-3,
,,,15.1799994,299.99998212E-3,
,,,15.1999998,-39.99999911E-3,
,,,15.2199993,319.99999285E-3,
,,,15.2399998,-39.99999911E-3,
,,,15.2599993,299.99998212E-3,
,,,15.2799997,-39.99999911E-3,
,,,15.2999992,319.99999285E-3,
,,,15.3199997,-39.99999911E-3,
,,,15.3399992,319.99999285E-3,
,,,15.3599997,-39.99999911E-3,
,,,15.3800001,319.99999285E-3,
,,,15.3999996,-39.99999911E-3,
,,,15.4200001,340.00000358E-3,
,,,15.4399996,-39.99999911E-3,
,,,15.4600000,319.99999285E-3,
,,,15.4799995,-39.99999911E-3,
,,,15.5000000,319.99999285E-3,
,,,15.5199995,-39.99999911E-3,
,,,15.5400000,340.00000358E-3,
,,,15.5599995,-39.99999911E-3,
,,,15.5799999,319.99999285E-3,
,,,15.5999994,-39.99999911E-3,
,,,15.6199999,319.99999285E-3,
,,,15.6399994,-39.99999911E-3,
,,,15.6599998,319.99999285E-3,
,,,15.6799994,-39.99999911E-3,
,,,15.6999998,319.99999285E-3,
,,,15.7199993,-39.99999911E-3,
,,,15.7399998,319.99999285E-3,
,,,15.7599993,-39.99999911E-3,
,,,15.7799997,319.99999285E-3,
,,,15.7999992,-39.99999911E-3,
,,,15.8199997,319.99999285E-3,
,,,15.8399992,-39.99999911E-3,
,,,15.8599997,319.99999285E-3,
,,,15.8800001,-39.99999911E-3,
,,,15.8999996,340.00000358E-3,
,,,15.9200001,-39.99999911E-3,
,,,15.9399996,340.00000358E-3,
,,,15.9600000,-39.99999911E-3,
,,,15.9799995,340.00000358E-3,
,,,16.0000000,-39.99999911E-3,
,,,16.0200005,340.00000358E-3,
,,,16.0399990,-39.99999911E-3,
,,,16.0599995,340.00000358E-3,
,,,16.0799999,-39.99999911E-3,
,,,16.1000004,340.00000358E-3,
,,,16.1199989,-39.99999911E-3,
,,,16.1399994,340.00000358E-3,
,,,16.1599998,-39.99999911E-3,
,,,16.1800003,340.00000358E-3,
,,,16.1999989,-39.99999911E-3,
,,,16.2199993,359.99998450E-3,
,,,16.2399998,-39.99999911E-3,
,,,16.2600002,379.99999523E-3,
,,,16.2799988,-39.99999911E-3,
,,,16.2999992,340.00000358E-3,
,,,16.3199997,-39.99999911E-3,
,,,16.3400002,340.00000358E-3,
,,,16.3599987,-39.99999911E-3,
,,,16.3799992,399.99997616E-3,
,,,16.3999996,-39.99999911E-3,
,,,16.4200001,359.99998450E-3,
,,,16.4400005,-39.99999911E-3,
,,,16.4599991,379.99999523E-3,
,,,16.4799995,-39.99999911E-3,
,,,16.5000000,359.99998450E-3,
,,,16.5200005,-39.99999911E-3,
,,,16.5399990,399.99997616E-3,
,,,16.5599995,-39.99999911E-3,
,,,16.5799999,379.99999523E-3,
,,,16.6000004,-39.99999911E-3,
,,,16.6199989,379.99999523E-3,
,,,16.6399994,-39.99999911E-3,
,,,16.6599998,379.99999523E-3,
,,,16.6800003,-39.99999911E-3,
,,,16.6999989,399.99997616E-3,
,,,16.7199993,-39.99999911E-3,
,,,16.7399998,379.99999523E-3,
,,,16.7600002,-39.99999911E-3,
,,,16.7799988,439.999997616E-3,
,,,16.7999992,-39.99999911E-3,
,,,16.8199997,379.99999523E-3,
,,,16.8400002,-39.99999911E-3,
,,,16.8599987,379.99999523E-3,
,,,16.8799992,-39.99999911E-3,
,,,16.8999996,379.99999523E-3,
,,,16.9200001,-39.99999911E-3,
,,,16.9400005,379.99999523E-3,
,,,16.9599991,-39.99999911E-3,
,,,16.9799995,419.999986887E-3,
,,,17.0000000,-39.99999911E-3,
,,,17.0200005,399.99997616E-3,
,,,17.0399990,-39.99999911E-3,
,,,17.0599995,399.99997616E-3,
,,,17.0799999,-39.99999911E-3,
,,,17.1000004,419.999986887E-3,
,,,17.1199989,-39.99999911E-3,
,,,17.1399994,419.999986887E-3,
,,,17.1599998,-39.99999911E-3,
,,,17.1800003,419.999986887E-3,
,,,17.1999989,-39.99999911E-3,
,,,17.2199993,419.999986887E-3,
,,,17.2399998,-39.99999911E-3,
,,,17.2600002,439.999997616E-3,
,,,17.2799988,-39.99999911E-3,
,,,17.2999992,419.999986887E-3,
,,,17.3199997,-39.99999911E-3,
,,,17.3400002,439.999997616E-3,
,,,17.3599987,-39.99999911E-3,
,,,17.3799992,459.999978542E-3,
,,,17.3999996,-39.99999911E-3,
,,,17.4200001,459.999978542E-3,
,,,17.4400005,-39.99999911E-3,
,,,17.4599991,479.999989271E-3,
,,,17.4799995,-39.99999911E-3,
,,,17.5000000,459.999978542E-3,
,,,17.5200005,-39.99999911E-3,
,,,17.5399990,500.000000000E-3,
,,,17.5599995,-39.99999911E-3,
,,,17.5799999,479.999989271E-3,
,,,17.6000004,-39.99999911E-3,
,,,17.6199989,500.000000000E-3,
,,,17.6399994,-39.99999911E-3,
,,,17.6599998,519.999980927E-3,
,,,17.6800003,-39.99999911E-3,
,,,17.6999989,519.999980927E-3,
,,,17.7199993,-39.99999911E-3,
,,,17.7399998,539.999961853E-3,
,,,17.7600002,-39.99999911E-3,
,,,17.7799988,579.999983311E-3,
,,,17.7999992,-39.99999911E-3,
,,,17.8199997,560.000002384E-3,
,,,17.8400002,-39.99999911E-3,
,,,17.8599987,579.999983311E-3,
,,,17.8799992,-39.99999911E-3,
,,,17.8999996,599.999964237E-3,
,,,17.9200001,-39.99999911E-3,
,,,17.9400005,599.999964237E-3,
,,,17.9599991,-39.99999911E-3,
,,,17.9799995,639.999985695E-3,
,,,18.0000000,-39.99999911E-3,
,,,18.0200005,659.999966621E-3,
,,,18.0399990,-39.99999911E-3,
,,,18.0599995,680.000007153E-3,
,,,18.0799999,-39.99999911E-3,
,,,18.1000004,699.999988079E-3,
,,,18.1199989,-39.99999911E-3,
,,,18.1399994,719.999969006E-3,
,,,18.1599998,-39.99999911E-3,
,,,18.1800003,740.000009537E-3,
,,,18.1999989,-39.99999911E-3,
,,,18.2199993,819.999992847E-3,
,,,18.2399998,-39.99999911E-3,
,,,18.2600002,759.999990463E-3,
,,,18.2799988,-39.99999911E-3,
,,,18.2999992,799.999952316E-3,
,,,18.3199997,-39.99999911E-3,
,,,18.3400002,859.999954700E-3,
,,,18.3599987,-39.99999911E-3,
,,,18.3799992,839.999973774E-3,
,,,18.3999996,-39.99999911E-3,
,,,18.4200001,859.999954700E-3,
,,,18.4400005,-39.99999911E-3,
,,,18.4599991,899.999976158E-3,
,,,18.4799995,-39.99999911E-3,
,,,18.5000000,899.999976158E-3,
,,,18.5200005,-39.99999911E-3,
,,,18.5399990,919.999957085E-3,
,,,18.5599995,-39.99999911E-3,
,,,18.5799999,939.999997616E-3,
,,,18.6000004,-39.99999911E-3,
,,,18.6199989,959.999978542E-3,
,,,18.6399994,-39.99999911E-3,
,,,18.6599998,979.999959469E-3,
,,,18.6800003,-39.99999911E-3,
,,,18.6999989,1.000000,
,,,18.7199993,-39.99999911E-3,
,,,18.7399998,1.000000,
,,,18.7600002,-39.99999911E-3,
,,,18.7799988,1.000000,
,,,18.7999992,-39.99999911E-3,
,,,18.8199997,1.000000,
,,,18.8400002,-39.99999911E-3,
,,,18.8599987,1.0200000,
,,,18.8799992,-39.99999911E-3,
,,,18.8999996,1.0200000,
,,,18.9200001,-39.99999911E-3,
,,,18.9399986,1.0200000,
,,,18.9599991,-39.99999911E-3,
,,,18.9799995,1.000000,
,,,19.0000000,-39.99999911E-3,
,,,19.0200005,979.999959469E-3,
,,,19.0399990,-39.99999911E-3,
,,,19.0599995,979.999959469E-3,
,,,19.0799999,-39.99999911E-3,
,,,19.1000004,979.999959469E-3,
,,,19.1199989,-39.99999911E-3,
,,,19.1399994,959.999978542E-3,
,,,19.1599998,-39.99999911E-3,
,,,19.1800003,959.999978542E-3,
,,,19.1999989,-39.99999911E-3,
,,,19.2199993,979.999959469E-3,
,,,19.2399998,-39.99999911E-3,
,,,19.2600002,899.999976158E-3,
,,,19.2799988,-39.99999911E-3,
,,,19.2999992,899.999976158E-3,
,,,19.3199997,-39.99999911E-3,
,,,19.3400002,879.999995232E-3,
,,,19.3599987,-39.99999911E-3,
,,,19.3799992,879.999995232E-3,
,,,19.3999996,-39.99999911E-3,
,,,19.4200001,859.999954700E-3,
,,,19.4399986,-39.99999911E-3,
,,,19.4599991,839.999973774E-3,
,,,19.4799995,-39.99999911E-3,
,,,19.5000000,799.999952316E-3,
,,,19.5200005,-39.99999911E-3,
,,,19.5399990,819.999992847E-3,
,,,19.5599995,-39.99999911E-3,
,,,19.5799999,779.999971390E-3,
,,,19.6000004,-39.99999911E-3,
,,,19.6199989,759.999990463E-3,
,,,19.6399994,-39.99999911E-3,
,,,19.6599998,740.000009537E-3,
,,,19.6800003,-39.99999911E-3,
,,,19.6999989,719.999969006E-3,
,,,19.7199993,-39.99999911E-3,
,,,19.7399998,699.999988079E-3,
,,,19.7600002,-39.99999911E-3,
,,,19.7799988,680.000007153E-3,
,,,19.7999992,-39.99999911E-3,
,,,19.8199997,659.999966621E-3,
,,,19.8400002,-39.99999911E-3,
,,,19.8599987,639.999985695E-3,
,,,19.8799992,-39.99999911E-3,
,,,19.8999996,639.999985695E-3,
,,,19.9200001,-39.99999911E-3,
,,,19.9399986,639.999985695E-3,
,,,19.9599991,-39.99999911E-3,
,,,19.9799995,659.999966621E-3,
,,,20.0000000,-39.99999911E-3,
,,,20.0200005,620.000004768E-3,
,,,20.0399990,-39.99999911E-3,
,,,20.0599995,639.999985695E-3,
,,,20.0799999,-39.99999911E-3,
,,,20.10000038,659.999966621E-3,
,,,20.11999893,-39.99999911E-3,
,,,20.13999939,680.000007153E-3,
,,,20.15999985,-39.99999911E-3,
,,,20.18000031,639.999985695E-3,
,,,20.19999886,-39.99999911E-3,
,,,20.21999931,659.999966621E-3,
,,,20.23999977,-39.99999911E-3,
,,,20.26000023,659.999966621E-3,
,,,20.27999878,-39.99999911E-3,
,,,20.29999924,680.000007153E-3,
,,,20.31999969,-39.99999911E-3,
,,,20.34000015,680.000007153E-3,
,,,20.35999870,-59.999998659E-3,
,,,20.37999916,-59.999998659E-3,
,,,20.39999962,-59.999998659E-3,
,,,20.42000008,-59.999998659E-3,
,,,20.43999863,-59.999998659E-3,
,,,20.45999908,-59.999998659E-3,
,,,20.47999954,-59.999998659E-3,
,,,20.50000000,-59.999998659E-3,
,,,20.52000046,-59.999998659E-3,
,,,20.53999901,-59.999998659E-3,
,,,20.55999947,-59.999998659E-3,
,,,20.57999992,-59.999998659E-3,
,,,20.60000038,-59.999998659E-3,
,,,20.61999893,-59.999998659E-3,
,,,20.63999939,-59.999998659E-3,
,,,20.65999985,-59.999998659E-3,
,,,20.68000031,-59.999998659E-3,
,,,20.69999886,-59.999998659E-3,
,,,20.71999931,-59.999998659E-3,
,,,20.73999977,-59.999998659E-3,
,,,20.76000023,-59.999998659E-3,
,,,20.77999878,-59.999998659E-3,
,,,20.79999924,-59.999998659E-3,
,,,20.81999969,-59.999998659E-3,
,,,20.84000015,-59.999998659E-3,
,,,20.85999870,-59.999998659E-3,
,,,20.87999916,-59.999998659E-3,
,,,20.89999962,-59.999998659E-3,
,,,20.92000008,-59.999998659E-3,
,,,20.93999863,-59.999998659E-3,
,,,20.95999908,-59.999998659E-3,
,,,20.97999954,-59.999998659E-3,
,,,21.00000000,-59.999998659E-3,
,,,21.02000046,-59.999998659E-3,
,,,21.03999901,-59.999998659E-3,
,,,21.05999947,-59.999998659E-3,
,,,21.07999992,-59.999998659E-3,
,,,21.10000038,-59.999998659E-3,
,,,21.11999893,-59.999998659E-3,
,,,21.13999939,-59.999998659E-3,
,,,21.15999985,-59.999998659E-3,
,,,21.18000031,-59.999998659E-3,
,,,21.19999886,-59.999998659E-3,
,,,21.21999931,-59.999998659E-3,
,,,21.23999977,-59.999998659E-3,
,,,21.26000023,-59.999998659E-3,
,,,21.27999878,-59.999998659E-3,
,,,21.29999924,-59.999998659E-3,
,,,21.31999969,-59.999998659E-3,
,,,21.34000015,-59.999998659E-3,
,,,21.35999870,-59.999998659E-3,
,,,21.37999916,-59.999998659E-3,
,,,21.39999962,-59.999998659E-3,
,,,21.42000008,-59.999998659E-3,
,,,21.43999863,-59.999998659E-3,
,,,21.45999908,-59.999998659E-3,
,,,21.47999954,-59.999998659E-3,
,,,21.50000000,-59.999998659E-3,
,,,21.52000046,-59.999998659E-3,
,,,21.53999901,-59.999998659E-3,
,,,21.55999947,-59.999998659E-3,
,,,21.57999992,-59.999998659E-3,
,,,21.60000038,-59.999998659E-3,
,,,21.61999893,-59.999998659E-3,
,,,21.63999939,-59.999998659E-3,
,,,21.65999985,-59.999998659E-3,
,,,21.68000031,-59.999998659E-3,
,,,21.69999886,-59.999998659E-3,
,,,21.71999931,-59.999998659E-3,
,,,21.73999977,-59.999998659E-3,
,,,21.76000023,-59.999998659E-3,
,,,21.77999878,-59.999998659E-3,
,,,21.79999924,-59.999998659E-3,
,,,21.81999969,-59.999998659E-3,
,,,21.84000015,-59.999998659E-3,
,,,21.85999870,-59.999998659E-3,
,,,21.87999916,-59.999998659E-3,
,,,21.89999962,-59.999998659E-3,
,,,21.92000008,-59.999998659E-3,
,,,21.93999863,-59.999998659E-3,
,,,21.95999908,-59.999998659E-3,
,,,21.97999954,-59.999998659E-3,
,,,22.00000000,-59.999998659E-3,
,,,22.02000046,-59.999998659E-3,
,,,22.03999901,-59.999998659E-3,
,,,22.05999947,-59.999998659E-3,
,,,22.07999992,-59.999998659E-3,
,,,22.10000038,-59.999998659E-3,
,,,22.11999893,-59.999998659E-3,
,,,22.13999939,-59.999998659E-3,
,,,22.15999985,-59.999998659E-3,
,,,22.18000031,-59.999998659E-3,
,,,22.19999886,-59.999998659E-3,
,,,22.21999931,-59.999998659E-3,
,,,22.23999977,-59.999998659E-3,
,,,22.26000023,-59.999998659E-3,
,,,22.27999878,-59.999998659E-3,
,,,22.29999924,-59.999998659E-3,
,,,22.31999969,-59.999998659E-3,
,,,22.34000015,-59.999998659E-3,
,,,22.35999870,-59.999998659E-3,
,,,22.37999916,-59.999998659E-3,
,,,22.39999962,-59.999998659E-3,
,,,22.42000008,-59.999998659E-3,
,,,22.43999863,-59.999998659E-3,
,,,22.45999908,-59.999998659E-3,
,,,22.47999954,-59.999998659E-3,
,,,22.50000000,-59.999998659E-3,
,,,22.51999855,-59.999998659E-3,
,,,22.53999901,-59.999998659E-3,
,,,22.55999947,-59.999998659E-3,
,,,22.57999992,-59.999998659E-3,
,,,22.60000038,-59.999998659E-3,
,,,22.61999893,-59.999998659E-3,
,,,22.63999939,-59.999998659E-3,
,,,22.65999985,-59.999998659E-3,
,,,22.68000031,-59.999998659E-3,
,,,22.69999886,-59.999998659E-3,
,,,22.71999931,-59.999998659E-3,
,,,22.73999977,-59.999998659E-3,
,,,22.76000023,-59.999998659E-3,
,,,22.77999878,-59.999998659E-3,
,,,22.79999924,-59.999998659E-3,
,,,22.81999969,-59.999998659E-3,
,,,22.84000015,-59.999998659E-3,
,,,22.85999870,-59.999998659E-3,
,,,22.87999916,-59.999998659E-3,
,,,22.89999962,-59.999998659E-3,
,,,22.92000008,-59.999998659E-3,
,,,22.93999863,-59.999998659E-3,
,,,22.95999908,-59.999998659E-3,
,,,22.97999954,-59.999998659E-3,
,,,23.00000000,-59.999998659E-3,
,,,23.01999855,-59.999998659E-3,
,,,23.03999901,-59.999998659E-3,
,,,23.05999947,-59.999998659E-3,
,,,23.07999992,-59.999998659E-3,
,,,23.10000038,-59.999998659E-3,
,,,23.11999893,-59.999998659E-3,
,,,23.13999939,-59.999998659E-3,
,,,23.15999985,-59.999998659E-3,
,,,23.18000031,-59.999998659E-3,
,,,23.19999886,-59.999998659E-3,
,,,23.21999931,-59.999998659E-3,
,,,23.23999977,-59.999998659E-3,
,,,23.26000023,-59.999998659E-3,
,,,23.27999878,-59.999998659E-3,
,,,23.29999924,-59.999998659E-3,
,,,23.31999969,-59.999998659E-3,
,,,23.34000015,-59.999998659E-3,
,,,23.35999870,-59.999998659E-3,
,,,23.37999916,-59.999998659E-3,
,,,23.39999962,-59.999998659E-3,
,,,23.42000008,-59.999998659E-3,
,,,23.43999863,-59.999998659E-3,
,,,23.45999908,-59.999998659E-3,
,,,23.47999954,-59.999998659E-3,
,,,23.50000000,-59.999998659E-3,
,,,23.51999855,-59.999998659E-3,
,,,23.53999901,-59.999998659E-3,
,,,23.55999947,-59.999998659E-3,
,,,23.57999992,-59.999998659E-3,
,,,23.60000038,-59.999998659E-3,
,,,23.61999893,-59.999998659E-3,
,,,23.63999939,-59.999998659E-3,
,,,23.65999985,-59.999998659E-3,
,,,23.68000031,-59.999998659E-3,
,,,23.69999886,-59.999998659E-3,
,,,23.71999931,-59.999998659E-3,
,,,23.73999977,-59.999998659E-3,
,,,23.76000023,-59.999998659E-3,
,,,23.77999878,-59.999998659E-3,
,,,23.79999924,-59.999998659E-3,
,,,23.81999969,-59.999998659E-3,
,,,23.84000015,-59.999998659E-3,
,,,23.85999870,-59.999998659E-3,
,,,23.87999916,-59.999998659E-3,
,,,23.89999962,-59.999998659E-3,
,,,23.92000008,-59.999998659E-3,
,,,23.93999863,-59.999998659E-3,
,,,23.95999908,-59.999998659E-3,
,,,23.97999954,-59.999998659E-3,
,,,24.00000000,-59.999998659E-3,
,,,24.01999855,-59.999998659E-3,
,,,24.03999901,-59.999998659E-3,
,,,24.05999947,-59.999998659E-3,
,,,24.07999992,-59.999998659E-3,
,,,24.10000038,-59.999998659E-3,
,,,24.11999893,-59.999998659E-3,
,,,24.13999939,-59.999998659E-3,
,,,24.15999985,-59.999998659E-3,
,,,24.18000031,-59.999998659E-3,
,,,24.19999886,-59.999998659E-3,
,,,24.21999931,-59.999998659E-3,
,,,24.23999977,-59.999998659E-3,
,,,24.26000023,-59.999998659E-3,
,,,24.27999878,-59.999998659E-3,
,,,24.29999924,-59.999998659E-3,
,,,24.31999969,-59.999998659E-3,
,,,24.34000015,-59.999998659E-3,
,,,24.35999870,-59.999998659E-3,
,,,24.37999916,-59.999998659E-3,
,,,24.39999962,-59.999998659E-3,
,,,24.42000008,-59.999998659E-3,
,,,24.43999863,-59.999998659E-3,
,,,24.45999908,-59.999998659E-3,
,,,24.47999954,-59.999998659E-3,
,,,24.50000000,-59.999998659E-3,
,,,24.51999855,-59.999998659E-3,
,,,24.53999901,-59.999998659E-3,
,,,24.55999947,-59.999998659E-3,
,,,24.57999992,-59.999998659E-3,
,,,24.60000038,-59.999998659E-3,
,,,24.61999893,-59.999998659E-3,
,,,24.63999939,-59.999998659E-3,
,,,24.65999985,-59.999998659E-3,
,,,24.68000031,-59.999998659E-3,
,,,24.69999886,-59.999998659E-3,
,,,24.71999931,-59.999998659E-3,
,,,24.73999977,-59.999998659E-3,
,,,24.76000023,-59.999998659E-3,
,,,24.77999878,-59.999998659E-3,
,,,24.79999924,-59.999998659E-3,
,,,24.81999969,-59.999998659E-3,
,,,24.84000015,-59.999998659E-3,
,,,24.85999870,-59.999998659E-3,
,,,24.87999916,-59.999998659E-3,
,,,24.89999962,-59.999998659E-3,
,,,24.92000008,-59.999998659E-3,
,,,24.93999863,-59.999998659E-3,
,,,24.95999908,-59.999998659E-3,
,,,24.97999954,-59.999998659E-3,
,,,25.00000000,-59.999998659E-3,
,,,25.01999855,-59.999998659E-3,
,,,25.03999901,-59.999998659E-3,
,,,25.05999947,-59.999998659E-3,
,,,25.07999992,-59.999998659E-3,
,,,25.10000038,-59.999998659E-3,
,,,25.11999893,-59.999998659E-3,
,,,25.13999939,-59.999998659E-3,
,,,25.15999985,-59.999998659E-3,
,,,25.18000031,-59.999998659E-3,
,,,25.19999886,-59.999998659E-3,
,,,25.21999931,-59.999998659E-3,
,,,25.23999977,-59.999998659E-3,
,,,25.26000023,-59.999998659E-3,
,,,25.27999878,-59.999998659E-3,
,,,25.29999924,-59.999998659E-3,
,,,25.31999969,-59.999998659E-3,
,,,25.34000015,-59.999998659E-3,
,,,25.35999870,-59.999998659E-3,
,,,25.37999916,-59.999998659E-3,
,,,25.39999962,-59.999998659E-3,
,,,25.42000008,-59.999998659E-3,
,,,25.43999863,-59.999998659E-3,
,,,25.45999908,-59.999998659E-3,
,,,25.47999954,-59.999998659E-3,
,,,25.50000000,-59.999998659E-3,
,,,25.51999855,-59.999998659E-3,
,,,25.53999901,-59.999998659E-3,
,,,25.55999947,-59.999998659E-3,
,,,25.57999992,-59.999998659E-3,
,,,25.59999847,-59.999998659E-3,
,,,25.61999893,-59.999998659E-3,
,,,25.63999939,-59.999998659E-3,
,,,25.65999985,-59.999998659E-3,
,,,25.68000031,-59.999998659E-3,
,,,25.69999886,-59.999998659E-3,
,,,25.71999931,-59.999998659E-3,
,,,25.73999977,-59.999998659E-3,
,,,25.76000023,-59.999998659E-3,
,,,25.77999878,-59.999998659E-3,
,,,25.79999924,-59.999998659E-3,
,,,25.81999969,-59.999998659E-3,
,,,25.84000015,-59.999998659E-3,
,,,25.85999870,-59.999998659E-3,
,,,25.87999916,-59.999998659E-3,
,,,25.89999962,-59.999998659E-3,
,,,25.92000008,-59.999998659E-3,
,,,25.93999863,-59.999998659E-3,
,,,25.95999908,-59.999998659E-3,
,,,25.97999954,-59.999998659E-3,
,,,26.00000000,-59.999998659E-3,
,,,26.01999855,-59.999998659E-3,
,,,26.03999901,-59.999998659E-3,
,,,26.05999947,-59.999998659E-3,
,,,26.07999992,-59.999998659E-3,
,,,26.09999847,-59.999998659E-3,
,,,26.11999893,-59.999998659E-3,
,,,26.13999939,-59.999998659E-3,
,,,26.15999985,-59.999998659E-3,
,,,26.18000031,-59.999998659E-3,
,,,26.19999886,-59.999998659E-3,
,,,26.21999931,-59.999998659E-3,
,,,26.23999977,-59.999998659E-3,
,,,26.26000023,-59.999998659E-3,
,,,26.27999878,-59.999998659E-3,
,,,26.29999924,-59.999998659E-3,
,,,26.31999969,-59.999998659E-3,
,,,26.34000015,-59.999998659E-3,
,,,26.35999870,-59.999998659E-3,
,,,26.37999916,-59.999998659E-3,
,,,26.39999962,-59.999998659E-3,
,,,26.42000008,-59.999998659E-3,
,,,26.43999863,-59.999998659E-3,
,,,26.45999908,-59.999998659E-3,
,,,26.47999954,-59.999998659E-3,
,,,26.50000000,-59.999998659E-3,
,,,26.51999855,-59.999998659E-3,
,,,26.53999901,-59.999998659E-3,
,,,26.55999947,-59.999998659E-3,
,,,26.57999992,-59.999998659E-3,
,,,26.59999847,-59.999998659E-3,
,,,26.61999893,-59.999998659E-3,
,,,26.63999939,-59.999998659E-3,
,,,26.65999985,-59.999998659E-3,
,,,26.68000031,-59.999998659E-3,
,,,26.69999886,-59.999998659E-3,
,,,26.71999931,-59.999998659E-3,
,,,26.73999977,-59.999998659E-3,
,,,26.76000023,-59.999998659E-3,
,,,26.77999878,-59.999998659E-3,
,,,26.79999924,-59.999998659E-3,
,,,26.81999969,-59.999998659E-3,
,,,26.84000015,-59.999998659E-3,
,,,26.85999870,-59.999998659E-3,
,,,26.87999916,-59.999998659E-3,
,,,26.89999962,-59.999998659E-3,
,,,26.92000008,-59.999998659E-3,
,,,26.93999863,-59.999998659E-3,
,,,26.95999908,-59.999998659E-3,
,,,26.97999954,-59.999998659E-3,
,,,27.00000000,-59.999998659E-3,
,,,27.01999855,-59.999998659E-3,
,,,27.03999901,-59.999998659E-3,
,,,27.05999947,-59.999998659E-3,
,,,27.07999992,-59.999998659E-3,
,,,27.09999847,-59.999998659E-3,
,,,27.11999893,-59.999998659E-3,
,,,27.13999939,-59.999998659E-3,
,,,27.15999985,-59.999998659E-3,
,,,27.18000031,-59.999998659E-3,
,,,27.19999886,-59.999998659E-3,
,,,27.21999931,-59.999998659E-3,
,,,27.23999977,-59.999998659E-3,
,,,27.26000023,-59.999998659E-3,
,,,27.27999878,-59.999998659E-3,
,,,27.29999924,-59.999998659E-3,
,,,27.31999969,-59.999998659E-3,
,,,27.34000015,-59.999998659E-3,
,,,27.35999870,-59.999998659E-3,
,,,27.37999916,-59.999998659E-3,
,,,27.39999962,-59.999998659E-3,
,,,27.42000008,-59.999998659E-3,
,,,27.43999863,-59.999998659E-3,
,,,27.45999908,-59.999998659E-3,
,,,27.47999954,-59.999998659E-3,
,,,27.50000000,-59.999998659E-3,
,,,27.51999855,-59.999998659E-3,
,,,27.53999901,-59.999998659E-3,
,,,27.55999947,-59.999998659E-3,
,,,27.57999992,-59.999998659E-3,
,,,27.59999847,-59.999998659E-3,
,,,27.61999893,-59.999998659E-3,
,,,27.63999939,-59.999998659E-3,
,,,27.65999985,-59.999998659E-3,
,,,27.68000031,-59.999998659E-3,
,,,27.69999886,-59.999998659E-3,
,,,27.71999931,-59.999998659E-3,
,,,27.73999977,-59.999998659E-3,
,,,27.76000023,-59.999998659E-3,
,,,27.77999878,-59.999998659E-3,
,,,27.79999924,-59.999998659E-3,
,,,27.81999969,-59.999998659E-3,
,,,27.84000015,-59.999998659E-3,
,,,27.85999870,-59.999998659E-3,
,,,27.87999916,-59.999998659E-3,
,,,27.89999962,-59.999998659E-3,
,,,27.92000008,-59.999998659E-3,
,,,27.93999863,-59.999998659E-3,
,,,27.95999908,-59.999998659E-3,
,,,27.97999954,-59.999998659E-3,
,,,28.00000000,-59.999998659E-3,
,,,28.01999855,-59.999998659E-3,
,,,28.03999901,-59.999998659E-3,
,,,28.05999947,-59.999998659E-3,
,,,28.07999992,-59.999998659E-3,
,,,28.09999847,-59.999998659E-3,
,,,28.11999893,-59.999998659E-3,
,,,28.13999939,-59.999998659E-3,
,,,28.15999985,-59.999998659E-3,
,,,28.18000031,-59.999998659E-3,
,,,28.19999886,-59.999998659E-3,
,,,28.21999931,-59.999998659E-3,
,,,28.23999977,-59.999998659E-3,
,,,28.26000023,-59.999998659E-3,
,,,28.27999878,-59.999998659E-3,
,,,28.29999924,-59.999998659E-3,
,,,28.31999969,-59.999998659E-3,
,,,28.34000015,-59.999998659E-3,
,,,28.35999870,-59.999998659E-3,
,,,28.37999916,-59.999998659E-3,
,,,28.39999962,-59.999998659E-3,
,,,28.42000008,-59.999998659E-3,
,,,28.43999863,-59.999998659E-3,
,,,28.45999908,-59.999998659E-3,
,,,28.47999954,-59.999998659E-3,
,,,28.50000000,-59.999998659E-3,
,,,28.51999855,-59.999998659E-3,
,,,28.53999901,-59.999998659E-3,
,,,28.55999947,-59.999998659E-3,
,,,28.57999992,-59.999998659E-3,
,,,28.59999847,-59.999998659E-3,
,,,28.61999893,-59.999998659E-3,
,,,28.63999939,-59.999998659E-3,
,,,28.65999985,-59.999998659E-3,
,,,28.68000031,-59.999998659E-3,
,,,28.69999886,-59.999998659E-3,
,,,28.71999931,-59.999998659E-3,
,,,28.73999977,-59.999998659E-3,
,,,28.76000023,-59.999998659E-3,
,,,28.77999878,-59.999998659E-3,
,,,28.79999924,-59.999998659E-3,
,,,28.81999969,-59.999998659E-3,
,,,28.84000015,-59.999998659E-3,
,,,28.85999870,-59.999998659E-3,
,,,28.87999916,-59.999998659E-3,
,,,28.89999962,-59.999998659E-3,
,,,28.92000008,-59.999998659E-3,
,,,28.93999863,-59.999998659E-3,
,,,28.95999908,-59.999998659E-3,
,,,28.97999954,-59.999998659E-3,
,,,29.00000000,-59.999998659E-3,
,,,29.01999855,-59.999998659E-3,
,,,29.03999901,-59.999998659E-3,
,,,29.05999947,-59.999998659E-3,
,,,29.07999992,-59.999998659E-3,
,,,29.09999847,-59.999998659E-3,
,,,29.11999893,-59.999998659E-3,
,,,29.13999939,-59.999998659E-3,
,,,29.15999985,-59.999998659E-3,
,,,29.17999840,-59.999998659E-3,
,,,29.19999886,-59.999998659E-3,
,,,29.21999931,-59.999998659E-3,
,,,29.23999977,-59.999998659E-3,
,,,29.26000023,-59.999998659E-3,
,,,29.27999878,-59.999998659E-3,
,,,29.29999924,-59.999998659E-3,
,,,29.31999969,-59.999998659E-3,
,,,29.34000015,-59.999998659E-3,
,,,29.35999870,-59.999998659E-3,
,,,29.37999916,-59.999998659E-3,
,,,29.39999962,-59.999998659E-3,
,,,29.42000008,-59.999998659E-3,
,,,29.43999863,-59.999998659E-3,
,,,29.45999908,-59.999998659E-3,
,,,29.47999954,-59.999998659E-3,
,,,29.50000000,-59.999998659E-3,
,,,29.51999855,-59.999998659E-3,
,,,29.53999901,-59.999998659E-3,
,,,29.55999947,-59.999998659E-3,
,,,29.57999992,-59.999998659E-3,
,,,29.59999847,-59.999998659E-3,
,,,29.61999893,-59.999998659E-3,
,,,29.63999939,-59.999998659E-3,
,,,29.65999985,-59.999998659E-3,
,,,29.67999840,-59.999998659E-3,
,,,29.69999886,-59.999998659E-3,
,,,29.71999931,-59.999998659E-3,
,,,29.73999977,-59.999998659E-3,
,,,29.76000023,-59.999998659E-3,
,,,29.77999878,-59.999998659E-3,
,,,29.79999924,-59.999998659E-3,
,,,29.81999969,-59.999998659E-3,
,,,29.84000015,-59.999998659E-3,
,,,29.85999870,-59.999998659E-3,
,,,29.87999916,-59.999998659E-3,
,,,29.89999962,-59.999998659E-3,
,,,29.92000008,-59.999998659E-3,
,,,29.93999863,-59.999998659E-3,
,,,29.95999908,-59.999998659E-3,
,,,29.97999954,-59.999998659E-3,
,,,30.00000000,-59.999998659E-3,
,,,30.01999855,-59.999998659E-3,
,,,30.03999901,-59.999998659E-3,
,,,30.05999947,-59.999998659E-3,
,,,30.07999992,-59.999998659E-3,
,,,30.09999847,-59.999998659E-3,
,,,30.11999893,-59.999998659E-3,
,,,30.13999939,-59.999998659E-3,
,,,30.15999985,-59.999998659E-3,
,,,30.17999840,-59.999998659E-3,
,,,30.19999886,-59.999998659E-3,
,,,30.21999931,-59.999998659E-3,
,,,30.23999977,-59.999998659E-3,
,,,30.26000023,-59.999998659E-3,
,,,30.27999878,-59.999998659E-3,
,,,30.29999924,-59.999998659E-3,
,,,30.31999969,-59.999998659E-3,
,,,30.34000015,-59.999998659E-3,
,,,30.35999870,-59.999998659E-3,
,,,30.37999916,-59.999998659E-3,
,,,30.39999962,-59.999998659E-3,
,,,30.42000008,-59.999998659E-3,
,,,30.43999863,-59.999998659E-3,
,,,30.45999908,-59.999998659E-3,
,,,30.47999954,-59.999998659E-3,
,,,30.50000000,-59.999998659E-3,
,,,30.51999855,-59.999998659E-3,
,,,30.53999901,-59.999998659E-3,
,,,30.55999947,-59.999998659E-3,
,,,30.57999992,-59.999998659E-3,
,,,30.59999847,-59.999998659E-3,
,,,30.61999893,-59.999998659E-3,
,,,30.63999939,-59.999998659E-3,
,,,30.65999985,-59.999998659E-3,
,,,30.67999840,-59.999998659E-3,
,,,30.69999886,-59.999998659E-3,
,,,30.71999931,-59.999998659E-3,
,,,30.73999977,-59.999998659E-3,
,,,30.76000023,-59.999998659E-3,
,,,30.77999878,-59.999998659E-3,
,,,30.79999924,-59.999998659E-3,
,,,30.81999969,-59.999998659E-3,
,,,30.84000015,-59.999998659E-3,
,,,30.85999870,-59.999998659E-3,
,,,30.87999916,-59.999998659E-3,
,,,30.89999962,-59.999998659E-3,
,,,30.92000008,-59.999998659E-3,
,,,30.93999863,-59.999998659E-3,
,,,30.95999908,-59.999998659E-3,
,,,30.97999954,-59.999998659E-3,
,,,31.00000000,-59.999998659E-3,
,,,31.01999855,-59.999998659E-3,
,,,31.03999901,-59.999998659E-3,
,,,31.05999947,-59.999998659E-3,
,,,31.07999992,-59.999998659E-3,
,,,31.09999847,-59.999998659E-3,
,,,31.11999893,-59.999998659E-3,
,,,31.13999939,-59.999998659E-3,
,,,31.15999985,-59.999998659E-3,
,,,31.17999840,-59.999998659E-3,
,,,31.19999886,-59.999998659E-3,
,,,31.21999931,-59.999998659E-3,
,,,31.23999977,-59.999998659E-3,
,,,31.26000023,-59.999998659E-3,
,,,31.27999878,-59.999998659E-3,
,,,31.29999924,-59.999998659E-3,
,,,31.31999969,-59.999998659E-3,
,,,31.34000015,-59.999998659E-3,
,,,31.35999870,-59.999998659E-3,
,,,31.37999916,-59.999998659E-3,
,,,31.39999962,-59.999998659E-3,
,,,31.42000008,-59.999998659E-3,
,,,31.43999863,-59.999998659E-3,
,,,31.45999908,-59.999998659E-3,
,,,31.47999954,-59.999998659E-3,
,,,31.50000000,-59.999998659E-3,
,,,31.51999855,-59.999998659E-3,
,,,31.53999901,-59.999998659E-3,
,,,31.55999947,-59.999998659E-3,
,,,31.57999992,-59.999998659E-3,
,,,31.59999847,-59.999998659E-3,
,,,31.61999893,-59.999998659E-3,
,,,31.63999939,-59.999998659E-3,
,,,31.65999985,-59.999998659E-3,
,,,31.67999840,-59.999998659E-3,
,,,31.69999886,-59.999998659E-3,
,,,31.71999931,-59.999998659E-3,
,,,31.73999977,-59.999998659E-3,
,,,31.76000023,-59.999998659E-3,
,,,31.77999878,-59.999998659E-3,
,,,31.79999924,-59.999998659E-3,
,,,31.81999969,-59.999998659E-3,
,,,31.84000015,-59.999998659E-3,
,,,31.85999870,-59.999998659E-3,
,,,31.87999916,-59.999998659E-3,
,,,31.89999962,-59.999998659E-3,
,,,31.92000008,-59.999998659E-3,
,,,31.93999863,-59.999998659E-3,
,,,31.95999908,-59.999998659E-3,
,,,31.97999954,-59.999998659E-3,
,,,32.00000000,-59.999998659E-3,
,,,32.02000046,-59.999998659E-3,
,,,32.04000092,-59.999998659E-3,
,,,32.05999756,-59.999998659E-3,
,,,32.07999802,-59.999998659E-3,
,,,32.09999847,-59.999998659E-3,
,,,32.11999893,-59.999998659E-3,
,,,32.13999939,-59.999998659E-3,
,,,32.15999985,-59.999998659E-3,
,,,32.18000031,-59.999998659E-3,
,,,32.20000076,-59.999998659E-3,
,,,32.21999741,-59.999998659E-3,
,,,32.23999786,-59.999998659E-3,
,,,32.25999832,-59.999998659E-3,
,,,32.27999878,-59.999998659E-3,
,,,32.29999924,-59.999998659E-3,
,,,32.31999969,-59.999998659E-3,
,,,32.34000015,-59.999998659E-3,
,,,32.36000061,-59.999998659E-3,
,,,32.38000107,-59.999998659E-3,
,,,32.39999771,-59.999998659E-3,
,,,32.41999817,-59.999998659E-3,
,,,32.43999863,-59.999998659E-3,
,,,32.45999908,-59.999998659E-3,
,,,32.47999954,-59.999998659E-3,
,,,32.50000000,-59.999998659E-3,
,,,32.52000046,-59.999998659E-3,
,,,32.54000092,-59.999998659E-3,
,,,32.55999756,-59.999998659E-3,
,,,32.57999802,-59.999998659E-3,
,,,32.59999847,-59.999998659E-3,
,,,32.61999893,-59.999998659E-3,
,,,32.63999939,-59.999998659E-3,
,,,32.65999985,-59.999998659E-3,
,,,32.68000031,-59.999998659E-3,
,,,32.70000076,-59.999998659E-3,
,,,32.71999741,-59.999998659E-3,
,,,32.73999786,-59.999998659E-3,
,,,32.75999832,-59.999998659E-3,
,,,32.77999878,-59.999998659E-3,
,,,32.79999924,-59.999998659E-3,
,,,32.81999969,-59.999998659E-3,
,,,32.84000015,-59.999998659E-3,
,,,32.86000061,-59.999998659E-3,
,,,32.88000107,-59.999998659E-3,
,,,32.89999771,-59.999998659E-3,
,,,32.91999817,-59.999998659E-3,
,,,32.93999863,-59.999998659E-3,
,,,32.95999908,-59.999998659E-3,
,,,32.97999954,-59.999998659E-3,
,,,33.00000000,-59.999998659E-3,
,,,33.02000046,-59.999998659E-3,
,,,33.04000092,-59.999998659E-3,
,,,33.05999756,-59.999998659E-3,
,,,33.07999802,-59.999998659E-3,
,,,33.09999847,-59.999998659E-3,
,,,33.11999893,-59.999998659E-3,
,,,33.13999939,-59.999998659E-3,
,,,33.15999985,-59.999998659E-3,
,,,33.18000031,-59.999998659E-3,
,,,33.20000076,-59.999998659E-3,
,,,33.21999741,-59.999998659E-3,
,,,33.23999786,-59.999998659E-3,
,,,33.25999832,-59.999998659E-3,
,,,33.27999878,-59.999998659E-3,
,,,33.29999924,-59.999998659E-3,
,,,33.31999969,-59.999998659E-3,
,,,33.34000015,-59.999998659E-3,
,,,33.36000061,-59.999998659E-3,
,,,33.38000107,-59.999998659E-3,
,,,33.39999771,-59.999998659E-3,
,,,33.41999817,-59.999998659E-3,
,,,33.43999863,-59.999998659E-3,
,,,33.45999908,-59.999998659E-3,
,,,33.47999954,-59.999998659E-3,
,,,33.50000000,-59.999998659E-3,
,,,33.52000046,-59.999998659E-3,
,,,33.54000092,-59.999998659E-3,
,,,33.55999756,-59.999998659E-3,
,,,33.57999802,-59.999998659E-3,
,,,33.59999847,-59.999998659E-3,
,,,33.61999893,-59.999998659E-3,
,,,33.63999939,-59.999998659E-3,
,,,33.65999985,-59.999998659E-3,
,,,33.68000031,-59.999998659E-3,
,,,33.70000076,-59.999998659E-3,
,,,33.71999741,-59.999998659E-3,
,,,33.73999786,-59.999998659E-3,
,,,33.75999832,-59.999998659E-3,
,,,33.77999878,-59.999998659E-3,
,,,33.79999924,-59.999998659E-3,
,,,33.81999969,-59.999998659E-3,
,,,33.84000015,-59.999998659E-3,
,,,33.86000061,-59.999998659E-3,
,,,33.88000107,-59.999998659E-3,
,,,33.89999771,-59.999998659E-3,
,,,33.91999817,-59.999998659E-3,
,,,33.93999863,-59.999998659E-3,
,,,33.95999908,-59.999998659E-3,
,,,33.97999954,-59.999998659E-3,
,,,34.00000000,-59.999998659E-3,
,,,34.02000046,-59.999998659E-3,
,,,34.04000092,-59.999998659E-3,
,,,34.05999756,-59.999998659E-3,
,,,34.07999802,-59.999998659E-3,
,,,34.09999847,-59.999998659E-3,
,,,34.11999893,-59.999998659E-3,
,,,34.13999939,-59.999998659E-3,
,,,34.15999985,-59.999998659E-3,
,,,34.18000031,-59.999998659E-3,
,,,34.20000076,-59.999998659E-3,
,,,34.21999741,-59.999998659E-3,
,,,34.23999786,-59.999998659E-3,
,,,34.25999832,-59.999998659E-3,
,,,34.27999878,-59.999998659E-3,
,,,34.29999924,-59.999998659E-3,
,,,34.31999969,-59.999998659E-3,
,,,34.34000015,-59.999998659E-3,
,,,34.36000061,-59.999998659E-3,
,,,34.38000107,-59.999998659E-3,
,,,34.39999771,-59.999998659E-3,
,,,34.41999817,-59.999998659E-3,
,,,34.43999863,-59.999998659E-3,
,,,34.45999908,-59.999998659E-3,
,,,34.47999954,-59.999998659E-3,
,,,34.50000000,-59.999998659E-3,
,,,34.52000046,-59.999998659E-3,
,,,34.54000092,-59.999998659E-3,
,,,34.55999756,-59.999998659E-3,
,,,34.57999802,-59.999998659E-3,
,,,34.59999847,-59.999998659E-3,
,,,34.61999893,-59.999998659E-3,
,,,34.63999939,-59.999998659E-3,
,,,34.65999985,-59.999998659E-3,
,,,34.68000031,-59.999998659E-3,
,,,34.70000076,-59.999998659E-3,
,,,34.71999741,-59.999998659E-3,
,,,34.73999786,-59.999998659E-3,
,,,34.75999832,-59.999998659E-3,
,,,34.77999878,-59.999998659E-3,
,,,34.79999924,-59.999998659E-3,
,,,34.81999969,-59.999998659E-3,
,,,34.84000015,-59.999998659E-3,
,,,34.86000061,-59.999998659E-3,
,,,34.88000107,-59.999998659E-3,
,,,34.89999771,-59.999998659E-3,
,,,34.91999817,-59.999998659E-3,
,,,34.93999863,-59.999998659E-3,
,,,34.95999908,-59.999998659E-3,
,,,34.97999954,-59.999998659E-3,
,,,35.00000000,-59.999998659E-3,
,,,35.02000046,-59.999998659E-3,
,,,35.04000092,-59.999998659E-3,
,,,35.05999756,-59.999998659E-3,
,,,35.07999802,-59.999998659E-3,
,,,35.09999847,-59.999998659E-3,
,,,35.11999893,-59.999998659E-3,
,,,35.13999939,-59.999998659E-3,
,,,35.15999985,-59.999998659E-3,
,,,35.18000031,-59.999998659E-3,
,,,35.20000076,-59.999998659E-3,
,,,35.21999741,-59.999998659E-3,
,,,35.23999786,-59.999998659E-3,
,,,35.25999832,-59.999998659E-3,
,,,35.27999878,-59.999998659E-3,
,,,35.29999924,-59.999998659E-3,
,,,35.31999969,-59.999998659E-3,
,,,35.34000015,-59.999998659E-3,
,,,35.36000061,-59.999998659E-3,
,,,35.38000107,-59.999998659E-3,
,,,35.39999771,-59.999998659E-3,
,,,35.41999817,-59.999998659E-3,
,,,35.43999863,-59.999998659E-3,
,,,35.45999908,-59.999998659E-3,
,,,35.47999954,-59.999998659E-3,
,,,35.50000000,-59.999998659E-3,
,,,35.52000046,-59.999998659E-3,
,,,35.54000092,-59.999998659E-3,
,,,35.55999756,-59.999998659E-3,
,,,35.57999802,-59.999998659E-3,
,,,35.59999847,-59.999998659E-3,
,,,35.61999893,-59.999998659E-3,
,,,35.63999939,-59.999998659E-3,
,,,35.65999985,-59.999998659E-3,
,,,35.68000031,-59.999998659E-3,
,,,35.70000076,-59.999998659E-3,
,,,35.71999741,-59.999998659E-3,
,,,35.73999786,-59.999998659E-3,
,,,35.75999832,-59.999998659E-3,
,,,35.77999878,-59.999998659E-3,
,,,35.79999924,-59.999998659E-3,
,,,35.81999969,-59.999998659E-3,
,,,35.84000015,-59.999998659E-3,
,,,35.86000061,-59.999998659E-3,
,,,35.88000107,-59.999998659E-3,
,,,35.89999771,-59.999998659E-3,
,,,35.91999817,-59.999998659E-3,
,,,35.93999863,-59.999998659E-3,
,,,35.95999908,-59.999998659E-3,
,,,35.97999954,-59.999998659E-3,
,,,36.00000000,-59.999998659E-3,
,,,36.02000046,-59.999998659E-3,
,,,36.04000092,-59.999998659E-3,
,,,36.05999756,-59.999998659E-3,
,,,36.07999802,-59.999998659E-3,
,,,36.09999847,-59.999998659E-3,
,,,36.11999893,-59.999998659E-3,
,,,36.13999939,-59.999998659E-3,
,,,36.15999985,-59.999998659E-3,
,,,36.18000031,-59.999998659E-3,
,,,36.20000076,-59.999998659E-3,
,,,36.21999741,-59.999998659E-3,
,,,36.23999786,-59.999998659E-3,
,,,36.25999832,-59.999998659E-3,
,,,36.27999878,-59.999998659E-3,
,,,36.29999924,-59.999998659E-3,
,,,36.31999969,-59.999998659E-3,
,,,36.34000015,-59.999998659E-3,
,,,36.36000061,-59.999998659E-3,
,,,36.38000107,-59.999998659E-3,
,,,36.39999771,-59.999998659E-3,
,,,36.41999817,-59.999998659E-3,
,,,36.43999863,-59.999998659E-3,
,,,36.45999908,-59.999998659E-3,
,,,36.47999954,-59.999998659E-3,
,,,36.50000000,-59.999998659E-3,
,,,36.52000046,-59.999998659E-3,
,,,36.54000092,-59.999998659E-3,
,,,36.55999756,-59.999998659E-3,
,,,36.57999802,-59.999998659E-3,
,,,36.59999847,-59.999998659E-3,
,,,36.61999893,-59.999998659E-3,
,,,36.63999939,-59.999998659E-3,
,,,36.65999985,-59.999998659E-3,
,,,36.68000031,-59.999998659E-3,
,,,36.70000076,-59.999998659E-3,
,,,36.71999741,-59.999998659E-3,
,,,36.73999786,-59.999998659E-3,
,,,36.75999832,-59.999998659E-3,
,,,36.77999878,-59.999998659E-3,
,,,36.79999924,-59.999998659E-3,
,,,36.81999969,-59.999998659E-3,
,,,36.84000015,-59.999998659E-3,
,,,36.86000061,-59.999998659E-3,
,,,36.88000107,-59.999998659E-3,
,,,36.89999771,-59.999998659E-3,
,,,36.91999817,-59.999998659E-3,
,,,36.93999863,-59.999998659E-3,
,,,36.95999908,-59.999998659E-3,
,,,36.97999954,-59.999998659E-3,
,,,37.00000000,-59.999998659E-3,
,,,37.02000046,-59.999998659E-3,
,,,37.04000092,-59.999998659E-3,
,,,37.05999756,-59.999998659E-3,
,,,37.07999802,-59.999998659E-3,
,,,37.09999847,-59.999998659E-3,
,,,37.11999893,-59.999998659E-3,
,,,37.13999939,-59.999998659E-3,
,,,37.15999985,-59.999998659E-3,
,,,37.18000031,-59.999998659E-3,
,,,37.20000076,-59.999998659E-3,
,,,37.21999741,-59.999998659E-3,
,,,37.23999786,-59.999998659E-3,
,,,37.25999832,-59.999998659E-3,
,,,37.27999878,-59.999998659E-3,
,,,37.29999924,-59.999998659E-3,
,,,37.31999969,-59.999998659E-3,
,,,37.34000015,-59.999998659E-3,
,,,37.36000061,-59.999998659E-3,
,,,37.38000107,-59.999998659E-3,
,,,37.39999771,-59.999998659E-3,
,,,37.41999817,-59.999998659E-3,
,,,37.43999863,-59.999998659E-3,
,,,37.45999908,-59.999998659E-3,
,,,37.47999954,-59.999998659E-3,
,,,37.50000000,-59.999998659E-3,
,,,37.52000046,-59.999998659E-3,
,,,37.54000092,-59.999998659E-3,
,,,37.55999756,-59.999998659E-3,
,,,37.57999802,-59.999998659E-3,
,,,37.59999847,-59.999998659E-3,
,,,37.61999893,-59.999998659E-3,
,,,37.63999939,-59.999998659E-3,
,,,37.65999985,-59.999998659E-3,
,,,37.68000031,-59.999998659E-3,
,,,37.70000076,-59.999998659E-3,
,,,37.71999741,-59.999998659E-3,
,,,37.73999786,-59.999998659E-3,
,,,37.75999832,-59.999998659E-3,
,,,37.77999878,-59.999998659E-3,
,,,37.79999924,-59.999998659E-3,
,,,37.81999969,-59.999998659E-3,
,,,37.84000015,-59.999998659E-3,
,,,37.86000061,-59.999998659E-3,
,,,37.87999725,-59.999998659E-3,
,,,37.89999771,-59.999998659E-3,
,,,37.91999817,-59.999998659E-3,
,,,37.93999863,-59.999998659E-3,
,,,37.95999908,-59.999998659E-3,
,,,37.97999954,-59.999998659E-3,
,,,38.00000000,-59.999998659E-3,
,,,38.02000046,-59.999998659E-3,
,,,38.04000092,-59.999998659E-3,
,,,38.05999756,-59.999998659E-3,
,,,38.07999802,-59.999998659E-3,
,,,38.09999847,-59.999998659E-3,
,,,38.11999893,-59.999998659E-3,
,,,38.13999939,-59.999998659E-3,
,,,38.15999985,-59.999998659E-3,
,,,38.18000031,-59.999998659E-3,
,,,38.20000076,-59.999998659E-3,
,,,38.21999741,-59.999998659E-3,
,,,38.23999786,-59.999998659E-3,
,,,38.25999832,-59.999998659E-3,
,,,38.27999878,-59.999998659E-3,
,,,38.29999924,-59.999998659E-3,
,,,38.31999969,-59.999998659E-3,
,,,38.34000015,-59.999998659E-3,
,,,38.36000061,-59.999998659E-3,
,,,38.37999725,-59.999998659E-3,
,,,38.39999771,-59.999998659E-3,
,,,38.41999817,-59.999998659E-3,
,,,38.43999863,-59.999998659E-3,
,,,38.45999908,-59.999998659E-3,
,,,38.47999954,-59.999998659E-3,
,,,38.50000000,-59.999998659E-3,
,,,38.52000046,-59.999998659E-3,
,,,38.54000092,-59.999998659E-3,
,,,38.55999756,-59.999998659E-3,
,,,38.57999802,-59.999998659E-3,
,,,38.59999847,-59.999998659E-3,
,,,38.61999893,-59.999998659E-3,
,,,38.63999939,-59.999998659E-3,
,,,38.65999985,-59.999998659E-3,
,,,38.68000031,-59.999998659E-3,
,,,38.70000076,-59.999998659E-3,
,,,38.71999741,-59.999998659E-3,
,,,38.73999786,-59.999998659E-3,
,,,38.75999832,-59.999998659E-3,
,,,38.77999878,-59.999998659E-3,
,,,38.79999924,-59.999998659E-3,
,,,38.81999969,-59.999998659E-3,
,,,38.84000015,-59.999998659E-3,
,,,38.86000061,-59.999998659E-3,
,,,38.87999725,-59.999998659E-3,
,,,38.89999771,-59.999998659E-3,
,,,38.91999817,-59.999998659E-3,
,,,38.93999863,-59.999998659E-3,
,,,38.95999908,-59.999998659E-3,
,,,38.97999954,-59.999998659E-3,
,,,39.00000000,-59.999998659E-3,
,,,39.02000046,-59.999998659E-3,
,,,39.04000092,-59.999998659E-3,
,,,39.05999756,-59.999998659E-3,
,,,39.07999802,-59.999998659E-3,
,,,39.09999847,-59.999998659E-3,
,,,39.11999893,-59.999998659E-3,
,,,39.13999939,-59.999998659E-3,
,,,39.15999985,-59.999998659E-3,
,,,39.18000031,-59.999998659E-3,
,,,39.20000076,-59.999998659E-3,
,,,39.21999741,-59.999998659E-3,
,,,39.23999786,-59.999998659E-3,
,,,39.25999832,-59.999998659E-3,
,,,39.27999878,-59.999998659E-3,
,,,39.29999924,-59.999998659E-3,
,,,39.31999969,-59.999998659E-3,
,,,39.34000015,-59.999998659E-3,
,,,39.36000061,-59.999998659E-3,
,,,39.37999725,-59.999998659E-3,
,,,39.39999771,-59.999998659E-3,
,,,39.41999817,-59.999998659E-3,
,,,39.43999863,-59.999998659E-3,
,,,39.45999908,-59.999998659E-3,
,,,39.47999954,-59.999998659E-3,
,,,39.50000000,-59.999998659E-3,
,,,39.52000046,-59.999998659E-3,
,,,39.54000092,-59.999998659E-3,
,,,39.55999756,-59.999998659E-3,
,,,39.57999802,-59.999998659E-3,
,,,39.59999847,-59.999998659E-3,
,,,39.61999893,-59.999998659E-3,
,,,39.63999939,-59.999998659E-3,
,,,39.65999985,-59.999998659E-3,
,,,39.68000031,-59.999998659E-3,
,,,39.70000076,-59.999998659E-3,
,,,39.71999741,-59.999998659E-3,
,,,39.73999786,-59.999998659E-3,
,,,39.75999832,-59.999998659E-3,
,,,39.77999878,-59.999998659E-3,
,,,39.79999924,-59.999998659E-3,
,,,39.81999969,-59.999998659E-3,
,,,39.84000015,-59.999998659E-3,
,,,39.86000061,-59.999998659E-3,
,,,39.87999725,-59.999998659E-3,
,,,39.89999771,-59.999998659E-3,
,,,39.91999817,-59.999998659E-3,
,,,39.93999863,-59.999998659E-3,
,,,39.95999908,-59.999998659E-3,
,,,39.97999954,-59.999998659E-3,
,,,40.00000000,-59.999998659E-3,
,,,40.02000046,-59.999998659E-3,
,,,40.04000092,-59.999998659E-3,
,,,40.05999756,-59.999998659E-3,
,,,40.07999802,-59.999998659E-3,
,,,40.09999847,-59.999998659E-3,
,,,40.11999893,-59.999998659E-3,
,,,40.13999939,-59.999998659E-3,
,,,40.15999985,-59.999998659E-3,
,,,40.18000031,-59.999998659E-3,
,,,40.20000076,-59.999998659E-3,
,,,40.21999741,-59.999998659E-3,
,,,40.23999786,-59.999998659E-3,
,,,40.25999832,-59.999998659E-3,
,,,40.27999878,-59.999998659E-3,
,,,40.29999924,-59.999998659E-3,
,,,40.31999969,-59.999998659E-3,
,,,40.34000015,-59.999998659E-3,
,,,40.36000061,-59.999998659E-3,
,,,40.37999725,-59.999998659E-3,
,,,40.39999771,-59.999998659E-3,
,,,40.41999817,-59.999998659E-3,
,,,40.43999863,-59.999998659E-3,
,,,40.45999908,-59.999998659E-3,
,,,40.47999954,-59.999998659E-3,
,,,40.50000000,-59.999998659E-3,
,,,40.52000046,-59.999998659E-3,
,,,40.54000092,-59.999998659E-3,
,,,40.55999756,-59.999998659E-3,
,,,40.57999802,-59.999998659E-3,
,,,40.59999847,-59.999998659E-3,
,,,40.61999893,-59.999998659E-3,
,,,40.63999939,-59.999998659E-3,
,,,40.65999985,-59.999998659E-3,
,,,40.68000031,-59.999998659E-3,
,,,40.70000076,-59.999998659E-3,
,,,40.71999741,-59.999998659E-3,
,,,40.73999786,-59.999998659E-3,
,,,40.75999832,-59.999998659E-3,
,,,40.77999878,-59.999998659E-3,
,,,40.79999924,-59.999998659E-3,
,,,40.81999969,-59.999998659E-3,
,,,40.84000015,-59.999998659E-3,
,,,40.86000061,-59.999998659E-3,
,,,40.87999725,-59.999998659E-3,
,,,40.89999771,-59.999998659E-3,
,,,40.91999817,-59.999998659E-3,
,,,40.93999863,-59.999998659E-3,
,,,40.95999908,-59.999998659E-3,
,,,40.97999954,-59.999998659E-3,
,,,41.00000000,-59.999998659E-3,
,,,41.02000046,-59.999998659E-3,
,,,41.04000092,-59.999998659E-3,
,,,41.05999756,-59.999998659E-3,
,,,41.07999802,-59.999998659E-3,
,,,41.09999847,-59.999998659E-3,
,,,41.11999893,-59.999998659E-3,
,,,41.13999939,-59.999998659E-3,
,,,41.15999985,-59.999998659E-3,
,,,41.18000031,-59.999998659E-3,
,,,41.20000076,-59.999998659E-3,
,,,41.21999741,-59.999998659E-3,
,,,41.23999786,-59.999998659E-3,
,,,41.25999832,-59.999998659E-3,
,,,41.27999878,-59.999998659E-3,
,,,41.29999924,-59.999998659E-3,
,,,41.31999969,-59.999998659E-3,
,,,41.34000015,-59.999998659E-3,
,,,41.36000061,-59.999998659E-3,
,,,41.37999725,-59.999998659E-3,
,,,41.39999771,-59.999998659E-3,
,,,41.41999817,-59.999998659E-3,
,,,41.43999863,-59.999998659E-3,
,,,41.45999908,-59.999998659E-3,
,,,41.47999954,-59.999998659E-3,
,,,41.50000000,-59.999998659E-3,
,,,41.52000046,-59.999998659E-3,
,,,41.54000092,-59.999998659E-3,
,,,41.55999756,-59.999998659E-3,
,,,41.57999802,-59.999998659E-3,
,,,41.59999847,-59.999998659E-3,
,,,41.61999893,-59.999998659E-3,
,,,41.63999939,-59.999998659E-3,
,,,41.65999985,-59.999998659E-3,
,,,41.68000031,-59.999998659E-3,
,,,41.70000076,-59.999998659E-3,
,,,41.71999741,-59.999998659E-3,
,,,41.73999786,-59.999998659E-3,
,,,41.75999832,-59.999998659E-3,
,,,41.77999878,-59.999998659E-3,
,,,41.79999924,-59.999998659E-3,
,,,41.81999969,-59.999998659E-3,
,,,41.84000015,-59.999998659E-3,
,,,41.86000061,-59.999998659E-3,
,,,41.87999725,-59.999998659E-3,
,,,41.89999771,-59.999998659E-3,
,,,41.91999817,-59.999998659E-3,
,,,41.93999863,-59.999998659E-3,
,,,41.95999908,-59.999998659E-3,
,,,41.97999954,-59.999998659E-3,
,,,42.00000000,-59.999998659E-3,
,,,42.02000046,-59.999998659E-3,
,,,42.04000092,-59.999998659E-3,
,,,42.05999756,-59.999998659E-3,
,,,42.07999802,-59.999998659E-3,
,,,42.09999847,-59.999998659E-3,
,,,42.11999893,-59.999998659E-3,
,,,42.13999939,-59.999998659E-3,
,,,42.15999985,-59.999998659E-3,
,,,42.18000031,-59.999998659E-3,
,,,42.20000076,-59.999998659E-3,
,,,42.21999741,-59.999998659E-3,
,,,42.23999786,-59.999998659E-3,
,,,42.25999832,-59.999998659E-3,
,,,42.27999878,-59.999998659E-3,
,,,42.29999924,-59.999998659E-3,
,,,42.31999969,-59.999998659E-3,
,,,42.34000015,-59.999998659E-3,
,,,42.36000061,-59.999998659E-3,
,,,42.37999725,-59.999998659E-3,
,,,42.39999771,-59.999998659E-3,
,,,42.41999817,-59.999998659E-3,
,,,42.43999863,-59.999998659E-3,
,,,42.45999908,-59.999998659E-3,
,,,42.47999954,-59.999998659E-3,
,,,42.50000000,-59.999998659E-3,
,,,42.52000046,-59.999998659E-3,
,,,42.54000092,-59.999998659E-3,
,,,42.55999756,-59.999998659E-3,
,,,42.57999802,-59.999998659E-3,
,,,42.59999847,-59.999998659E-3,
,,,42.61999893,-59.999998659E-3,
,,,42.63999939,-59.999998659E-3,
,,,42.65999985,-59.999998659E-3,
,,,42.68000031,-59.999998659E-3,
,,,42.70000076,-59.999998659E-3,
,,,42.71999741,-59.999998659E-3,
,,,42.73999786,-59.999998659E-3,
,,,42.75999832,-59.999998659E-3,
,,,42.77999878,-59.999998659E-3,
,,,42.79999924,-59.999998659E-3,
,,,42.81999969,-59.999998659E-3,
,,,42.84000015,-59.999998659E-3,
,,,42.86000061,-59.999998659E-3,
,,,42.87999725,-59.999998659E-3,
,,,42.89999771,-59.999998659E-3,
,,,42.91999817,-59.999998659E-3,
,,,42.93999863,-59.999998659E-3,
,,,42.95999908,-59.999998659E-3,
,,,42.97999954,-59.999998659E-3,
,,,43.00000000,-59.999998659E-3,
,,,43.02000046,-59.999998659E-3,
,,,43.04000092,-59.999998659E-3,
,,,43.05999756,-59.999998659E-3,
,,,43.07999802,-59.999998659E-3,
,,,43.09999847,-59.999998659E-3,
,,,43.11999893,-59.999998659E-3,
,,,43.13999939,-59.999998659E-3,
,,,43.15999985,-59.999998659E-3,
,,,43.18000031,-59.999998659E-3,
,,,43.20000076,-59.999998659E-3,
,,,43.21999741,-59.999998659E-3,
,,,43.23999786,-59.999998659E-3,
,,,43.25999832,-59.999998659E-3,
,,,43.27999878,-59.999998659E-3,
,,,43.29999924,-59.999998659E-3,
,,,43.31999969,-59.999998659E-3,
,,,43.34000015,-59.999998659E-3,
,,,43.36000061,-59.999998659E-3,
,,,43.37999725,-59.999998659E-3,
,,,43.39999771,-59.999998659E-3,
,,,43.41999817,-59.999998659E-3,
,,,43.43999863,-59.999998659E-3,
,,,43.45999908,-59.999998659E-3,
,,,43.47999954,-59.999998659E-3,
,,,43.50000000,-59.999998659E-3,
,,,43.52000046,-59.999998659E-3,
,,,43.54000092,-59.999998659E-3,
,,,43.55999756,-59.999998659E-3,
,,,43.57999802,-59.999998659E-3,
,,,43.59999847,-59.999998659E-3,
,,,43.61999893,-59.999998659E-3,
,,,43.63999939,-59.999998659E-3,
,,,43.65999985,-59.999998659E-3,
,,,43.68000031,-59.999998659E-3,
,,,43.70000076,-59.999998659E-3,
,,,43.71999741,-59.999998659E-3,
,,,43.73999786,-59.999998659E-3,
,,,43.75999832,-59.999998659E-3,
,,,43.77999878,-59.999998659E-3,
,,,43.79999924,-59.999998659E-3,
,,,43.81999969,-59.999998659E-3,
,,,43.84000015,-59.999998659E-3,
,,,43.86000061,-59.999998659E-3,
,,,43.87999725,-59.999998659E-3,
,,,43.89999771,-59.999998659E-3,
,,,43.91999817,-59.999998659E-3,
,,,43.93999863,-59.999998659E-3,
,,,43.95999908,-59.999998659E-3,
,,,43.97999954,-59.999998659E-3,
,,,44.00000000,-59.999998659E-3,
,,,44.02000046,-59.999998659E-3,
,,,44.04000092,-59.999998659E-3,
,,,44.05999756,-59.999998659E-3,
,,,44.07999802,-59.999998659E-3,
,,,44.09999847,-59.999998659E-3,
,,,44.11999893,-59.999998659E-3,
,,,44.13999939,-59.999998659E-3,
,,,44.15999985,-59.999998659E-3,
,,,44.18000031,-59.999998659E-3,
,,,44.20000076,-59.999998659E-3,
,,,44.21999741,-59.999998659E-3,
,,,44.23999786,-59.999998659E-3,
,,,44.25999832,-59.999998659E-3,
,,,44.27999878,-59.999998659E-3,
,,,44.29999924,-59.999998659E-3,
,,,44.31999969,-59.999998659E-3,
,,,44.34000015,-59.999998659E-3,
,,,44.36000061,-59.999998659E-3,
,,,44.37999725,-59.999998659E-3,
,,,44.39999771,-59.999998659E-3,
,,,44.41999817,-59.999998659E-3,
,,,44.43999863,-59.999998659E-3,
,,,44.45999908,-59.999998659E-3,
,,,44.47999954,-59.999998659E-3,
,,,44.50000000,-59.999998659E-3,
,,,44.52000046,-59.999998659E-3,
,,,44.53999710,-59.999998659E-3,
,,,44.55999756,-59.999998659E-3,
,,,44.57999802,-59.999998659E-3,
,,,44.59999847,-59.999998659E-3,
,,,44.61999893,-59.999998659E-3,
,,,44.63999939,-59.999998659E-3,
,,,44.65999985,-59.999998659E-3,
,,,44.68000031,-59.999998659E-3,
,,,44.70000076,-59.999998659E-3,
,,,44.71999741,-59.999998659E-3,
,,,44.73999786,-59.999998659E-3,
,,,44.75999832,-59.999998659E-3,
,,,44.77999878,-59.999998659E-3,
,,,44.79999924,-59.999998659E-3,
,,,44.81999969,-59.999998659E-3,
,,,44.84000015,-59.999998659E-3,
,,,44.86000061,-59.999998659E-3,
,,,44.87999725,-59.999998659E-3,
,,,44.89999771,-59.999998659E-3,
,,,44.91999817,-59.999998659E-3,
,,,44.93999863,-59.999998659E-3,
,,,44.95999908,-59.999998659E-3,
,,,44.97999954,-59.999998659E-3,
,,,45.00000000,-59.999998659E-3,
,,,45.02000046,-59.999998659E-3,
,,,45.03999710,-59.999998659E-3,
,,,45.05999756,-59.999998659E-3,
,,,45.07999802,-59.999998659E-3,
,,,45.09999847,-59.999998659E-3,
,,,45.11999893,-59.999998659E-3,
,,,45.13999939,-59.999998659E-3,
,,,45.15999985,-59.999998659E-3,
,,,45.18000031,-59.999998659E-3,
,,,45.20000076,-59.999998659E-3,
,,,45.21999741,-59.999998659E-3,
,,,45.23999786,-59.999998659E-3,
,,,45.25999832,-59.999998659E-3,
,,,45.27999878,-59.999998659E-3,
,,,45.29999924,-59.999998659E-3,
,,,45.31999969,-59.999998659E-3,
,,,45.34000015,-59.999998659E-3,
,,,45.36000061,-59.999998659E-3,
,,,45.37999725,-59.999998659E-3,
,,,45.39999771,-59.999998659E-3,
,,,45.41999817,-59.999998659E-3,
,,,45.43999863,-59.999998659E-3,
,,,45.45999908,-59.999998659E-3,
,,,45.47999954,-59.999998659E-3,
,,,45.50000000,-59.999998659E-3,
,,,45.52000046,-59.999998659E-3,
,,,45.53999710,-59.999998659E-3,
,,,45.55999756,-59.999998659E-3,
,,,45.57999802,-59.999998659E-3,
,,,45.59999847,-59.999998659E-3,
,,,45.61999893,-59.999998659E-3,
,,,45.63999939,-59.999998659E-3,
,,,45.65999985,-59.999998659E-3,
,,,45.68000031,-59.999998659E-3,
,,,45.70000076,-59.999998659E-3,
,,,45.71999741,-59.999998659E-3,
,,,45.73999786,-59.999998659E-3,
,,,45.75999832,-59.999998659E-3,
,,,45.77999878,-59.999998659E-3,
,,,45.79999924,-59.999998659E-3,
,,,45.81999969,-59.999998659E-3,
,,,45.84000015,-59.999998659E-3,
,,,45.86000061,-59.999998659E-3,
,,,45.87999725,-59.999998659E-3,
,,,45.89999771,-59.999998659E-3,
,,,45.91999817,-59.999998659E-3,
,,,45.93999863,-59.999998659E-3,
,,,45.95999908,-59.999998659E-3,
,,,45.97999954,-59.999998659E-3,
,,,46.00000000,-59.999998659E-3,
,,,46.02000046,-59.999998659E-3,
,,,46.03999710,-59.999998659E-3,
,,,46.05999756,-59.999998659E-3,
,,,46.07999802,-59.999998659E-3,
,,,46.09999847,-59.999998659E-3,
,,,46.11999893,-59.999998659E-3,
,,,46.13999939,-59.999998659E-3,
,,,46.15999985,-59.999998659E-3,
,,,46.18000031,-59.999998659E-3,
,,,46.20000076,-59.999998659E-3,
,,,46.21999741,-59.999998659E-3,
,,,46.23999786,-59.999998659E-3,
,,,46.25999832,-59.999998659E-3,
,,,46.27999878,-59.999998659E-3,
,,,46.29999924,-59.999998659E-3,
,,,46.31999969,-59.999998659E-3,
,,,46.34000015,-59.999998659E-3,
,,,46.36000061,-59.999998659E-3,
,,,46.37999725,-59.999998659E-3,
,,,46.39999771,-59.999998659E-3,
,,,46.41999817,-59.999998659E-3,
,,,46.43999863,-59.999998659E-3,
,,,46.45999908,-59.999998659E-3,
,,,46.47999954,-59.999998659E-3,
,,,46.50000000,-59.999998659E-3,
,,,46.52000046,-59.999998659E-3,
,,,46.53999710,-59.999998659E-3,
,,,46.55999756,-59.999998659E-3,
,,,46.57999802,-59.999998659E-3,
,,,46.59999847,-59.999998659E-3,
,,,46.61999893,-59.999998659E-3,
,,,46.63999939,-59.999998659E-3,
,,,46.65999985,-59.999998659E-3,
,,,46.68000031,-59.999998659E-3,
,,,46.70000076,-59.999998659E-3,
,,,46.71999741,-59.999998659E-3,
,,,46.73999786,-59.999998659E-3,
,,,46.75999832,-59.999998659E-3,
,,,46.77999878,-59.999998659E-3,
,,,46.79999924,-59.999998659E-3,
,,,46.81999969,-59.999998659E-3,
,,,46.84000015,-59.999998659E-3,
,,,46.86000061,-59.999998659E-3,
,,,46.87999725,-59.999998659E-3,
,,,46.89999771,-59.999998659E-3,
,,,46.91999817,-59.999998659E-3,
,,,46.93999863,-59.999998659E-3,
,,,46.95999908,-59.999998659E-3,
,,,46.97999954,-59.999998659E-3,
,,,47.00000000,-59.999998659E-3,
,,,47.02000046,-59.999998659E-3,
,,,47.03999710,-59.999998659E-3,
,,,47.05999756,-59.999998659E-3,
,,,47.07999802,-59.999998659E-3,
,,,47.09999847,-59.999998659E-3,
,,,47.11999893,-59.999998659E-3,
,,,47.13999939,-59.999998659E-3,
,,,47.15999985,-59.999998659E-3,
,,,47.18000031,-59.999998659E-3,
,,,47.20000076,-59.999998659E-3,
,,,47.21999741,-59.999998659E-3,
,,,47.23999786,-59.999998659E-3,
,,,47.25999832,-59.999998659E-3,
,,,47.27999878,-59.999998659E-3,
,,,47.29999924,-59.999998659E-3,
,,,47.31999969,-59.999998659E-3,
,,,47.34000015,-59.999998659E-3,
,,,47.36000061,-59.999998659E-3,
,,,47.37999725,-59.999998659E-3,
,,,47.39999771,-59.999998659E-3,
,,,47.41999817,-59.999998659E-3,
,,,47.43999863,-59.999998659E-3,
,,,47.45999908,-59.999998659E-3,
,,,47.47999954,-59.999998659E-3,
,,,47.50000000,-59.999998659E-3,
,,,47.52000046,-59.999998659E-3,
,,,47.53999710,-59.999998659E-3,
,,,47.55999756,-59.999998659E-3,
,,,47.57999802,-59.999998659E-3,
,,,47.59999847,-59.999998659E-3,
,,,47.61999893,-59.999998659E-3,
,,,47.63999939,-59.999998659E-3,
,,,47.65999985,-59.999998659E-3,
,,,47.68000031,-59.999998659E-3,
,,,47.70000076,-59.999998659E-3,
,,,47.71999741,-59.999998659E-3,
,,,47.73999786,-59.999998659E-3,
,,,47.75999832,-59.999998659E-3,
,,,47.77999878,-59.999998659E-3,
,,,47.79999924,-59.999998659E-3,
,,,47.81999969,-59.999998659E-3,
,,,47.84000015,-59.999998659E-3,
,,,47.86000061,-59.999998659E-3,
,,,47.87999725,-59.999998659E-3,
,,,47.89999771,-59.999998659E-3,
,,,47.91999817,-59.999998659E-3,
,,,47.93999863,-59.999998659E-3,
,,,47.95999908,-59.999998659E-3,
,,,47.97999954,-59.999998659E-3,
,,,48.00000000,-59.999998659E-3,
,,,48.02000046,-59.999998659E-3,
,,,48.03999710,-59.999998659E-3,
,,,48.05999756,-59.999998659E-3,
,,,48.07999802,-59.999998659E-3,
,,,48.09999847,-59.999998659E-3,
,,,48.11999893,-59.999998659E-3,
,,,48.13999939,-59.999998659E-3,
,,,48.15999985,-59.999998659E-3,
,,,48.18000031,-59.999998659E-3,
,,,48.20000076,-59.999998659E-3,
,,,48.21999741,-59.999998659E-3,
,,,48.23999786,-59.999998659E-3,
,,,48.25999832,-59.999998659E-3,
,,,48.27999878,-59.999998659E-3,
,,,48.29999924,-59.999998659E-3,
,,,48.31999969,-59.999998659E-3,
,,,48.34000015,-59.999998659E-3,
,,,48.36000061,-59.999998659E-3,
,,,48.37999725,-59.999998659E-3,
,,,48.39999771,-59.999998659E-3,
,,,48.41999817,-59.999998659E-3,
,,,48.43999863,-59.999998659E-3,
,,,48.45999908,-59.999998659E-3,
,,,48.47999954,-59.999998659E-3,
,,,48.50000000,-59.999998659E-3,
,,,48.52000046,-59.999998659E-3,
,,,48.53999710,-59.999998659E-3,
,,,48.55999756,-59.999998659E-3,
,,,48.57999802,-59.999998659E-3,
,,,48.59999847,-59.999998659E-3,
,,,48.61999893,-59.999998659E-3,
,,,48.63999939,-59.999998659E-3,
,,,48.65999985,-59.999998659E-3,
,,,48.68000031,-59.999998659E-3,
,,,48.70000076,-59.999998659E-3,
,,,48.71999741,-59.999998659E-3,
,,,48.73999786,-59.999998659E-3,
,,,48.75999832,-59.999998659E-3,
,,,48.77999878,-59.999998659E-3,
,,,48.79999924,-59.999998659E-3,
,,,48.81999969,-59.999998659E-3,
,,,48.84000015,-59.999998659E-3,
,,,48.86000061,-59.999998659E-3,
,,,48.87999725,-59.999998659E-3,
,,,48.89999771,-59.999998659E-3,
,,,48.91999817,-59.999998659E-3,
,,,48.93999863,-59.999998659E-3,
,,,48.95999908,-59.999998659E-3,
,,,48.97999954,-59.999998659E-3,
,,,49.00000000,-59.999998659E-3,
,,,49.02000046,-59.999998659E-3,
,,,49.03999710,-59.999998659E-3,
,,,49.05999756,-59.999998659E-3,
,,,49.07999802,-59.999998659E-3,
,,,49.09999847,-59.999998659E-3,
,,,49.11999893,-59.999998659E-3,
,,,49.13999939,-59.999998659E-3,
,,,49.15999985,-59.999998659E-3,
,,,49.18000031,-59.999998659E-3,
,,,49.20000076,-59.999998659E-3,
,,,49.21999741,-59.999998659E-3,
,,,49.23999786,-59.999998659E-3,
,,,49.25999832,-59.999998659E-3,
,,,49.27999878,-59.999998659E-3,
,,,49.29999924,-59.999998659E-3,
,,,49.31999969,-59.999998659E-3,
,,,49.34000015,-59.999998659E-3,
,,,49.36000061,-59.999998659E-3,
,,,49.37999725,-59.999998659E-3,
,,,49.39999771,-59.999998659E-3,
,,,49.41999817,-59.999998659E-3,
,,,49.43999863,-59.999998659E-3,
,,,49.45999908,-59.999998659E-3,
,,,49.47999954,-59.999998659E-3,
,,,49.50000000,-59.999998659E-3,
,,,49.52000046,-59.999998659E-3,
,,,49.53999710,-59.999998659E-3,
,,,49.55999756,-59.999998659E-3,
,,,49.57999802,-59.999998659E-3,
,,,49.59999847,-59.999998659E-3,
,,,49.61999893,-59.999998659E-3,
,,,49.63999939,-59.999998659E-3,
,,,49.65999985,-59.999998659E-3,
,,,49.68000031,-59.999998659E-3,
,,,49.70000076,-59.999998659E-3,
,,,49.71999741,-59.999998659E-3,
,,,49.73999786,-59.999998659E-3,
,,,49.75999832,-59.999998659E-3,
,,,49.77999878,-59.999998659E-3,
,,,49.79999924,-59.999998659E-3,
,,,49.81999969,-59.999998659E-3,
,,,49.84000015,-59.999998659E-3,
,,,49.86000061,-59.999998659E-3,
,,,49.87999725,-59.999998659E-3,
,,,49.89999771,-59.999998659E-3,
,,,49.91999817,-59.999998659E-3,
,,,49.93999863,-59.999998659E-3,
,,,49.95999908,-59.999998659E-3,
,,,49.97999954,-59.999998659E-3,
