Record Length,2500,Points,-28.79999920E-6,39.99999911E-3,
Sample Interval,39.99999976E-9,s,-28.75999962E-6,0.0,
Trigger Point,719.999984368,Samples,-28.72000005E-6,0.0,
,,,-28.67999865E-6,39.99999911E-3,
,,,-28.63999907E-6,39.99999911E-3,
,,,-28.59999950E-6,79.999998212E-3,
Source,CH1,,-28.55999992E-6,0.0,
Vertical Units,Volts,,-28.51999852E-6,39.99999911E-3,
Vertical Scale,999.999977648E-3,,-28.47999895E-6,39.99999911E-3,
Vertical Offset,0,,-28.43999937E-6,39.99999911E-3,
Horizontal Units,s,,-28.39999979E-6,0.0,
Horizontal Scale,9.999999939E-6,,-28.35999840E-6,39.99999911E-3,
Pt Fmt,Y,,-28.31999882E-6,39.99999911E-3,
Yzero,0.0,,-28.27999924E-6,39.99999911E-3,
Probe Atten,1.000000,,-28.23999966E-6,0.0,
,,,-28.20000009E-6,39.99999911E-3,
Note,TBS 1052B-EDU - 02:00:50 p.m.   29/08/2022,,-28.15999869E-6,39.99999911E-3,
,,,-28.11999912E-6,0.0,
,,,-28.07999954E-6,79.999998212E-3,
,,,-28.03999996E-6,39.99999911E-3,
,,,-27.99999857E-6,39.99999911E-3,
,,,-27.95999899E-6,79.999998212E-3,
,,,-27.91999941E-6,39.99999911E-3,
,,,-27.87999983E-6,39.99999911E-3,
,,,-27.83999844E-6,39.99999911E-3,
,,,-27.79999886E-6,39.99999911E-3,
,,,-27.75999928E-6,39.99999911E-3,
,,,-27.71999971E-6,39.99999911E-3,
,,,-27.67999831E-6,39.99999911E-3,
,,,-27.63999873E-6,79.999998212E-3,
,,,-27.59999916E-6,39.99999911E-3,
,,,-27.55999958E-6,39.99999911E-3,
,,,-27.52000000E-6,39.99999911E-3,
,,,-27.47999861E-6,39.99999911E-3,
,,,-27.43999903E-6,79.999998212E-3,
,,,-27.39999945E-6,79.999998212E-3,
,,,-27.35999988E-6,0.0,
,,,-27.31999848E-6,39.99999911E-3,
,,,-27.27999890E-6,39.99999911E-3,
,,,-27.23999933E-6,39.99999911E-3,
,,,-27.19999975E-6,39.99999911E-3,
,,,-27.15999835E-6,0.0,
,,,-27.11999878E-6,39.99999911E-3,
,,,-27.07999920E-6,39.99999911E-3,
,,,-27.03999962E-6,39.99999911E-3,
,,,-27.00000005E-6,39.99999911E-3,
,,,-26.95999865E-6,39.99999911E-3,
,,,-26.91999907E-6,39.99999911E-3,
,,,-26.87999950E-6,39.99999911E-3,
,,,-26.83999992E-6,39.99999911E-3,
,,,-26.79999852E-6,39.99999911E-3,
,,,-26.75999895E-6,0.0,
,,,-26.71999937E-6,0.0,
,,,-26.67999979E-6,39.99999911E-3,
,,,-26.63999840E-6,39.99999911E-3,
,,,-26.59999882E-6,39.99999911E-3,
,,,-26.55999924E-6,39.99999911E-3,
,,,-26.51999966E-6,39.99999911E-3,
,,,-26.48000009E-6,39.99999911E-3,
,,,-26.43999869E-6,79.999998212E-3,
,,,-26.39999911E-6,39.99999911E-3,
,,,-26.35999954E-6,79.999998212E-3,
,,,-26.31999996E-6,39.99999911E-3,
,,,-26.27999856E-6,39.99999911E-3,
,,,-26.23999899E-6,39.99999911E-3,
,,,-26.19999941E-6,0.0,
,,,-26.15999983E-6,39.99999911E-3,
,,,-26.11999844E-6,0.0,
,,,-26.07999886E-6,39.99999911E-3,
,,,-26.03999928E-6,39.99999911E-3,
,,,-25.99999971E-6,79.999998212E-3,
,,,-25.95999831E-6,39.99999911E-3,
,,,-25.91999873E-6,79.999998212E-3,
,,,-25.87999916E-6,39.99999911E-3,
,,,-25.83999958E-6,39.99999911E-3,
,,,-25.80000000E-6,0.0,
,,,-25.75999861E-6,0.0,
,,,-25.71999903E-6,39.99999911E-3,
,,,-25.67999945E-6,79.999998212E-3,
,,,-25.63999988E-6,0.0,
,,,-25.59999848E-6,39.99999911E-3,
,,,-25.55999890E-6,79.999998212E-3,
,,,-25.51999933E-6,39.99999911E-3,
,,,-25.47999975E-6,39.99999911E-3,
,,,-25.43999835E-6,39.99999911E-3,
,,,-25.39999878E-6,39.99999911E-3,
,,,-25.35999920E-6,39.99999911E-3,
,,,-25.31999962E-6,39.99999911E-3,
,,,-25.28000005E-6,0.0,
,,,-25.23999865E-6,0.0,
,,,-25.19999907E-6,0.0,
,,,-25.15999950E-6,39.99999911E-3,
,,,-25.11999992E-6,0.0,
,,,-25.07999852E-6,79.999998212E-3,
,,,-25.03999895E-6,79.999998212E-3,
,,,-24.99999937E-6,39.99999911E-3,
,,,-24.95999979E-6,39.99999911E-3,
,,,-24.91999840E-6,39.99999911E-3,
,,,-24.87999882E-6,39.99999911E-3,
,,,-24.83999924E-6,39.99999911E-3,
,,,-24.79999966E-6,0.0,
,,,-24.76000009E-6,0.0,
,,,-24.71999869E-6,0.0,
,,,-24.67999911E-6,0.0,
,,,-24.63999954E-6,0.0,
,,,-24.59999996E-6,39.99999911E-3,
,,,-24.55999856E-6,39.99999911E-3,
,,,-24.51999899E-6,39.99999911E-3,
,,,-24.47999941E-6,39.99999911E-3,
,,,-24.43999983E-6,39.99999911E-3,
,,,-24.39999844E-6,0.0,
,,,-24.35999886E-6,39.99999911E-3,
,,,-24.31999928E-6,0.0,
,,,-24.27999971E-6,39.99999911E-3,
,,,-24.24000013E-6,39.99999911E-3,
,,,-24.19999873E-6,39.99999911E-3,
,,,-24.15999916E-6,39.99999911E-3,
,,,-24.11999958E-6,39.99999911E-3,
,,,-24.08000000E-6,79.999998212E-3,
,,,-24.03999861E-6,0.0,
,,,-23.99999903E-6,39.99999911E-3,
,,,-23.95999945E-6,39.99999911E-3,
,,,-23.91999988E-6,39.99999911E-3,
,,,-23.87999848E-6,0.0,
,,,-23.83999890E-6,39.99999911E-3,
,,,-23.79999933E-6,39.99999911E-3,
,,,-23.75999975E-6,79.999998212E-3,
,,,-23.71999835E-6,39.99999911E-3,
,,,-23.67999878E-6,0.0,
,,,-23.63999920E-6,0.0,
,,,-23.59999962E-6,39.99999911E-3,
,,,-23.56000005E-6,39.99999911E-3,
,,,-23.51999865E-6,39.99999911E-3,
,,,-23.47999907E-6,0.0,
,,,-23.43999950E-6,39.99999911E-3,
,,,-23.39999992E-6,0.0,
,,,-23.35999852E-6,0.0,
,,,-23.31999895E-6,39.99999911E-3,
,,,-23.27999937E-6,39.99999911E-3,
,,,-23.23999979E-6,39.99999911E-3,
,,,-23.19999840E-6,39.99999911E-3,
,,,-23.15999882E-6,79.999998212E-3,
,,,-23.11999924E-6,39.99999911E-3,
,,,-23.07999966E-6,79.999998212E-3,
,,,-23.04000009E-6,39.99999911E-3,
,,,-22.99999869E-6,79.999998212E-3,
,,,-22.95999911E-6,39.99999911E-3,
,,,-22.91999954E-6,0.0,
,,,-22.87999996E-6,0.0,
,,,-22.83999856E-6,39.99999911E-3,
,,,-22.79999899E-6,79.999998212E-3,
,,,-22.75999941E-6,39.99999911E-3,
,,,-22.71999983E-6,79.999998212E-3,
,,,-22.67999844E-6,39.99999911E-3,
,,,-22.63999886E-6,0.0,
,,,-22.59999928E-6,39.99999911E-3,
,,,-22.55999971E-6,0.0,
,,,-22.52000013E-6,79.999998212E-3,
,,,-22.47999873E-6,39.99999911E-3,
,,,-22.43999916E-6,39.99999911E-3,
,,,-22.39999958E-6,39.99999911E-3,
,,,-22.36000000E-6,39.99999911E-3,
,,,-22.31999861E-6,39.99999911E-3,
,,,-22.27999903E-6,39.99999911E-3,
,,,-22.23999945E-6,39.99999911E-3,
,,,-22.19999988E-6,39.99999911E-3,
,,,-22.15999848E-6,39.99999911E-3,
,,,-22.11999890E-6,39.99999911E-3,
,,,-22.07999933E-6,39.99999911E-3,
,,,-22.03999975E-6,39.99999911E-3,
,,,-21.99999835E-6,39.99999911E-3,
,,,-21.95999878E-6,79.999998212E-3,
,,,-21.91999920E-6,79.999998212E-3,
,,,-21.87999962E-6,39.99999911E-3,
,,,-21.84000004E-6,39.99999911E-3,
,,,-21.79999865E-6,39.99999911E-3,
,,,-21.75999907E-6,39.99999911E-3,
,,,-21.71999949E-6,0.0,
,,,-21.67999992E-6,0.0,
,,,-21.63999852E-6,0.0,
,,,-21.59999895E-6,39.99999911E-3,
,,,-21.55999937E-6,0.0,
,,,-21.51999979E-6,0.0,
,,,-21.47999840E-6,39.99999911E-3,
,,,-21.43999882E-6,39.99999911E-3,
,,,-21.39999924E-6,0.0,
,,,-21.35999966E-6,39.99999911E-3,
,,,-21.32000009E-6,39.99999911E-3,
,,,-21.27999869E-6,79.999998212E-3,
,,,-21.23999911E-6,39.99999911E-3,
,,,-21.19999954E-6,79.999998212E-3,
,,,-21.15999996E-6,79.999998212E-3,
,,,-21.11999856E-6,39.99999911E-3,
,,,-21.07999899E-6,39.99999911E-3,
,,,-21.03999941E-6,79.999998212E-3,
,,,-20.99999983E-6,79.999998212E-3,
,,,-20.95999844E-6,39.99999911E-3,
,,,-20.91999886E-6,79.999998212E-3,
,,,-20.87999928E-6,79.999998212E-3,
,,,-20.83999971E-6,119.9999973E-3,
,,,-20.80000013E-6,119.9999973E-3,
,,,-20.75999873E-6,159.99999642E-3,
,,,-20.71999916E-6,79.999998212E-3,
,,,-20.67999958E-6,119.9999973E-3,
,,,-20.64000000E-6,79.999998212E-3,
,,,-20.59999861E-6,119.9999973E-3,
,,,-20.55999903E-6,119.9999973E-3,
,,,-20.51999945E-6,119.9999973E-3,
,,,-20.47999988E-6,119.9999973E-3,
,,,-20.43999848E-6,119.9999973E-3,
,,,-20.39999890E-6,119.9999973E-3,
,,,-20.35999933E-6,159.99999642E-3,
,,,-20.31999975E-6,119.9999973E-3,
,,,-20.27999835E-6,119.9999973E-3,
,,,-20.23999878E-6,159.99999642E-3,
,,,-20.19999920E-6,159.99999642E-3,
,,,-20.15999962E-6,159.99999642E-3,
,,,-20.12000004E-6,159.99999642E-3,
,,,-20.0799986E-6,159.99999642E-3,
,,,-20.0399991E-6,159.99999642E-3,
,,,-19.9999995E-6,159.99999642E-3,
,,,-19.9599999E-6,159.99999642E-3,
,,,-19.9199985E-6,159.99999642E-3,
,,,-19.8799989E-6,159.99999642E-3,
,,,-19.8399994E-6,119.9999973E-3,
,,,-19.7999998E-6,199.99998808E-3,
,,,-19.7599984E-6,159.99999642E-3,
,,,-19.7199988E-6,159.99999642E-3,
,,,-19.6799992E-6,199.99998808E-3,
,,,-19.6399997E-6,159.99999642E-3,
,,,-19.6000001E-6,159.99999642E-3,
,,,-19.5599987E-6,199.99998808E-3,
,,,-19.5199991E-6,199.99998808E-3,
,,,-19.4799995E-6,199.99998808E-3,
,,,-19.4400000E-6,199.99998808E-3,
,,,-19.3999986E-6,159.99999642E-3,
,,,-19.3599990E-6,239.99999464E-3,
,,,-19.3199994E-6,199.99998808E-3,
,,,-19.2799998E-6,159.99999642E-3,
,,,-19.2399984E-6,199.99998808E-3,
,,,-19.1999989E-6,239.99999464E-3,
,,,-19.1599993E-6,239.99999464E-3,
,,,-19.1199997E-6,239.99999464E-3,
,,,-19.0800001E-6,239.99999464E-3,
,,,-19.0399987E-6,280.00000119E-3,
,,,-18.9999992E-6,239.99999464E-3,
,,,-18.9599996E-6,239.99999464E-3,
,,,-18.9200000E-6,239.99999464E-3,
,,,-18.8799986E-6,199.99998808E-3,
,,,-18.8399990E-6,280.00000119E-3,
,,,-18.7999995E-6,199.99998808E-3,
,,,-18.7599999E-6,239.99999464E-3,
,,,-18.7199985E-6,319.99999285E-3,
,,,-18.6799989E-6,239.99999464E-3,
,,,-18.6399993E-6,239.99999464E-3,
,,,-18.5999997E-6,280.00000119E-3,
,,,-18.5600002E-6,280.00000119E-3,
,,,-18.5199988E-6,280.00000119E-3,
,,,-18.4799992E-6,280.00000119E-3,
,,,-18.4399996E-6,280.00000119E-3,
,,,-18.4000000E-6,280.00000119E-3,
,,,-18.3599986E-6,280.00000119E-3,
,,,-18.3199991E-6,280.00000119E-3,
,,,-18.2799995E-6,319.99999285E-3,
,,,-18.2399999E-6,280.00000119E-3,
,,,-18.1999985E-6,319.99999285E-3,
,,,-18.1599989E-6,319.99999285E-3,
,,,-18.1199994E-6,280.00000119E-3,
,,,-18.0799998E-6,280.00000119E-3,
,,,-18.0399984E-6,280.00000119E-3,
,,,-17.9999988E-6,319.99999285E-3,
,,,-17.9599992E-6,280.00000119E-3,
,,,-17.9199997E-6,319.99999285E-3,
,,,-17.8800001E-6,319.99999285E-3,
,,,-17.8399987E-6,319.99999285E-3,
,,,-17.7999991E-6,319.99999285E-3,
,,,-17.7599995E-6,319.99999285E-3,
,,,-17.7200000E-6,319.99999285E-3,
,,,-17.6799986E-6,359.99998450E-3,
,,,-17.6399990E-6,319.99999285E-3,
,,,-17.5999994E-6,319.99999285E-3,
,,,-17.5599998E-6,359.99998450E-3,
,,,-17.5199984E-6,319.99999285E-3,
,,,-17.4799989E-6,319.99999285E-3,
,,,-17.4399993E-6,319.99999285E-3,
,,,-17.3999997E-6,359.99998450E-3,
,,,-17.3600001E-6,319.99999285E-3,
,,,-17.3199987E-6,399.99997616E-3,
,,,-17.2799992E-6,359.99998450E-3,
,,,-17.2399996E-6,399.99997616E-3,
,,,-17.2000000E-6,359.99998450E-3,
,,,-17.1599986E-6,319.99999285E-3,
,,,-17.1199990E-6,359.99998450E-3,
,,,-17.0799995E-6,359.99998450E-3,
,,,-17.0399999E-6,359.99998450E-3,
,,,-16.9999985E-6,399.99997616E-3,
,,,-16.9599989E-6,399.99997616E-3,
,,,-16.9199993E-6,399.99997616E-3,
,,,-16.8799997E-6,359.99998450E-3,
,,,-16.8400002E-6,319.99999285E-3,
,,,-16.7999988E-6,359.99998450E-3,
,,,-16.7599992E-6,399.99997616E-3,
,,,-16.7199996E-6,359.99998450E-3,
,,,-16.6800000E-6,359.99998450E-3,
,,,-16.6399986E-6,399.99997616E-3,
,,,-16.5999991E-6,399.99997616E-3,
,,,-16.5599995E-6,359.99998450E-3,
,,,-16.5199999E-6,399.99997616E-3,
,,,-16.4799985E-6,399.99997616E-3,
,,,-16.4399989E-6,399.99997616E-3,
,,,-16.3999994E-6,399.99997616E-3,
,,,-16.3599998E-6,399.99997616E-3,
,,,-16.3199984E-6,399.99997616E-3,
,,,-16.2799988E-6,439.999997616E-3,
,,,-16.2399992E-6,439.999997616E-3,
,,,-16.1999997E-6,439.999997616E-3,
,,,-16.1600001E-6,439.999997616E-3,
,,,-16.1199987E-6,399.99997616E-3,
,,,-16.0799991E-6,439.999997616E-3,
,,,-16.0399995E-6,439.999997616E-3,
,,,-16.0000000E-6,439.999997616E-3,
,,,-15.9599986E-6,399.99997616E-3,
,,,-15.9199990E-6,399.99997616E-3,
,,,-15.8799994E-6,399.99997616E-3,
,,,-15.8399998E-6,439.999997616E-3,
,,,-15.7999984E-6,479.999989271E-3,
,,,-15.7599989E-6,439.999997616E-3,
,,,-15.7199993E-6,439.999997616E-3,
,,,-15.6799997E-6,439.999997616E-3,
,,,-15.6400001E-6,479.999989271E-3,
,,,-15.5999987E-6,439.999997616E-3,
,,,-15.5599992E-6,439.999997616E-3,
,,,-15.5199996E-6,439.999997616E-3,
,,,-15.4800000E-6,439.999997616E-3,
,,,-15.4399986E-6,439.999997616E-3,
,,,-15.3999990E-6,439.999997616E-3,
,,,-15.3599995E-6,439.999997616E-3,
,,,-15.3199999E-6,439.999997616E-3,
,,,-15.2799985E-6,479.999989271E-3,
,,,-15.2399989E-6,479.999989271E-3,
,,,-15.1999993E-6,479.999989271E-3,
,,,-15.1599988E-6,439.999997616E-3,
,,,-15.1199993E-6,479.999989271E-3,
,,,-15.0799997E-6,479.999989271E-3,
,,,-15.0399992E-6,479.999989271E-3,
,,,-14.9999996E-6,479.999989271E-3,
,,,-14.9599991E-6,479.999989271E-3,
,,,-14.9199996E-6,560.000002384E-3,
,,,-14.8799991E-6,519.999980927E-3,
,,,-14.8399995E-6,479.999989271E-3,
,,,-14.7999990E-6,519.999980927E-3,
,,,-14.7599994E-6,519.999980927E-3,
,,,-14.7199989E-6,439.999997616E-3,
,,,-14.6799994E-6,519.999980927E-3,
,,,-14.6399989E-6,479.999989271E-3,
,,,-14.5999993E-6,479.999989271E-3,
,,,-14.5599997E-6,479.999989271E-3,
,,,-14.5199992E-6,560.000002384E-3,
,,,-14.4799997E-6,560.000002384E-3,
,,,-14.4399992E-6,519.999980927E-3,
,,,-14.3999996E-6,479.999989271E-3,
,,,-14.3599991E-6,519.999980927E-3,
,,,-14.3199995E-6,519.999980927E-3,
,,,-14.2799990E-6,560.000002384E-3,
,,,-14.2399995E-6,519.999980927E-3,
,,,-14.1999990E-6,519.999980927E-3,
,,,-14.1599994E-6,560.000002384E-3,
,,,-14.1199989E-6,560.000002384E-3,
,,,-14.0799993E-6,519.999980927E-3,
,,,-14.0399989E-6,519.999980927E-3,
,,,-13.9999993E-6,560.000002384E-3,
,,,-13.9599997E-6,560.000002384E-3,
,,,-13.9199992E-6,560.000002384E-3,
,,,-13.8799996E-6,519.999980927E-3,
,,,-13.8399992E-6,599.999964237E-3,
,,,-13.7999996E-6,519.999980927E-3,
,,,-13.7599991E-6,560.000002384E-3,
,,,-13.7199995E-6,560.000002384E-3,
,,,-13.6799990E-6,599.999964237E-3,
,,,-13.6399995E-6,519.999980927E-3,
,,,-13.5999990E-6,599.999964237E-3,
,,,-13.5599994E-6,560.000002384E-3,
,,,-13.5199989E-6,599.999964237E-3,
,,,-13.4799993E-6,560.000002384E-3,
,,,-13.4399997E-6,599.999964237E-3,
,,,-13.3999993E-6,560.000002384E-3,
,,,-13.3599997E-6,560.000002384E-3,
,,,-13.3199992E-6,599.999964237E-3,
,,,-13.2799996E-6,599.999964237E-3,
,,,-13.2399991E-6,560.000002384E-3,
,,,-13.1999996E-6,599.999964237E-3,
,,,-13.1599991E-6,599.999964237E-3,
,,,-13.1199995E-6,599.999964237E-3,
,,,-13.0799990E-6,599.999964237E-3,
,,,-13.0399994E-6,639.999985695E-3,
,,,-12.9999989E-6,599.999964237E-3,
,,,-12.9599994E-6,599.999964237E-3,
,,,-12.9199989E-6,639.999985695E-3,
,,,-12.8799993E-6,599.999964237E-3,
,,,-12.8399997E-6,560.000002384E-3,
,,,-12.7999992E-6,639.999985695E-3,
,,,-12.7599997E-6,639.999985695E-3,
,,,-12.7199992E-6,599.999964237E-3,
,,,-12.6799996E-6,599.999964237E-3,
,,,-12.6399991E-6,639.999985695E-3,
,,,-12.5999995E-6,639.999985695E-3,
,,,-12.5599990E-6,639.999985695E-3,
,,,-12.5199995E-6,639.999985695E-3,
,,,-12.4799990E-6,599.999964237E-3,
,,,-12.4399994E-6,599.999964237E-3,
,,,-12.3999989E-6,639.999985695E-3,
,,,-12.3599993E-6,599.999964237E-3,
,,,-12.3199989E-6,680.000007153E-3,
,,,-12.2799993E-6,639.999985695E-3,
,,,-12.2399997E-6,599.999964237E-3,
,,,-12.1999992E-6,599.999964237E-3,
,,,-12.1599996E-6,639.999985695E-3,
,,,-12.1199992E-6,639.999985695E-3,
,,,-12.0799996E-6,639.999985695E-3,
,,,-12.0399991E-6,680.000007153E-3,
,,,-11.9999995E-6,599.999964237E-3,
,,,-11.9599990E-6,680.000007153E-3,
,,,-11.9199995E-6,639.999985695E-3,
,,,-11.8799990E-6,639.999985695E-3,
,,,-11.8399994E-6,639.999985695E-3,
,,,-11.7999989E-6,639.999985695E-3,
,,,-11.7599993E-6,680.000007153E-3,
,,,-11.7199997E-6,639.999985695E-3,
,,,-11.6799993E-6,680.000007153E-3,
,,,-11.6399997E-6,680.000007153E-3,
,,,-11.5999992E-6,719.999969006E-3,
,,,-11.5599996E-6,719.999969006E-3,
,,,-11.5199991E-6,719.999969006E-3,
,,,-11.4799996E-6,719.999969006E-3,
,,,-11.4399991E-6,680.000007153E-3,
,,,-11.3999995E-6,680.000007153E-3,
,,,-11.3599990E-6,680.000007153E-3,
,,,-11.3199994E-6,680.000007153E-3,
,,,-11.2799989E-6,639.999985695E-3,
,,,-11.2399994E-6,680.000007153E-3,
,,,-11.1999989E-6,680.000007153E-3,
,,,-11.1599993E-6,680.000007153E-3,
,,,-11.1199997E-6,680.000007153E-3,
,,,-11.0799992E-6,719.999969006E-3,
,,,-11.0399997E-6,680.000007153E-3,
,,,-10.9999992E-6,719.999969006E-3,
,,,-10.9599996E-6,719.999969006E-3,
,,,-10.9199991E-6,680.000007153E-3,
,,,-10.8799995E-6,680.000007153E-3,
,,,-10.8399990E-6,680.000007153E-3,
,,,-10.7999995E-6,759.999990463E-3,
,,,-10.7599990E-6,680.000007153E-3,
,,,-10.7199994E-6,680.000007153E-3,
,,,-10.6799989E-6,680.000007153E-3,
,,,-10.6399993E-6,719.999969006E-3,
,,,-10.5999989E-6,719.999969006E-3,
,,,-10.5599993E-6,719.999969006E-3,
,,,-10.5199997E-6,719.999969006E-3,
,,,-10.4799992E-6,719.999969006E-3,
,,,-10.4399996E-6,719.999969006E-3,
,,,-10.3999992E-6,680.000007153E-3,
,,,-10.3599996E-6,759.999990463E-3,
,,,-10.3199991E-6,719.999969006E-3,
,,,-10.2799995E-6,759.999990463E-3,
,,,-10.2399990E-6,719.999969006E-3,
,,,-10.1999995E-6,719.999969006E-3,
,,,-10.1599990E-6,759.999990463E-3,
,,,-10.1199994E-6,719.999969006E-3,
,,,-10.0799989E-6,799.999952316E-3,
,,,-10.0399993E-6,759.999990463E-3,
,,,-9.999999747E-6,719.999969006E-3,
,,,-9.959999261E-6,799.999952316E-3,
,,,-9.919999684E-6,719.999969006E-3,
,,,-9.879999197E-6,759.999990463E-3,
,,,-9.839999620E-6,759.999990463E-3,
,,,-9.799999134E-6,759.999990463E-3,
,,,-9.759999557E-6,719.999969006E-3,
,,,-9.719999071E-6,759.999990463E-3,
,,,-9.679999494E-6,759.999990463E-3,
,,,-9.639999007E-6,719.999969006E-3,
,,,-9.599999430E-6,719.999969006E-3,
,,,-9.559998944E-6,759.999990463E-3,
,,,-9.519999367E-6,759.999990463E-3,
,,,-9.479998880E-6,719.999969006E-3,
,,,-9.439999303E-6,759.999990463E-3,
,,,-9.399999726E-6,799.999952316E-3,
,,,-9.359999240E-6,759.999990463E-3,
,,,-9.319999663E-6,759.999990463E-3,
,,,-9.279999176E-6,799.999952316E-3,
,,,-9.239999599E-6,759.999990463E-3,
,,,-9.199999113E-6,759.999990463E-3,
,,,-9.159999536E-6,759.999990463E-3,
,,,-9.119999049E-6,799.999952316E-3,
,,,-9.079999472E-6,799.999952316E-3,
,,,-9.039998986E-6,799.999952316E-3,
,,,-8.999999409E-6,759.999990463E-3,
,,,-8.959998922E-6,799.999952316E-3,
,,,-8.919999345E-6,799.999952316E-3,
,,,-8.879999768E-6,799.999952316E-3,
,,,-8.839999282E-6,799.999952316E-3,
,,,-8.799999705E-6,799.999952316E-3,
,,,-8.759999218E-6,839.999973774E-3,
,,,-8.719999641E-6,799.999952316E-3,
,,,-8.679999155E-6,799.999952316E-3,
,,,-8.639999578E-6,799.999952316E-3,
,,,-8.599999092E-6,799.999952316E-3,
,,,-8.559999515E-6,759.999990463E-3,
,,,-8.519999028E-6,839.999973774E-3,
,,,-8.479999451E-6,839.999973774E-3,
,,,-8.439998965E-6,799.999952316E-3,
,,,-8.399999388E-6,839.999973774E-3,
,,,-8.359998901E-6,839.999973774E-3,
,,,-8.319999324E-6,839.999973774E-3,
,,,-8.279999747E-6,799.999952316E-3,
,,,-8.239999261E-6,799.999952316E-3,
,,,-8.199999684E-6,839.999973774E-3,
,,,-8.159999197E-6,839.999973774E-3,
,,,-8.119999620E-6,799.999952316E-3,
,,,-8.079999134E-6,839.999973774E-3,
,,,-8.039999557E-6,799.999952316E-3,
,,,-7.999999070E-6,839.999973774E-3,
,,,-7.959999493E-6,839.999973774E-3,
,,,-7.919999007E-6,839.999973774E-3,
,,,-7.879999430E-6,839.999973774E-3,
,,,-7.839998943E-6,839.999973774E-3,
,,,-7.799999366E-6,839.999973774E-3,
,,,-7.759998880E-6,839.999973774E-3,
,,,-7.719999303E-6,879.999995232E-3,
,,,-7.679999726E-6,839.999973774E-3,
,,,-7.639999239E-6,799.999952316E-3,
,,,-7.599999208E-6,839.999973774E-3,
,,,-7.559999176E-6,879.999995232E-3,
,,,-7.519999144E-6,839.999973774E-3,
,,,-7.479999113E-6,879.999995232E-3,
,,,-7.439999536E-6,839.999973774E-3,
,,,-7.399999504E-6,879.999995232E-3,
,,,-7.35999947E-6,879.999995232E-3,
,,,-7.31999944E-6,839.999973774E-3,
,,,-7.27999941E-6,839.999973774E-3,
,,,-7.23999938E-6,879.999995232E-3,
,,,-7.19999935E-6,879.999995232E-3,
,,,-7.15999931E-6,839.999973774E-3,
,,,-7.11999928E-6,839.999973774E-3,
,,,-7.07999925E-6,879.999995232E-3,
,,,-7.03999922E-6,839.999973774E-3,
,,,-6.99999919E-6,879.999995232E-3,
,,,-6.95999915E-6,919.999957085E-3,
,,,-6.91999912E-6,839.999973774E-3,
,,,-6.87999955E-6,879.999995232E-3,
,,,-6.83999951E-6,919.999957085E-3,
,,,-6.79999948E-6,879.999995232E-3,
,,,-6.75999945E-6,879.999995232E-3,
,,,-6.71999942E-6,879.999995232E-3,
,,,-6.67999939E-6,879.999995232E-3,
,,,-6.63999936E-6,879.999995232E-3,
,,,-6.59999932E-6,839.999973774E-3,
,,,-6.55999929E-6,879.999995232E-3,
,,,-6.51999926E-6,919.999957085E-3,
,,,-6.47999923E-6,879.999995232E-3,
,,,-6.43999920E-6,919.999957085E-3,
,,,-6.39999917E-6,879.999995232E-3,
,,,-6.35999913E-6,919.999957085E-3,
,,,-6.31999956E-6,919.999957085E-3,
,,,-6.27999952E-6,919.999957085E-3,
,,,-6.23999949E-6,919.999957085E-3,
,,,-6.19999946E-6,919.999957085E-3,
,,,-6.15999943E-6,919.999957085E-3,
,,,-6.11999940E-6,959.999978542E-3,
,,,-6.07999937E-6,919.999957085E-3,
,,,-6.03999933E-6,919.999957085E-3,
,,,-5.99999930E-6,919.999957085E-3,
,,,-5.95999927E-6,919.999957085E-3,
,,,-5.91999924E-6,959.999978542E-3,
,,,-5.87999921E-6,919.999957085E-3,
,,,-5.83999918E-6,919.999957085E-3,
,,,-5.79999914E-6,919.999957085E-3,
,,,-5.75999911E-6,919.999957085E-3,
,,,-5.71999954E-6,879.999995232E-3,
,,,-5.67999950E-6,879.999995232E-3,
,,,-5.63999947E-6,959.999978542E-3,
,,,-5.59999944E-6,919.999957085E-3,
,,,-5.55999941E-6,919.999957085E-3,
,,,-5.51999938E-6,959.999978542E-3,
,,,-5.47999934E-6,919.999957085E-3,
,,,-5.43999931E-6,919.999957085E-3,
,,,-5.39999928E-6,919.999957085E-3,
,,,-5.35999925E-6,919.999957085E-3,
,,,-5.31999922E-6,879.999995232E-3,
,,,-5.27999919E-6,919.999957085E-3,
,,,-5.23999915E-6,959.999978542E-3,
,,,-5.19999912E-6,959.999978542E-3,
,,,-5.15999955E-6,959.999978542E-3,
,,,-5.11999951E-6,959.999978542E-3,
,,,-5.07999948E-6,959.999978542E-3,
,,,-5.03999945E-6,919.999957085E-3,
,,,-4.99999942E-6,959.999978542E-3,
,,,-4.95999939E-6,1.000000,
,,,-4.91999936E-6,959.999978542E-3,
,,,-4.87999932E-6,919.999957085E-3,
,,,-4.83999929E-6,919.999957085E-3,
,,,-4.79999926E-6,959.999978542E-3,
,,,-4.75999923E-6,1.000000,
,,,-4.71999920E-6,959.999978542E-3,
,,,-4.67999917E-6,959.999978542E-3,
,,,-4.63999913E-6,1.000000,
,,,-4.59999956E-6,959.999978542E-3,
,,,-4.55999952E-6,959.999978542E-3,
,,,-4.51999949E-6,919.999957085E-3,
,,,-4.47999946E-6,1.000000,
,,,-4.43999943E-6,959.999978542E-3,
,,,-4.39999940E-6,959.999978542E-3,
,,,-4.35999937E-6,959.999978542E-3,
,,,-4.31999933E-6,959.999978542E-3,
,,,-4.27999930E-6,919.999957085E-3,
,,,-4.23999927E-6,959.999978542E-3,
,,,-4.19999924E-6,959.999978542E-3,
,,,-4.15999921E-6,1.000000,
,,,-4.11999918E-6,1.0400000,
,,,-4.07999914E-6,959.999978542E-3,
,,,-4.03999957E-6,1.000000,
,,,-3.99999954E-6,959.999978542E-3,
,,,-3.95999950E-6,1.000000,
,,,-3.91999947E-6,959.999978542E-3,
,,,-3.87999944E-6,1.000000,
,,,-3.83999941E-6,1.000000,
,,,-3.79999938E-6,1.000000,
,,,-3.75999934E-6,1.000000,
,,,-3.71999931E-6,1.000000,
,,,-3.67999928E-6,1.000000,
,,,-3.63999925E-6,1.000000,
,,,-3.59999945E-6,1.000000,
,,,-3.55999941E-6,1.000000,
,,,-3.51999938E-6,959.999978542E-3,
,,,-3.47999935E-6,1.000000,
,,,-3.43999932E-6,1.000000,
,,,-3.39999929E-6,1.000000,
,,,-3.35999925E-6,1.0400000,
,,,-3.31999945E-6,1.000000,
,,,-3.27999942E-6,1.000000,
,,,-3.23999939E-6,1.000000,
,,,-3.19999936E-6,1.000000,
,,,-3.15999932E-6,1.000000,
,,,-3.11999929E-6,1.000000,
,,,-3.07999926E-6,1.000000,
,,,-3.03999946E-6,1.0400000,
,,,-2.99999942E-6,1.0400000,
,,,-2.95999939E-6,1.000000,
,,,-2.91999936E-6,1.0400000,
,,,-2.87999933E-6,1.0400000,
,,,-2.83999930E-6,1.000000,
,,,-2.79999927E-6,1.0400000,
,,,-2.75999946E-6,1.0400000,
,,,-2.71999943E-6,1.0400000,
,,,-2.6799994E-6,1.0400000,
,,,-2.6399994E-6,1.0799999,
,,,-2.5999993E-6,1.0400000,
,,,-2.5599993E-6,1.0400000,
,,,-2.5199993E-6,1.000000,
,,,-2.4799995E-6,1.0799999,
,,,-2.4399994E-6,1.000000,
,,,-2.3999994E-6,1.0799999,
,,,-2.3599994E-6,1.000000,
,,,-2.3199993E-6,1.0400000,
,,,-2.2799993E-6,1.0400000,
,,,-2.2399993E-6,1.0400000,
,,,-2.1999995E-6,1.000000,
,,,-2.1599994E-6,1.0400000,
,,,-2.1199994E-6,1.0799999,
,,,-2.0799994E-6,1.0400000,
,,,-2.0399993E-6,1.0799999,
,,,-1.9999993E-6,1.0400000,
,,,-1.9599993E-6,1.0400000,
,,,-1.9199992E-6,1.0400000,
,,,-1.8799993E-6,1.0400000,
,,,-1.8399994E-6,1.1200000,
,,,-1.7999994E-6,1.0799999,
,,,-1.7599993E-6,1.0400000,
,,,-1.7199993E-6,1.0799999,
,,,-1.6799994E-6,1.0400000,
,,,-1.6399994E-6,1.0400000,
,,,-1.5999993E-6,1.0799999,
,,,-1.5599994E-6,1.0799999,
,,,-1.5199994E-6,1.0400000,
,,,-1.4799994E-6,1.0799999,
,,,-1.4399993E-6,1.0400000,
,,,-1.3999994E-6,1.0400000,
,,,-1.3599994E-6,1.0400000,
,,,-1.3199993E-6,1.0400000,
,,,-1.2799994E-6,1.0799999,
,,,-1.2399994E-6,1.0799999,
,,,-1.1999994E-6,1.0799999,
,,,-1.1599993E-6,1.0400000,
,,,-1.1199994E-6,1.0799999,
,,,-1.0799994E-6,1.0799999,
,,,-1.0399993E-6,1.0799999,
,,,-999.999315354E-9,1.1200000,
,,,-959.999397310E-9,1.1200000,
,,,-919.999365578E-9,1.0799999,
,,,-879.999390691E-9,1.0799999,
,,,-839.999358959E-9,1.1200000,
,,,-799.999384071E-9,1.1200000,
,,,-759.999352340E-9,1.1200000,
,,,-719.999377452E-9,1.0799999,
,,,-679.999345721E-9,1.0799999,
,,,-639.999370833E-9,1.0799999,
,,,-599.999395945E-9,1.0799999,
,,,-559.999364214E-9,1.0799999,
,,,-519.999389326E-9,1.1200000,
,,,-479.999357594E-9,1.0799999,
,,,-439.999382706E-9,1.1200000,
,,,-399.99937940E-9,1.0799999,
,,,-359.99937609E-9,1.0799999,
,,,-319.99937278E-9,1.1200000,
,,,-279.99936947E-9,1.0799999,
,,,-239.99936616E-9,1.0799999,
,,,-199.99937706E-9,1.1200000,
,,,-159.99937375E-9,1.1600000,
,,,-119.9993704E-9,1.0799999,
,,,-79.999374236E-9,1.1600000,
,,,-39.99937448E-9,1.1200000,
,,,625.277599335E-15,1.1600000,
,,,40.00062503E-9,1.1200000,
,,,80.000624791E-9,1.1200000,
,,,120.0006210E-9,1.1200000,
,,,160.00062431E-9,1.0799999,
,,,200.00062761E-9,1.1200000,
,,,240.00061671E-9,1.1600000,
,,,280.00062002E-9,1.1600000,
,,,320.00062333E-9,1.1200000,
,,,360.00062664E-9,1.1600000,
,,,400.00062995E-9,1.1600000,
,,,440.000633262E-9,1.1200000,
,,,480.000608150E-9,1.1600000,
,,,520.000639881E-9,1.1200000,
,,,560.000614769E-9,1.1600000,
,,,600.000646500E-9,1.1600000,
,,,640.000621388E-9,1.1600000,
,,,680.000596276E-9,1.1600000,
,,,720.000628007E-9,1.1200000,
,,,760.000602895E-9,1.1600000,
,,,800.000634626E-9,1.1200000,
,,,840.000609514E-9,1.1200000,
,,,880.000641246E-9,1.1600000,
,,,920.000616134E-9,1.1200000,
,,,960.000647865E-9,1.1600000,
,,,1.0000006E-6,1.1200000,
,,,1.0400006E-6,1.1600000,
,,,1.0800006E-6,1.2400000,
,,,1.1200007E-6,1.1600000,
,,,1.1600006E-6,1.1600000,
,,,1.2000006E-6,1.1600000,
,,,1.2400006E-6,1.2400000,
,,,1.2800006E-6,1.1200000,
,,,1.3200006E-6,1.1999999,
,,,1.3600006E-6,1.1600000,
,,,1.4000007E-6,1.1600000,
,,,1.4400006E-6,1.1999999,
,,,1.4800006E-6,1.1600000,
,,,1.5200006E-6,1.1600000,
,,,1.5600007E-6,1.1999999,
,,,1.6000006E-6,1.1200000,
,,,1.6400006E-6,1.1600000,
,,,1.6800007E-6,1.1600000,
,,,1.7200006E-6,1.1600000,
,,,1.7600006E-6,1.1600000,
,,,1.8000006E-6,1.1999999,
,,,1.8400007E-6,1.1999999,
,,,1.8800006E-6,1.1999999,
,,,1.9200006E-6,1.1600000,
,,,1.9600006E-6,1.1600000,
,,,2.0000007E-6,1.1600000,
,,,2.0400007E-6,1.1600000,
,,,2.0800005E-6,1.1999999,
,,,2.1200005E-6,1.2400000,
,,,2.1600006E-6,1.1600000,
,,,2.2000006E-6,1.1999999,
,,,2.2400006E-6,1.1999999,
,,,2.2800007E-6,1.1999999,
,,,2.3200007E-6,1.1999999,
,,,2.3600005E-6,1.1600000,
,,,2.4000005E-6,1.1999999,
,,,2.4400006E-6,1.1200000,
,,,2.4800006E-6,1.1999999,
,,,2.5200006E-6,1.1999999,
,,,2.5600007E-6,1.1999999,
,,,2.6000007E-6,1.1999999,
,,,2.6400005E-6,1.1999999,
,,,2.6800005E-6,1.1999999,
,,,2.72000057E-6,1.1999999,
,,,2.76000060E-6,1.1999999,
,,,2.80000063E-6,1.1600000,
,,,2.84000066E-6,1.1999999,
,,,2.88000069E-6,1.1600000,
,,,2.92000050E-6,1.1999999,
,,,2.96000053E-6,1.1999999,
,,,3.00000056E-6,1.2400000,
,,,3.04000059E-6,1.1999999,
,,,3.08000062E-6,1.1999999,
,,,3.12000066E-6,1.1999999,
,,,3.16000069E-6,1.1999999,
,,,3.20000072E-6,1.1999999,
,,,3.24000052E-6,1.2400000,
,,,3.28000056E-6,1.1600000,
,,,3.32000059E-6,1.2400000,
,,,3.36000062E-6,1.1999999,
,,,3.40000065E-6,1.1999999,
,,,3.44000068E-6,1.1999999,
,,,3.48000071E-6,1.1999999,
,,,3.52000052E-6,1.1600000,
,,,3.56000055E-6,1.2400000,
,,,3.60000058E-6,1.2400000,
,,,3.64000061E-6,1.1999999,
,,,3.68000065E-6,1.2400000,
,,,3.72000068E-6,1.2400000,
,,,3.76000071E-6,1.2400000,
,,,3.80000051E-6,1.2800000,
,,,3.84000077E-6,1.1999999,
,,,3.88000080E-6,1.2400000,
,,,3.92000038E-6,1.2400000,
,,,3.96000041E-6,1.2400000,
,,,4.00000044E-6,1.2400000,
,,,4.04000048E-6,1.2400000,
,,,4.08000051E-6,1.2400000,
,,,4.12000054E-6,1.1999999,
,,,4.16000057E-6,1.2400000,
,,,4.20000060E-6,1.1999999,
,,,4.24000064E-6,1.2400000,
,,,4.28000067E-6,1.2400000,
,,,4.32000070E-6,1.2800000,
,,,4.36000073E-6,1.2800000,
,,,4.40000076E-6,1.2400000,
,,,4.44000079E-6,1.2400000,
,,,4.48000083E-6,1.2400000,
,,,4.52000040E-6,1.2800000,
,,,4.56000043E-6,1.2400000,
,,,4.60000047E-6,1.2800000,
,,,4.64000050E-6,1.2800000,
,,,4.68000053E-6,1.2400000,
,,,4.72000056E-6,1.2400000,
,,,4.76000059E-6,1.2400000,
,,,4.80000062E-6,1.2800000,
,,,4.84000066E-6,1.2400000,
,,,4.88000069E-6,1.2400000,
,,,4.92000072E-6,1.2800000,
,,,4.96000075E-6,1.2400000,
,,,5.00000078E-6,1.2400000,
,,,5.04000081E-6,1.3199999,
,,,5.08000039E-6,1.2800000,
,,,5.12000042E-6,1.2800000,
,,,5.16000046E-6,1.2400000,
,,,5.20000049E-6,1.2800000,
,,,5.24000052E-6,1.2400000,
,,,5.28000055E-6,1.2400000,
,,,5.32000058E-6,1.2400000,
,,,5.36000061E-6,1.2400000,
,,,5.40000065E-6,1.2800000,
,,,5.44000068E-6,1.2800000,
,,,5.48000071E-6,1.2800000,
,,,5.52000074E-6,1.2800000,
,,,5.56000077E-6,1.2800000,
,,,5.60000080E-6,1.2800000,
,,,5.64000038E-6,1.3199999,
,,,5.68000041E-6,1.2800000,
,,,5.72000044E-6,1.2800000,
,,,5.76000048E-6,1.3199999,
,,,5.80000051E-6,1.2800000,
,,,5.84000054E-6,1.2800000,
,,,5.88000057E-6,1.2400000,
,,,5.92000060E-6,1.2800000,
,,,5.96000064E-6,1.2800000,
,,,6.00000067E-6,1.3199999,
,,,6.04000070E-6,1.2800000,
,,,6.08000073E-6,1.3199999,
,,,6.12000076E-6,1.3199999,
,,,6.16000079E-6,1.3199999,
,,,6.20000037E-6,1.2800000,
,,,6.24000040E-6,1.3199999,
,,,6.28000043E-6,1.2800000,
,,,6.32000047E-6,1.2800000,
,,,6.36000050E-6,1.2800000,
,,,6.40000053E-6,1.2800000,
,,,6.44000056E-6,1.3199999,
,,,6.48000059E-6,1.2800000,
,,,6.52000062E-6,1.3199999,
,,,6.56000066E-6,1.3199999,
,,,6.60000069E-6,1.2800000,
,,,6.64000072E-6,1.2800000,
,,,6.68000075E-6,1.3199999,
,,,6.72000078E-6,1.2800000,
,,,6.76000036E-6,1.3199999,
,,,6.80000039E-6,1.2800000,
,,,6.84000042E-6,1.3199999,
,,,6.88000046E-6,1.2800000,
,,,6.92000049E-6,1.3199999,
,,,6.96000052E-6,1.2800000,
,,,7.00000055E-6,1.2800000,
,,,7.04000058E-6,1.3199999,
,,,7.08000061E-6,1.3600000,
,,,7.12000065E-6,1.3600000,
,,,7.16000068E-6,1.3199999,
,,,7.20000071E-6,1.2800000,
,,,7.24000074E-6,1.3199999,
,,,7.28000077E-6,1.3600000,
,,,7.32000080E-6,1.3199999,
,,,7.36000038E-6,1.3199999,
,,,7.400000413E-6,1.2800000,
,,,7.440000445E-6,1.3199999,
,,,7.480000477E-6,1.3199999,
,,,7.520000509E-6,1.3600000,
,,,7.560000540E-6,1.2800000,
,,,7.600000572E-6,1.3199999,
,,,7.640000149E-6,1.3199999,
,,,7.680000635E-6,1.3199999,
,,,7.720000212E-6,1.3199999,
,,,7.760000699E-6,1.3600000,
,,,7.800000276E-6,1.2800000,
,,,7.840000762E-6,1.3199999,
,,,7.880000339E-6,1.3199999,
,,,7.920000826E-6,1.3199999,
,,,7.960000403E-6,1.3199999,
,,,8.000000889E-6,1.2800000,
,,,8.040000466E-6,1.3199999,
,,,8.080000953E-6,1.3600000,
,,,8.120000530E-6,1.3600000,
,,,8.160001016E-6,1.3199999,
,,,8.200000593E-6,1.3199999,
,,,8.240000170E-6,1.3600000,
,,,8.280000657E-6,1.3199999,
,,,8.320000234E-6,1.3199999,
,,,8.360000720E-6,1.3600000,
,,,8.400000297E-6,1.3600000,
,,,8.440000784E-6,1.3199999,
,,,8.480000361E-6,1.3199999,
,,,8.520000847E-6,1.3600000,
,,,8.560000424E-6,1.3600000,
,,,8.600000911E-6,1.3600000,
,,,8.640000488E-6,1.3600000,
,,,8.680000974E-6,1.3600000,
,,,8.720000551E-6,1.3600000,
,,,8.760000128E-6,1.3600000,
,,,8.800000614E-6,1.3600000,
,,,8.840000191E-6,1.3199999,
,,,8.880000678E-6,1.3199999,
,,,8.920000255E-6,1.3199999,
,,,8.960000741E-6,1.3199999,
,,,9.000000318E-6,1.4000000,
,,,9.040000805E-6,1.3600000,
,,,9.080000382E-6,1.4000000,
,,,9.120000868E-6,1.3600000,
,,,9.160000445E-6,1.3199999,
,,,9.200000932E-6,1.3199999,
,,,9.240000509E-6,1.4000000,
,,,9.280000995E-6,1.3199999,
,,,9.320000572E-6,1.3600000,
,,,9.360000149E-6,1.3600000,
,,,9.400000636E-6,1.3600000,
,,,9.440000213E-6,1.3199999,
,,,9.480000699E-6,1.3600000,
,,,9.520000276E-6,1.3600000,
,,,9.560000763E-6,1.3600000,
,,,9.600000340E-6,1.3600000,
,,,9.640000826E-6,1.3600000,
,,,9.680000403E-6,1.3199999,
,,,9.720000890E-6,1.3600000,
,,,9.760000466E-6,1.4000000,
,,,9.800000953E-6,1.3600000,
,,,9.840000530E-6,1.4000000,
,,,9.880001016E-6,1.4000000,
,,,9.920000593E-6,1.4000000,
,,,9.960000170E-6,1.3600000,
,,,10.0000007E-6,1.3600000,
,,,10.0400002E-6,1.4000000,
,,,10.0800007E-6,1.3600000,
,,,10.1200003E-6,1.4000000,
,,,10.1600008E-6,1.4000000,
,,,10.2000004E-6,1.3600000,
,,,10.2400008E-6,1.4000000,
,,,10.2800004E-6,1.3600000,
,,,10.3200009E-6,1.4000000,
,,,10.3600005E-6,1.3600000,
,,,10.4000010E-6,1.4000000,
,,,10.4400006E-6,1.3600000,
,,,10.4800001E-6,1.4000000,
,,,10.5200006E-6,1.3600000,
,,,10.5600002E-6,1.4000000,
,,,10.6000007E-6,1.4000000,
,,,10.6400003E-6,1.4000000,
,,,10.6800007E-6,1.4399999,
,,,10.7200003E-6,1.3600000,
,,,10.7600008E-6,1.3600000,
,,,10.8000004E-6,1.4000000,
,,,10.8400009E-6,1.3600000,
,,,10.8800004E-6,1.4000000,
,,,10.9200009E-6,1.3600000,
,,,10.9600005E-6,1.4000000,
,,,11.0000010E-6,1.4000000,
,,,11.0400006E-6,1.4000000,
,,,11.0800001E-6,1.4800000,
,,,11.1200006E-6,1.4399999,
,,,11.1600002E-6,1.4000000,
,,,11.2000007E-6,1.4000000,
,,,11.2400003E-6,1.4000000,
,,,11.2800008E-6,1.3600000,
,,,11.3200003E-6,1.4000000,
,,,11.3600008E-6,1.4000000,
,,,11.4000004E-6,1.4000000,
,,,11.4400009E-6,1.4399999,
,,,11.4800005E-6,1.4399999,
,,,11.5200010E-6,1.4399999,
,,,11.5600005E-6,1.4000000,
,,,11.6000001E-6,1.3600000,
,,,11.6400006E-6,1.4399999,
,,,11.6800002E-6,1.4000000,
,,,11.7200007E-6,1.4000000,
,,,11.7600002E-6,1.3600000,
,,,11.8000007E-6,1.4399999,
,,,11.8400003E-6,1.4000000,
,,,11.8800008E-6,1.4000000,
,,,11.9200004E-6,1.4000000,
,,,11.9600008E-6,1.4000000,
,,,12.0000004E-6,1.4399999,
,,,12.0400009E-6,1.4000000,
,,,12.0800005E-6,1.4399999,
,,,12.1200010E-6,1.4399999,
,,,12.1600006E-6,1.4399999,
,,,12.2000001E-6,1.4000000,
,,,12.2400006E-6,1.4399999,
,,,12.2800002E-6,1.4399999,
,,,12.3200007E-6,1.4399999,
,,,12.3600003E-6,1.4000000,
,,,12.4000007E-6,1.4000000,
,,,12.4400003E-6,1.4399999,
,,,12.4800008E-6,1.4800000,
,,,12.5200004E-6,1.4399999,
,,,12.5600009E-6,1.4000000,
,,,12.6000004E-6,1.4399999,
,,,12.6400009E-6,1.4000000,
,,,12.6800005E-6,1.4399999,
,,,12.7200010E-6,1.4000000,
,,,12.7600006E-6,1.4399999,
,,,12.8000001E-6,1.4399999,
,,,12.8400006E-6,1.4399999,
,,,12.8800002E-6,1.4000000,
,,,12.9200007E-6,1.4000000,
,,,12.9600003E-6,1.4399999,
,,,13.0000008E-6,1.4000000,
,,,13.0400003E-6,1.4800000,
,,,13.0800008E-6,1.4399999,
,,,13.1200004E-6,1.4399999,
,,,13.1600009E-6,1.4399999,
,,,13.2000005E-6,1.4800000,
,,,13.2400010E-6,1.4800000,
,,,13.2800005E-6,1.4800000,
,,,13.3200001E-6,1.4399999,
,,,13.3600006E-6,1.4399999,
,,,13.4000002E-6,1.4399999,
,,,13.4400007E-6,1.4399999,
,,,13.4800002E-6,1.4800000,
,,,13.5200007E-6,1.4399999,
,,,13.5600003E-6,1.4399999,
,,,13.6000008E-6,1.4000000,
,,,13.6400004E-6,1.4399999,
,,,13.6800008E-6,1.4800000,
,,,13.7200004E-6,1.4399999,
,,,13.7600009E-6,1.4800000,
,,,13.8000005E-6,1.4399999,
,,,13.8400010E-6,1.4399999,
,,,13.8800006E-6,1.4800000,
,,,13.9200001E-6,1.4399999,
,,,13.9600006E-6,1.4399999,
,,,14.0000002E-6,1.4800000,
,,,14.0400007E-6,1.4399999,
,,,14.0800003E-6,1.4399999,
,,,14.1200007E-6,1.4800000,
,,,14.1600003E-6,1.4800000,
,,,14.2000008E-6,1.4399999,
,,,14.2400004E-6,1.4800000,
,,,14.2800009E-6,1.4800000,
,,,14.3200004E-6,1.4800000,
,,,14.3600009E-6,1.4800000,
,,,14.4000005E-6,1.4399999,
,,,14.4400001E-6,1.4800000,
,,,14.4800006E-6,1.4000000,
,,,14.5200001E-6,1.4000000,
,,,14.5600006E-6,1.4800000,
,,,14.6000002E-6,1.4800000,
,,,14.6400007E-6,1.4800000,
,,,14.6800003E-6,1.5200000,
,,,14.7200008E-6,1.4399999,
,,,14.7600003E-6,1.4800000,
,,,14.8000008E-6,1.4800000,
,,,14.8400004E-6,1.4800000,
,,,14.8800009E-6,1.4800000,
,,,14.9200005E-6,1.4800000,
,,,14.9600010E-6,1.4399999,
,,,15.0000005E-6,1.4800000,
,,,15.0400001E-6,1.5200000,
,,,15.0800006E-6,1.4800000,
,,,15.1200002E-6,1.4800000,
,,,15.1600007E-6,1.4800000,
,,,15.2000002E-6,1.4800000,
,,,15.2400007E-6,1.4800000,
,,,15.2800003E-6,1.4800000,
,,,15.3199999E-6,1.5200000,
,,,15.3600013E-6,1.4800000,
,,,15.4000008E-6,1.4800000,
,,,15.4400004E-6,1.5200000,
,,,15.4800000E-6,1.4800000,
,,,15.5200014E-6,1.4800000,
,,,15.5600010E-6,1.4800000,
,,,15.6000006E-6,1.4800000,
,,,15.6400001E-6,1.5200000,
,,,15.6799997E-6,1.5200000,
,,,15.7200011E-6,1.4800000,
,,,15.7600007E-6,1.4800000,
,,,15.8000003E-6,1.4800000,
,,,15.8399998E-6,1.4800000,
,,,15.8800012E-6,1.4800000,
,,,15.9200008E-6,1.4800000,
,,,15.9600004E-6,1.5200000,
,,,16.0000000E-6,1.4800000,
,,,16.0400014E-6,1.4800000,
,,,16.0800009E-6,1.5200000,
,,,16.1200005E-6,1.5200000,
,,,16.1600001E-6,1.4800000,
,,,16.1999997E-6,1.5200000,
,,,16.2400011E-6,1.4800000,
,,,16.2800006E-6,1.5200000,
,,,16.3200002E-6,1.4800000,
,,,16.3599998E-6,1.5200000,
,,,16.4000012E-6,1.5200000,
,,,16.4400008E-6,1.5200000,
,,,16.4800003E-6,1.5200000,
,,,16.5199999E-6,1.5200000,
,,,16.5600013E-6,1.4800000,
,,,16.6000009E-6,1.4800000,
,,,16.6400005E-6,1.5599999,
,,,16.6800000E-6,1.4800000,
,,,16.7199996E-6,1.5599999,
,,,16.7600010E-6,1.4800000,
,,,16.8000006E-6,1.5599999,
,,,16.8400002E-6,1.4800000,
,,,16.8799997E-6,1.5200000,
,,,16.9200011E-6,1.5200000,
,,,16.9600007E-6,1.4800000,
,,,17.0000003E-6,1.5200000,
,,,17.0399999E-6,1.5200000,
,,,17.0800013E-6,1.5200000,
,,,17.1200008E-6,1.4800000,
,,,17.1600004E-6,1.4800000,
,,,17.2000000E-6,1.5200000,
,,,17.2400014E-6,1.5200000,
,,,17.2800010E-6,1.5200000,
,,,17.3200006E-6,1.5599999,
,,,17.3600001E-6,1.5200000,
,,,17.3999997E-6,1.4800000,
,,,17.4400011E-6,1.5200000,
,,,17.4800007E-6,1.5599999,
,,,17.5200003E-6,1.5200000,
,,,17.5599998E-6,1.5200000,
,,,17.6000012E-6,1.4800000,
,,,17.6400008E-6,1.5200000,
,,,17.6800004E-6,1.5599999,
,,,17.7200000E-6,1.5200000,
,,,17.7600014E-6,1.5599999,
,,,17.8000009E-6,1.5200000,
,,,17.8400005E-6,1.5599999,
,,,17.8800001E-6,1.5200000,
,,,17.9199997E-6,1.5200000,
,,,17.9600011E-6,1.5599999,
,,,18.0000006E-6,1.5599999,
,,,18.0400002E-6,1.5599999,
,,,18.0799998E-6,1.5200000,
,,,18.1200012E-6,1.5200000,
,,,18.1600008E-6,1.5599999,
,,,18.2000003E-6,1.5200000,
,,,18.2399999E-6,1.5599999,
,,,18.2800013E-6,1.5599999,
,,,18.3200009E-6,1.5200000,
,,,18.3600005E-6,1.5200000,
,,,18.4000000E-6,1.5200000,
,,,18.4399996E-6,1.5200000,
,,,18.4800010E-6,1.5599999,
,,,18.5200006E-6,1.5599999,
,,,18.5600002E-6,1.5599999,
,,,18.5999997E-6,1.5200000,
,,,18.6400011E-6,1.5200000,
,,,18.6800007E-6,1.5200000,
,,,18.7200003E-6,1.4800000,
,,,18.7599999E-6,1.5599999,
,,,18.8000013E-6,1.5200000,
,,,18.8400008E-6,1.5200000,
,,,18.8800004E-6,1.5200000,
,,,18.9200000E-6,1.5599999,
,,,18.9600014E-6,1.5200000,
,,,19.0000010E-6,1.5200000,
,,,19.0400006E-6,1.5999999,
,,,19.0800001E-6,1.5200000,
,,,19.1199997E-6,1.5200000,
,,,19.1600011E-6,1.5200000,
,,,19.2000007E-6,1.5999999,
,,,19.2400003E-6,1.4800000,
,,,19.2799998E-6,1.5999999,
,,,19.3200012E-6,1.5599999,
,,,19.3600008E-6,1.5200000,
,,,19.4000004E-6,1.5200000,
,,,19.4400000E-6,1.5599999,
,,,19.4800014E-6,1.5599999,
,,,19.5200009E-6,1.5599999,
,,,19.5600005E-6,1.5599999,
,,,19.6000001E-6,1.5200000,
,,,19.6399997E-6,1.5999999,
,,,19.6800011E-6,1.5200000,
,,,19.7200006E-6,1.5200000,
,,,19.7600002E-6,1.5599999,
,,,19.7999998E-6,1.5599999,
,,,19.8400012E-6,1.5599999,
,,,19.8800008E-6,1.5999999,
,,,19.9200003E-6,1.5599999,
,,,19.9599999E-6,1.5200000,
,,,20.0000013E-6,1.5599999,
,,,20.0400009E-6,1.5599999,
,,,20.0800005E-6,1.5599999,
,,,20.12000004E-6,1.5999999,
,,,20.15999962E-6,1.5599999,
,,,20.20000102E-6,1.4800000,
,,,20.24000059E-6,1.5599999,
,,,20.28000017E-6,1.5999999,
,,,20.31999975E-6,1.5599999,
,,,20.36000114E-6,1.5599999,
,,,20.40000072E-6,1.5999999,
,,,20.44000030E-6,1.5999999,
,,,20.47999988E-6,1.5599999,
,,,20.52000127E-6,1.5599999,
,,,20.56000085E-6,1.5599999,
,,,20.60000043E-6,1.5999999,
,,,20.64000000E-6,1.5999999,
,,,20.68000140E-6,1.5599999,
,,,20.72000098E-6,1.5599999,
,,,20.76000055E-6,1.5599999,
,,,20.80000013E-6,1.5200000,
,,,20.83999971E-6,1.5999999,
,,,20.88000110E-6,1.5999999,
,,,20.92000068E-6,1.5999999,
,,,20.96000026E-6,1.5999999,
,,,20.99999983E-6,1.5999999,
,,,21.04000123E-6,1.5599999,
,,,21.08000081E-6,1.5999999,
,,,21.12000038E-6,1.5999999,
,,,21.15999996E-6,1.6400000,
,,,21.20000136E-6,1.5599999,
,,,21.24000093E-6,1.5999999,
,,,21.28000051E-6,1.5999999,
,,,21.32000009E-6,1.5599999,
,,,21.35999966E-6,1.5999999,
,,,21.40000106E-6,1.5999999,
,,,21.44000064E-6,1.5999999,
,,,21.48000021E-6,1.5999999,
,,,21.51999979E-6,1.5999999,
,,,21.56000119E-6,1.5599999,
,,,21.60000076E-6,1.5599999,
,,,21.64000034E-6,1.5599999,
,,,21.67999992E-6,1.5599999,
,,,21.72000131E-6,1.6400000,
,,,21.76000089E-6,1.5999999,
,,,21.80000047E-6,1.5999999,
,,,21.84000004E-6,1.5599999,
,,,21.87999962E-6,1.5999999,
,,,21.92000102E-6,1.5999999,
,,,21.96000059E-6,1.6400000,
,,,22.00000017E-6,1.5999999,
,,,22.03999975E-6,1.5599999,
,,,22.08000114E-6,1.5999999,
,,,22.12000072E-6,1.5599999,
,,,22.16000030E-6,1.5599999,
,,,22.19999988E-6,1.5599999,
,,,22.24000127E-6,1.5200000,
,,,22.28000085E-6,1.5999999,
,,,22.32000043E-6,1.6400000,
,,,22.36000000E-6,1.5999999,
,,,22.39999958E-6,1.5999999,
,,,22.44000098E-6,1.5999999,
,,,22.48000055E-6,1.5999999,
,,,22.52000013E-6,1.5999999,
,,,22.55999971E-6,1.5999999,
,,,22.60000110E-6,1.5599999,
,,,22.64000068E-6,1.5999999,
,,,22.68000026E-6,1.5599999,
,,,22.71999983E-6,1.5599999,
,,,22.76000123E-6,1.5999999,
,,,22.80000081E-6,1.6400000,
,,,22.84000038E-6,1.5999999,
,,,22.87999996E-6,1.5999999,
,,,22.92000136E-6,1.6400000,
,,,22.96000093E-6,1.6400000,
,,,23.00000051E-6,1.5999999,
,,,23.04000009E-6,1.5999999,
,,,23.07999966E-6,1.5999999,
,,,23.12000106E-6,1.5999999,
,,,23.16000064E-6,1.5999999,
,,,23.20000021E-6,1.5999999,
,,,23.23999979E-6,1.5999999,
,,,23.28000119E-6,1.5999999,
,,,23.32000076E-6,1.5999999,
,,,23.36000034E-6,1.6400000,
,,,23.39999992E-6,1.5999999,
,,,23.44000131E-6,1.5599999,
,,,23.48000089E-6,1.5999999,
,,,23.52000047E-6,1.6400000,
,,,23.56000005E-6,1.6400000,
,,,23.59999962E-6,1.6400000,
,,,23.64000102E-6,1.5999999,
,,,23.68000060E-6,1.5999999,
,,,23.72000017E-6,1.5999999,
,,,23.75999975E-6,1.5999999,
,,,23.80000114E-6,1.6400000,
,,,23.84000072E-6,1.5999999,
,,,23.88000030E-6,1.6400000,
,,,23.91999988E-6,1.5999999,
,,,23.96000127E-6,1.5999999,
,,,24.00000085E-6,1.6400000,
,,,24.04000043E-6,1.6400000,
,,,24.08000000E-6,1.5999999,
,,,24.11999958E-6,1.5999999,
,,,24.16000098E-6,1.6400000,
,,,24.20000055E-6,1.5999999,
,,,24.24000013E-6,1.5999999,
,,,24.27999971E-6,1.5999999,
,,,24.32000110E-6,1.5999999,
,,,24.36000068E-6,1.6400000,
,,,24.40000026E-6,1.6799999,
,,,24.43999983E-6,1.6799999,
,,,24.48000123E-6,1.5999999,
,,,24.52000081E-6,1.6400000,
,,,24.56000038E-6,1.6400000,
,,,24.59999996E-6,1.5999999,
,,,24.64000136E-6,1.6400000,
,,,24.68000093E-6,1.5999999,
,,,24.72000051E-6,1.5999999,
,,,24.76000009E-6,1.6400000,
,,,24.79999966E-6,1.6400000,
,,,24.84000106E-6,1.6799999,
,,,24.88000064E-6,1.6400000,
,,,24.92000021E-6,1.6400000,
,,,24.95999979E-6,1.6400000,
,,,25.00000119E-6,1.6400000,
,,,25.04000076E-6,1.6799999,
,,,25.08000034E-6,1.6400000,
,,,25.11999992E-6,1.6400000,
,,,25.16000131E-6,1.5999999,
,,,25.20000089E-6,1.6400000,
,,,25.24000047E-6,1.6400000,
,,,25.28000005E-6,1.6799999,
,,,25.31999962E-6,1.5999999,
,,,25.36000102E-6,1.6400000,
,,,25.40000060E-6,1.6400000,
,,,25.44000017E-6,1.6400000,
,,,25.47999975E-6,1.6799999,
,,,25.52000115E-6,1.5999999,
,,,25.56000072E-6,1.6400000,
,,,25.60000030E-6,1.6400000,
,,,25.63999988E-6,1.6799999,
,,,25.68000127E-6,1.6799999,
,,,25.72000085E-6,1.6799999,
,,,25.76000043E-6,1.6400000,
,,,25.80000000E-6,1.6400000,
,,,25.83999958E-6,1.6400000,
,,,25.88000098E-6,1.6400000,
,,,25.92000055E-6,1.7199999,
,,,25.96000013E-6,1.6400000,
,,,25.99999971E-6,1.6799999,
,,,26.04000110E-6,1.5999999,
,,,26.08000068E-6,1.6400000,
,,,26.12000026E-6,1.6400000,
,,,26.15999983E-6,1.6400000,
,,,26.20000123E-6,1.6400000,
,,,26.24000081E-6,1.6799999,
,,,26.28000038E-6,1.6799999,
,,,26.31999996E-6,1.6400000,
,,,26.36000136E-6,1.6400000,
,,,26.40000093E-6,1.6400000,
,,,26.44000051E-6,1.6799999,
,,,26.48000009E-6,1.6799999,
,,,26.51999966E-6,1.6799999,
,,,26.56000106E-6,1.6799999,
,,,26.60000064E-6,1.6400000,
,,,26.64000021E-6,1.6400000,
,,,26.67999979E-6,1.6799999,
,,,26.72000119E-6,1.6799999,
,,,26.76000076E-6,1.6799999,
,,,26.80000034E-6,1.6799999,
,,,26.83999992E-6,1.5999999,
,,,26.88000131E-6,1.6799999,
,,,26.92000089E-6,1.6799999,
,,,26.96000047E-6,1.7199999,
,,,27.00000005E-6,1.6799999,
,,,27.03999962E-6,1.6799999,
,,,27.08000102E-6,1.6799999,
,,,27.12000060E-6,1.6799999,
,,,27.16000017E-6,1.6400000,
,,,27.19999975E-6,1.6799999,
,,,27.24000115E-6,1.6400000,
,,,27.28000072E-6,1.6799999,
,,,27.32000030E-6,1.6799999,
,,,27.35999988E-6,1.7199999,
,,,27.40000127E-6,1.6400000,
,,,27.44000085E-6,1.7199999,
,,,27.48000043E-6,1.6799999,
,,,27.52000000E-6,1.7199999,
,,,27.55999958E-6,1.6799999,
,,,27.60000098E-6,1.6400000,
,,,27.64000055E-6,1.6400000,
,,,27.68000013E-6,1.6799999,
,,,27.71999971E-6,1.6799999,
,,,27.76000110E-6,1.6799999,
,,,27.80000068E-6,1.6400000,
,,,27.84000026E-6,1.7199999,
,,,27.87999983E-6,1.6799999,
,,,27.92000123E-6,1.6799999,
,,,27.96000081E-6,1.6799999,
,,,28.00000038E-6,1.6799999,
,,,28.03999996E-6,1.6799999,
,,,28.08000136E-6,1.6799999,
,,,28.12000093E-6,1.6799999,
,,,28.16000051E-6,1.6400000,
,,,28.20000009E-6,1.6799999,
,,,28.23999966E-6,1.6400000,
,,,28.28000106E-6,1.7199999,
,,,28.32000064E-6,1.6799999,
,,,28.36000021E-6,1.7199999,
,,,28.39999979E-6,1.6799999,
,,,28.44000119E-6,1.5999999,
,,,28.48000076E-6,1.7199999,
,,,28.52000034E-6,1.7199999,
,,,28.55999992E-6,1.6799999,
,,,28.60000131E-6,1.6799999,
,,,28.64000089E-6,1.7199999,
,,,28.68000047E-6,1.6799999,
,,,28.72000005E-6,1.6400000,
,,,28.75999962E-6,1.6799999,
,,,28.80000102E-6,1.6799999,
,,,28.84000060E-6,1.7199999,
,,,28.88000017E-6,1.7199999,
,,,28.91999975E-6,1.6400000,
,,,28.96000115E-6,1.6799999,
,,,29.00000072E-6,1.6799999,
,,,29.04000030E-6,1.7199999,
,,,29.07999988E-6,1.7199999,
,,,29.12000127E-6,1.6799999,
,,,29.16000085E-6,1.7199999,
,,,29.20000043E-6,1.6400000,
,,,29.24000000E-6,1.6799999,
,,,29.27999958E-6,1.6799999,
,,,29.32000098E-6,1.6799999,
,,,29.36000055E-6,1.6799999,
,,,29.40000013E-6,1.6799999,
,,,29.43999971E-6,1.6799999,
,,,29.48000110E-6,1.6799999,
,,,29.52000068E-6,1.7199999,
,,,29.56000026E-6,1.7199999,
,,,29.59999983E-6,1.6799999,
,,,29.64000123E-6,1.7199999,
,,,29.68000081E-6,1.6400000,
,,,29.72000038E-6,1.7199999,
,,,29.75999996E-6,1.6799999,
,,,29.79999954E-6,1.7199999,
,,,29.84000093E-6,1.7199999,
,,,29.88000051E-6,1.7199999,
,,,29.92000009E-6,1.6799999,
,,,29.95999967E-6,1.6799999,
,,,30.00000106E-6,1.6799999,
,,,30.04000064E-6,1.7199999,
,,,30.08000022E-6,1.7199999,
,,,30.11999979E-6,1.7199999,
,,,30.16000119E-6,1.6799999,
,,,30.20000077E-6,1.7199999,
,,,30.24000034E-6,1.7199999,
,,,30.27999992E-6,1.7199999,
,,,30.32000131E-6,1.6799999,
,,,30.36000089E-6,1.6799999,
,,,30.40000047E-6,1.7199999,
,,,30.44000005E-6,1.7199999,
,,,30.47999962E-6,1.7600000,
,,,30.52000102E-6,1.6799999,
,,,30.56000060E-6,1.7199999,
,,,30.60000017E-6,1.6799999,
,,,30.63999975E-6,1.6799999,
,,,30.67999933E-6,1.7199999,
,,,30.71999890E-6,1.6799999,
,,,30.76000212E-6,1.6799999,
,,,30.80000170E-6,1.7199999,
,,,30.84000127E-6,1.6799999,
,,,30.88000085E-6,1.7199999,
,,,30.92000043E-6,1.7199999,
,,,30.96000000E-6,1.7600000,
,,,30.99999958E-6,1.6799999,
,,,31.03999916E-6,1.7199999,
,,,31.07999873E-6,1.7199999,
,,,31.12000195E-6,1.6799999,
,,,31.16000153E-6,1.7199999,
,,,31.20000110E-6,1.7199999,
,,,31.24000068E-6,1.6799999,
,,,31.28000026E-6,1.6799999,
,,,31.31999983E-6,1.6799999,
,,,31.35999941E-6,1.6799999,
,,,31.39999899E-6,1.7199999,
,,,31.44000220E-6,1.7199999,
,,,31.48000178E-6,1.7600000,
,,,31.52000136E-6,1.7600000,
,,,31.56000093E-6,1.7199999,
,,,31.60000051E-6,1.7199999,
,,,31.64000009E-6,1.7199999,
,,,31.67999967E-6,1.7199999,
,,,31.71999924E-6,1.6799999,
,,,31.75999882E-6,1.7600000,
,,,31.80000203E-6,1.7199999,
,,,31.84000161E-6,1.6799999,
,,,31.88000119E-6,1.7199999,
,,,31.92000077E-6,1.7600000,
,,,31.96000034E-6,1.7199999,
,,,31.99999992E-6,1.7199999,
,,,32.03999950E-6,1.7600000,
,,,32.07999907E-6,1.6799999,
,,,32.11999865E-6,1.6799999,
,,,32.16000187E-6,1.7199999,
,,,32.20000144E-6,1.7199999,
,,,32.24000102E-6,1.7199999,
,,,32.28000060E-6,1.7199999,
,,,32.32000017E-6,1.7199999,
,,,32.35999975E-6,1.7199999,
,,,32.39999933E-6,1.6799999,
,,,32.43999890E-6,1.7600000,
,,,32.48000212E-6,1.7199999,
,,,32.52000170E-6,1.7600000,
,,,32.56000127E-6,1.7199999,
,,,32.60000085E-6,1.7600000,
,,,32.64000043E-6,1.7199999,
,,,32.68000000E-6,1.6799999,
,,,32.71999958E-6,1.7600000,
,,,32.75999916E-6,1.7600000,
,,,32.79999873E-6,1.7199999,
,,,32.84000195E-6,1.7600000,
,,,32.88000153E-6,1.7199999,
,,,32.92000110E-6,1.7199999,
,,,32.96000068E-6,1.7199999,
,,,33.00000026E-6,1.7199999,
,,,33.03999983E-6,1.7600000,
,,,33.07999941E-6,1.7600000,
,,,33.11999899E-6,1.7199999,
,,,33.16000220E-6,1.7199999,
,,,33.20000178E-6,1.7199999,
,,,33.24000136E-6,1.7199999,
,,,33.28000093E-6,1.7199999,
,,,33.32000051E-6,1.7199999,
,,,33.36000009E-6,1.7600000,
,,,33.39999967E-6,1.7199999,
,,,33.43999924E-6,1.6799999,
,,,33.47999882E-6,1.7600000,
,,,33.52000203E-6,1.7600000,
,,,33.56000161E-6,1.7199999,
,,,33.60000119E-6,1.7199999,
,,,33.64000077E-6,1.7600000,
,,,33.68000034E-6,1.7600000,
,,,33.71999992E-6,1.7199999,
,,,33.75999950E-6,1.7199999,
,,,33.79999907E-6,1.7199999,
,,,33.83999865E-6,1.7600000,
,,,33.88000187E-6,1.7199999,
,,,33.92000144E-6,1.7199999,
,,,33.96000102E-6,1.7600000,
,,,34.00000060E-6,1.7600000,
,,,34.04000017E-6,1.7600000,
,,,34.07999975E-6,1.7199999,
,,,34.11999933E-6,1.7199999,
,,,34.15999890E-6,1.7600000,
,,,34.20000212E-6,1.7600000,
,,,34.24000170E-6,1.7600000,
,,,34.28000127E-6,1.7600000,
,,,34.32000085E-6,1.7600000,
,,,34.36000043E-6,1.7199999,
,,,34.40000000E-6,1.7600000,
,,,34.43999958E-6,1.8000000,
,,,34.47999916E-6,1.7199999,
,,,34.51999874E-6,1.7600000,
,,,34.56000195E-6,1.7199999,
,,,34.60000153E-6,1.7600000,
,,,34.64000110E-6,1.7199999,
,,,34.68000068E-6,1.7600000,
,,,34.72000026E-6,1.7199999,
,,,34.75999983E-6,1.7600000,
,,,34.79999941E-6,1.7600000,
,,,34.83999899E-6,1.7600000,
,,,34.88000220E-6,1.7600000,
,,,34.92000178E-6,1.7600000,
,,,34.96000136E-6,1.7600000,
,,,35.00000093E-6,1.7600000,
,,,35.04000051E-6,1.7199999,
,,,35.08000009E-6,1.7600000,
,,,35.11999967E-6,1.7199999,
,,,35.15999924E-6,1.7199999,
,,,35.19999882E-6,1.7600000,
,,,35.24000203E-6,1.7600000,
,,,35.28000161E-6,1.7600000,
,,,35.32000119E-6,1.7199999,
,,,35.36000077E-6,1.7199999,
,,,35.40000034E-6,1.7600000,
,,,35.43999992E-6,1.7199999,
,,,35.47999950E-6,1.8000000,
,,,35.51999907E-6,1.7199999,
,,,35.55999865E-6,1.8000000,
,,,35.60000187E-6,1.7199999,
,,,35.64000144E-6,1.8000000,
,,,35.68000102E-6,1.7600000,
,,,35.72000060E-6,1.7199999,
,,,35.76000017E-6,1.7600000,
,,,35.79999975E-6,1.7600000,
,,,35.83999933E-6,1.7600000,
,,,35.87999890E-6,1.7600000,
,,,35.92000212E-6,1.8000000,
,,,35.96000170E-6,1.7600000,
,,,36.00000127E-6,1.8000000,
,,,36.04000085E-6,1.7600000,
,,,36.08000043E-6,1.7600000,
,,,36.12000000E-6,1.7199999,
,,,36.15999958E-6,1.7600000,
,,,36.19999916E-6,1.7600000,
,,,36.23999874E-6,1.7600000,
,,,36.28000195E-6,1.7600000,
,,,36.32000153E-6,1.7600000,
,,,36.36000110E-6,1.7600000,
,,,36.40000068E-6,1.7600000,
,,,36.44000026E-6,1.7600000,
,,,36.47999984E-6,1.7600000,
,,,36.51999941E-6,1.8000000,
,,,36.55999899E-6,1.7600000,
,,,36.60000220E-6,1.7600000,
,,,36.64000178E-6,1.7199999,
,,,36.68000136E-6,1.8000000,
,,,36.72000094E-6,1.8000000,
,,,36.76000051E-6,1.7600000,
,,,36.80000009E-6,1.8000000,
,,,36.83999967E-6,1.7600000,
,,,36.87999924E-6,1.7600000,
,,,36.91999882E-6,1.7600000,
,,,36.96000203E-6,1.7600000,
,,,37.00000161E-6,1.8000000,
,,,37.04000119E-6,1.7600000,
,,,37.08000077E-6,1.7600000,
,,,37.12000034E-6,1.7600000,
,,,37.15999992E-6,1.7600000,
,,,37.19999950E-6,1.7600000,
,,,37.23999907E-6,1.8000000,
,,,37.27999865E-6,1.7600000,
,,,37.32000187E-6,1.7600000,
,,,37.36000144E-6,1.7600000,
,,,37.40000102E-6,1.7600000,
,,,37.44000060E-6,1.8000000,
,,,37.48000017E-6,1.7600000,
,,,37.51999975E-6,1.7600000,
,,,37.55999933E-6,1.8000000,
,,,37.59999890E-6,1.8000000,
,,,37.64000212E-6,1.7600000,
,,,37.68000170E-6,1.7600000,
,,,37.72000127E-6,1.7600000,
,,,37.76000085E-6,1.8000000,
,,,37.80000043E-6,1.7600000,
,,,37.84000000E-6,1.8000000,
,,,37.87999958E-6,1.8000000,
,,,37.91999916E-6,1.7600000,
,,,37.95999874E-6,1.8000000,
,,,38.00000195E-6,1.7600000,
,,,38.04000153E-6,1.8000000,
,,,38.08000110E-6,1.8000000,
,,,38.12000068E-6,1.8000000,
,,,38.16000026E-6,1.8000000,
,,,38.19999984E-6,1.7600000,
,,,38.23999941E-6,1.8000000,
,,,38.27999899E-6,1.8000000,
,,,38.32000220E-6,1.8000000,
,,,38.36000178E-6,1.8000000,
,,,38.40000136E-6,1.7600000,
,,,38.44000094E-6,1.8000000,
,,,38.48000051E-6,1.8000000,
,,,38.52000009E-6,1.7600000,
,,,38.55999967E-6,1.8000000,
,,,38.59999924E-6,1.8399999,
,,,38.63999882E-6,1.8000000,
,,,38.68000204E-6,1.8000000,
,,,38.72000161E-6,1.8000000,
,,,38.76000119E-6,1.7600000,
,,,38.80000077E-6,1.7600000,
,,,38.84000034E-6,1.8000000,
,,,38.87999992E-6,1.7600000,
,,,38.91999950E-6,1.7600000,
,,,38.95999907E-6,1.8000000,
,,,38.99999865E-6,1.7600000,
,,,39.04000187E-6,1.8000000,
,,,39.08000144E-6,1.7600000,
,,,39.12000102E-6,1.7600000,
,,,39.16000060E-6,1.7600000,
,,,39.20000017E-6,1.7600000,
,,,39.23999975E-6,1.8000000,
,,,39.27999933E-6,1.7600000,
,,,39.31999890E-6,1.8000000,
,,,39.36000212E-6,1.8399999,
,,,39.40000170E-6,1.7600000,
,,,39.44000127E-6,1.8000000,
,,,39.48000085E-6,1.8000000,
,,,39.52000043E-6,1.8000000,
,,,39.56000000E-6,1.8000000,
,,,39.59999958E-6,1.8000000,
,,,39.63999916E-6,1.7600000,
,,,39.67999874E-6,1.8000000,
,,,39.72000195E-6,1.7600000,
,,,39.76000153E-6,1.7600000,
,,,39.80000110E-6,1.8399999,
,,,39.84000068E-6,1.7600000,
,,,39.88000026E-6,1.8399999,
,,,39.91999984E-6,1.8000000,
,,,39.95999941E-6,1.7600000,
,,,39.99999899E-6,1.8399999,
,,,40.03999857E-6,1.7600000,
,,,40.08000178E-6,1.7600000,
,,,40.12000136E-6,1.7600000,
,,,40.16000094E-6,1.8000000,
,,,40.20000051E-6,1.8399999,
,,,40.24000009E-6,1.8000000,
,,,40.27999967E-6,1.8000000,
,,,40.31999924E-6,1.7600000,
,,,40.35999882E-6,1.8000000,
,,,40.40000204E-6,1.7600000,
,,,40.44000161E-6,1.7600000,
,,,40.48000119E-6,1.7600000,
,,,40.52000077E-6,1.8399999,
,,,40.56000034E-6,1.8000000,
,,,40.59999992E-6,1.7600000,
,,,40.63999950E-6,1.8399999,
,,,40.67999907E-6,1.8399999,
,,,40.71999865E-6,1.8000000,
,,,40.76000187E-6,1.8000000,
,,,40.80000144E-6,1.8000000,
,,,40.84000102E-6,1.8399999,
,,,40.88000060E-6,1.8000000,
,,,40.92000017E-6,1.8000000,
,,,40.95999975E-6,1.8399999,
,,,40.99999933E-6,1.7600000,
,,,41.03999891E-6,1.8000000,
,,,41.08000212E-6,1.8399999,
,,,41.12000170E-6,1.8000000,
,,,41.16000127E-6,1.8000000,
,,,41.20000085E-6,1.8000000,
,,,41.24000043E-6,1.8000000,
,,,41.28000000E-6,1.8399999,
,,,41.31999958E-6,1.8000000,
,,,41.35999916E-6,1.8000000,
,,,41.39999874E-6,1.8000000,
,,,41.44000195E-6,1.8000000,
,,,41.48000153E-6,1.8399999,
,,,41.52000110E-6,1.8000000,
,,,41.56000068E-6,1.8000000,
,,,41.60000026E-6,1.8000000,
,,,41.63999984E-6,1.8399999,
,,,41.67999941E-6,1.8000000,
,,,41.71999899E-6,1.8399999,
,,,41.75999857E-6,1.8399999,
,,,41.80000178E-6,1.8399999,
,,,41.84000136E-6,1.7600000,
,,,41.88000094E-6,1.8000000,
,,,41.92000051E-6,1.8800000,
,,,41.96000009E-6,1.8000000,
,,,41.99999967E-6,1.8399999,
,,,42.03999924E-6,1.7600000,
,,,42.07999882E-6,1.8399999,
,,,42.12000204E-6,1.8000000,
,,,42.16000161E-6,1.8399999,
,,,42.20000119E-6,1.8000000,
,,,42.24000077E-6,1.8399999,
,,,42.28000034E-6,1.8000000,
,,,42.31999992E-6,1.8000000,
,,,42.35999950E-6,1.8000000,
,,,42.39999907E-6,1.7600000,
,,,42.43999865E-6,1.8000000,
,,,42.48000187E-6,1.8399999,
,,,42.52000144E-6,1.8399999,
,,,42.56000102E-6,1.8000000,
,,,42.60000060E-6,1.8000000,
,,,42.64000017E-6,1.8000000,
,,,42.67999975E-6,1.8000000,
,,,42.71999933E-6,1.8399999,
,,,42.75999891E-6,1.8000000,
,,,42.80000212E-6,1.8399999,
,,,42.84000170E-6,1.7600000,
,,,42.88000127E-6,1.8000000,
,,,42.92000085E-6,1.8000000,
,,,42.96000043E-6,1.7600000,
,,,43.00000001E-6,1.8000000,
,,,43.03999958E-6,1.8000000,
,,,43.07999916E-6,1.8399999,
,,,43.11999874E-6,1.7600000,
,,,43.16000195E-6,1.8399999,
,,,43.20000153E-6,1.8399999,
,,,43.24000111E-6,1.7600000,
,,,43.28000068E-6,1.7600000,
,,,43.32000026E-6,1.8000000,
,,,43.35999984E-6,1.8399999,
,,,43.39999941E-6,1.8399999,
,,,43.43999899E-6,1.8399999,
,,,43.47999857E-6,1.8399999,
,,,43.52000178E-6,1.8000000,
,,,43.56000136E-6,1.8000000,
,,,43.60000094E-6,1.8000000,
,,,43.64000051E-6,1.8000000,
,,,43.68000009E-6,1.8000000,
,,,43.71999967E-6,1.8000000,
,,,43.75999924E-6,1.8000000,
,,,43.79999882E-6,1.8399999,
,,,43.84000204E-6,1.8399999,
,,,43.88000161E-6,1.8000000,
,,,43.92000119E-6,1.8399999,
,,,43.96000077E-6,1.8399999,
,,,44.00000034E-6,1.8000000,
,,,44.03999992E-6,1.8000000,
,,,44.07999950E-6,1.8000000,
,,,44.11999907E-6,1.8000000,
,,,44.15999865E-6,1.8399999,
,,,44.20000187E-6,1.8399999,
,,,44.24000144E-6,1.8800000,
,,,44.28000102E-6,1.8399999,
,,,44.32000060E-6,1.8399999,
,,,44.36000017E-6,1.8399999,
,,,44.39999975E-6,1.8000000,
,,,44.43999933E-6,1.8000000,
,,,44.47999891E-6,1.8000000,
,,,44.52000212E-6,1.8399999,
,,,44.56000170E-6,1.8000000,
,,,44.60000127E-6,1.8399999,
,,,44.64000085E-6,1.8399999,
,,,44.68000043E-6,1.8000000,
,,,44.72000001E-6,1.8399999,
,,,44.75999958E-6,1.8399999,
,,,44.79999916E-6,1.8399999,
,,,44.83999874E-6,1.8399999,
,,,44.88000195E-6,1.8800000,
,,,44.92000153E-6,1.8000000,
,,,44.96000111E-6,1.8399999,
,,,45.00000068E-6,1.8399999,
,,,45.04000026E-6,1.8000000,
,,,45.07999984E-6,1.8399999,
,,,45.11999941E-6,1.8000000,
,,,45.15999899E-6,1.8399999,
,,,45.19999857E-6,1.8399999,
,,,45.24000178E-6,1.8399999,
,,,45.28000136E-6,1.8399999,
,,,45.32000094E-6,1.8399999,
,,,45.36000051E-6,1.8399999,
,,,45.40000009E-6,1.8399999,
,,,45.43999967E-6,1.8399999,
,,,45.47999924E-6,1.8000000,
,,,45.51999882E-6,1.8399999,
,,,45.56000204E-6,1.8399999,
,,,45.60000161E-6,1.8399999,
,,,45.64000119E-6,1.8399999,
,,,45.68000077E-6,1.8399999,
,,,45.72000034E-6,1.8399999,
,,,45.75999992E-6,1.8399999,
,,,45.79999950E-6,1.8800000,
,,,45.83999907E-6,1.8800000,
,,,45.87999865E-6,1.8399999,
,,,45.92000187E-6,1.8399999,
,,,45.96000144E-6,1.8800000,
,,,46.00000102E-6,1.8000000,
,,,46.04000060E-6,1.8399999,
,,,46.08000017E-6,1.8399999,
,,,46.11999975E-6,1.8000000,
,,,46.15999933E-6,1.8399999,
,,,46.19999891E-6,1.8399999,
,,,46.24000212E-6,1.8800000,
,,,46.28000170E-6,1.8000000,
,,,46.32000127E-6,1.8399999,
,,,46.36000085E-6,1.8800000,
,,,46.40000043E-6,1.8800000,
,,,46.44000001E-6,1.8399999,
,,,46.47999958E-6,1.8399999,
,,,46.51999916E-6,1.8800000,
,,,46.55999874E-6,1.8399999,
,,,46.60000195E-6,1.8800000,
,,,46.64000153E-6,1.8399999,
,,,46.68000111E-6,1.8000000,
,,,46.72000068E-6,1.8800000,
,,,46.76000026E-6,1.8800000,
,,,46.79999984E-6,1.8000000,
,,,46.83999941E-6,1.8399999,
,,,46.87999899E-6,1.8399999,
,,,46.91999857E-6,1.8399999,
,,,46.96000178E-6,1.8399999,
,,,47.00000136E-6,1.8800000,
,,,47.04000094E-6,1.8800000,
,,,47.08000051E-6,1.8800000,
,,,47.12000009E-6,1.8800000,
,,,47.15999967E-6,1.8399999,
,,,47.19999924E-6,1.8399999,
,,,47.23999882E-6,1.8800000,
,,,47.28000204E-6,1.8399999,
,,,47.32000161E-6,1.8800000,
,,,47.36000119E-6,1.8800000,
,,,47.40000077E-6,1.8399999,
,,,47.44000034E-6,1.8399999,
,,,47.47999992E-6,1.8800000,
,,,47.51999950E-6,1.8399999,
,,,47.55999908E-6,1.8000000,
,,,47.59999865E-6,1.8800000,
,,,47.64000187E-6,1.8399999,
,,,47.68000144E-6,1.8399999,
,,,47.72000102E-6,1.8800000,
,,,47.76000060E-6,1.8800000,
,,,47.80000017E-6,1.8399999,
,,,47.83999975E-6,1.8399999,
,,,47.87999933E-6,1.8800000,
,,,47.91999891E-6,1.8399999,
,,,47.96000212E-6,1.8399999,
,,,48.00000170E-6,1.8399999,
,,,48.04000127E-6,1.8800000,
,,,48.08000085E-6,1.8399999,
,,,48.12000043E-6,1.8800000,
,,,48.16000001E-6,1.8800000,
,,,48.19999958E-6,1.8399999,
,,,48.23999916E-6,1.8000000,
,,,48.27999874E-6,1.8399999,
,,,48.32000195E-6,1.8800000,
,,,48.36000153E-6,1.8399999,
,,,48.40000111E-6,1.9200000,
,,,48.44000068E-6,1.8000000,
,,,48.48000026E-6,1.8399999,
,,,48.51999984E-6,1.8399999,
,,,48.55999941E-6,1.8800000,
,,,48.59999899E-6,1.8800000,
,,,48.63999857E-6,1.8800000,
,,,48.68000178E-6,1.9200000,
,,,48.72000136E-6,1.8399999,
,,,48.76000094E-6,1.8800000,
,,,48.80000051E-6,1.8800000,
,,,48.84000009E-6,1.8800000,
,,,48.87999967E-6,1.8399999,
,,,48.91999924E-6,1.8800000,
,,,48.95999882E-6,1.8800000,
,,,49.00000204E-6,1.8399999,
,,,49.04000161E-6,1.8800000,
,,,49.08000119E-6,1.8800000,
,,,49.12000077E-6,1.8800000,
,,,49.16000034E-6,1.8399999,
,,,49.19999992E-6,1.9200000,
,,,49.23999950E-6,1.8800000,
,,,49.27999908E-6,1.8399999,
,,,49.31999865E-6,1.8800000,
,,,49.36000187E-6,1.8800000,
,,,49.40000144E-6,1.8800000,
,,,49.44000102E-6,1.8800000,
,,,49.48000060E-6,1.8800000,
,,,49.52000018E-6,1.8800000,
,,,49.55999975E-6,1.8800000,
,,,49.59999933E-6,1.8399999,
,,,49.63999891E-6,1.8399999,
,,,49.68000212E-6,1.8800000,
,,,49.72000170E-6,1.9200000,
,,,49.76000127E-6,1.8399999,
,,,49.80000085E-6,1.8800000,
,,,49.84000043E-6,1.8800000,
,,,49.88000001E-6,1.8800000,
,,,49.91999958E-6,1.8800000,
,,,49.95999916E-6,1.8800000,
,,,49.99999874E-6,1.8800000,
,,,50.04000195E-6,1.8399999,
,,,50.08000153E-6,1.8399999,
,,,50.12000111E-6,1.8800000,
,,,50.16000068E-6,1.8399999,
,,,50.20000026E-6,1.8800000,
,,,50.23999984E-6,1.8800000,
,,,50.27999941E-6,1.8800000,
,,,50.31999899E-6,1.8800000,
,,,50.35999857E-6,1.8800000,
,,,50.40000178E-6,1.8800000,
,,,50.44000136E-6,1.8399999,
,,,50.48000094E-6,1.8800000,
,,,50.52000051E-6,1.8800000,
,,,50.56000009E-6,1.8800000,
,,,50.59999967E-6,1.8800000,
,,,50.63999924E-6,1.8800000,
,,,50.67999882E-6,1.8800000,
,,,50.72000204E-6,1.8800000,
,,,50.76000161E-6,1.8800000,
,,,50.80000119E-6,1.8399999,
,,,50.84000077E-6,1.8800000,
,,,50.88000034E-6,1.8399999,
,,,50.91999992E-6,1.8399999,
,,,50.95999950E-6,1.8800000,
,,,50.99999908E-6,1.8399999,
,,,51.03999865E-6,1.8800000,
,,,51.08000187E-6,1.9200000,
,,,51.12000144E-6,1.8800000,
,,,51.16000102E-6,1.8399999,
,,,51.20000060E-6,1.8800000,
,,,51.24000018E-6,1.8800000,
,,,51.27999975E-6,1.8800000,
,,,51.31999933E-6,1.8800000,
,,,51.35999891E-6,1.8399999,
,,,51.40000212E-6,1.8800000,
,,,51.44000170E-6,1.8800000,
,,,51.48000128E-6,1.8399999,
,,,51.52000085E-6,1.8800000,
,,,51.56000043E-6,1.8800000,
,,,51.60000001E-6,1.8800000,
,,,51.63999958E-6,1.8399999,
,,,51.67999916E-6,1.8399999,
,,,51.71999874E-6,1.8800000,
,,,51.76000195E-6,1.8800000,
,,,51.80000153E-6,1.8399999,
,,,51.84000111E-6,1.9200000,
,,,51.88000068E-6,1.8399999,
,,,51.92000026E-6,1.8800000,
,,,51.95999984E-6,1.9200000,
,,,51.99999941E-6,1.8800000,
,,,52.03999899E-6,1.8800000,
,,,52.07999857E-6,1.8800000,
,,,52.12000178E-6,1.8800000,
,,,52.16000136E-6,1.8800000,
,,,52.20000094E-6,1.8800000,
,,,52.24000051E-6,1.8800000,
,,,52.28000009E-6,1.9200000,
,,,52.31999967E-6,1.8800000,
,,,52.35999924E-6,1.8800000,
,,,52.39999882E-6,1.8399999,
,,,52.44000204E-6,1.8800000,
,,,52.48000161E-6,1.8800000,
,,,52.52000119E-6,1.8800000,
,,,52.56000077E-6,1.9200000,
,,,52.60000034E-6,1.8800000,
,,,52.63999992E-6,1.9200000,
,,,52.67999950E-6,1.8800000,
,,,52.71999908E-6,1.8800000,
,,,52.75999865E-6,1.8800000,
,,,52.80000187E-6,1.8800000,
,,,52.84000144E-6,1.8800000,
,,,52.88000102E-6,1.8399999,
,,,52.92000060E-6,1.9200000,
,,,52.96000018E-6,1.9200000,
,,,52.99999975E-6,1.9599999,
,,,53.03999933E-6,1.9200000,
,,,53.07999891E-6,1.8399999,
,,,53.11999848E-6,1.8800000,
,,,53.16000170E-6,1.8800000,
,,,53.20000128E-6,1.8800000,
,,,53.24000085E-6,1.8800000,
,,,53.28000043E-6,1.8800000,
,,,53.32000001E-6,1.9200000,
,,,53.35999958E-6,1.8800000,
,,,53.39999916E-6,1.8800000,
,,,53.43999874E-6,1.8800000,
,,,53.48000195E-6,1.8800000,
,,,53.52000153E-6,1.8800000,
,,,53.56000111E-6,1.8800000,
,,,53.60000068E-6,1.9200000,
,,,53.64000026E-6,1.8800000,
,,,53.67999984E-6,1.8800000,
,,,53.71999941E-6,1.8800000,
,,,53.75999899E-6,1.9599999,
,,,53.79999857E-6,1.8399999,
,,,53.84000178E-6,1.9200000,
,,,53.88000136E-6,1.9200000,
,,,53.92000094E-6,1.8399999,
,,,53.96000051E-6,1.9200000,
,,,54.00000009E-6,1.9200000,
,,,54.03999967E-6,1.8800000,
,,,54.07999925E-6,1.8800000,
,,,54.11999882E-6,1.9200000,
,,,54.16000204E-6,1.8800000,
,,,54.20000161E-6,1.9200000,
,,,54.24000119E-6,1.8399999,
,,,54.28000077E-6,1.8800000,
,,,54.32000034E-6,1.8800000,
,,,54.35999992E-6,1.8800000,
,,,54.39999950E-6,1.8800000,
,,,54.43999908E-6,1.9200000,
,,,54.47999865E-6,1.8800000,
,,,54.52000187E-6,1.8800000,
,,,54.56000144E-6,1.9200000,
,,,54.600001022E-6,1.8800000,
,,,54.640000599E-6,1.9200000,
,,,54.680000176E-6,1.8800000,
,,,54.719999753E-6,1.9200000,
,,,54.759999330E-6,1.8800000,
,,,54.799998907E-6,1.8800000,
,,,54.839998484E-6,1.9200000,
,,,54.880001699E-6,1.8399999,
,,,54.920001276E-6,1.9200000,
,,,54.960000853E-6,1.9200000,
,,,55.000000430E-6,1.8800000,
,,,55.040000007E-6,1.8800000,
,,,55.079999584E-6,1.9200000,
,,,55.119999161E-6,1.8800000,
,,,55.159998738E-6,1.8800000,
,,,55.200001952E-6,1.8800000,
,,,55.240001529E-6,1.8800000,
,,,55.280001106E-6,1.8800000,
,,,55.320000683E-6,1.8800000,
,,,55.360000260E-6,1.9200000,
,,,55.399999837E-6,1.8800000,
,,,55.439999414E-6,1.8800000,
,,,55.479998991E-6,1.8800000,
,,,55.519998568E-6,1.9200000,
,,,55.560001783E-6,1.8800000,
,,,55.600001360E-6,1.8800000,
,,,55.640000937E-6,1.9200000,
,,,55.680000514E-6,1.9200000,
,,,55.720000091E-6,1.9200000,
,,,55.759999668E-6,1.8800000,
,,,55.799999245E-6,1.8800000,
,,,55.839998822E-6,1.9200000,
,,,55.880002037E-6,1.8800000,
,,,55.920001614E-6,1.8800000,
,,,55.960001191E-6,1.8800000,
,,,56.000000768E-6,1.9200000,
,,,56.040000345E-6,1.9200000,
,,,56.079999922E-6,1.9200000,
,,,56.119999499E-6,1.9200000,
,,,56.159999076E-6,1.8800000,
,,,56.199998653E-6,1.8800000,
,,,56.240001868E-6,1.8800000,
,,,56.280001445E-6,1.9200000,
,,,56.320001022E-6,1.9200000,
,,,56.360000599E-6,1.9200000,
,,,56.400000176E-6,1.9200000,
,,,56.439999753E-6,1.8399999,
,,,56.479999330E-6,1.9200000,
,,,56.519998907E-6,1.9599999,
,,,56.559998484E-6,1.8399999,
,,,56.600001699E-6,1.9200000,
,,,56.640001276E-6,1.8800000,
,,,56.680000853E-6,1.9200000,
,,,56.720000430E-6,1.9200000,
,,,56.760000007E-6,1.9200000,
,,,56.799999584E-6,1.9599999,
,,,56.839999161E-6,1.8800000,
,,,56.879998738E-6,1.9200000,
,,,56.920001953E-6,1.8800000,
,,,56.960001530E-6,1.9200000,
,,,57.000001107E-6,1.8800000,
,,,57.040000684E-6,1.8399999,
,,,57.080000261E-6,1.9200000,
,,,57.119999838E-6,1.9200000,
,,,57.159999415E-6,1.8800000,
,,,57.199998992E-6,1.8800000,
,,,57.239998569E-6,1.8800000,
,,,57.280001784E-6,1.9200000,
,,,57.320001360E-6,1.9200000,
,,,57.360000937E-6,1.9200000,
,,,57.400000514E-6,1.8800000,
,,,57.440000091E-6,1.9599999,
,,,57.479999668E-6,1.8800000,
,,,57.519999245E-6,1.9200000,
,,,57.559998822E-6,1.8800000,
,,,57.600002037E-6,1.9200000,
,,,57.640001614E-6,1.9200000,
,,,57.680001191E-6,1.9200000,
,,,57.720000768E-6,1.8800000,
,,,57.760000345E-6,1.8800000,
,,,57.799999922E-6,1.8800000,
,,,57.839999499E-6,1.9200000,
,,,57.879999076E-6,1.8800000,
,,,57.919998653E-6,1.9200000,
,,,57.960001868E-6,1.9599999,
,,,58.000001445E-6,1.9200000,
,,,58.040001022E-6,1.8800000,
,,,58.080000599E-6,1.8800000,
,,,58.120000176E-6,1.8800000,
,,,58.159999753E-6,1.9200000,
,,,58.199999330E-6,1.9200000,
,,,58.239998907E-6,1.9200000,
,,,58.279998484E-6,1.9200000,
,,,58.320001699E-6,1.8800000,
,,,58.360001276E-6,1.9200000,
,,,58.400000853E-6,1.9599999,
,,,58.440000430E-6,1.8800000,
,,,58.480000007E-6,1.9200000,
,,,58.519999584E-6,1.9200000,
,,,58.559999161E-6,1.9200000,
,,,58.599998738E-6,1.9599999,
,,,58.640001953E-6,1.9200000,
,,,58.680001530E-6,1.9200000,
,,,58.720001107E-6,1.9599999,
,,,58.760000684E-6,1.9200000,
,,,58.800000261E-6,1.9200000,
,,,58.839999838E-6,1.9200000,
,,,58.879999415E-6,1.8800000,
,,,58.919998992E-6,1.9200000,
,,,58.959998569E-6,1.9200000,
,,,59.000001784E-6,1.9599999,
,,,59.040001361E-6,1.9200000,
,,,59.080000938E-6,1.8800000,
,,,59.120000515E-6,1.8800000,
,,,59.160000092E-6,1.8800000,
,,,59.199999669E-6,1.9200000,
,,,59.239999246E-6,1.9200000,
,,,59.279998823E-6,1.8800000,
,,,59.320002038E-6,1.8800000,
,,,59.360001615E-6,1.8800000,
,,,59.400001192E-6,1.8800000,
,,,59.440000769E-6,1.9200000,
,,,59.480000346E-6,1.9200000,
,,,59.519999922E-6,1.9599999,
,,,59.559999499E-6,1.8800000,
,,,59.599999076E-6,1.9200000,
,,,59.639998653E-6,1.9200000,
,,,59.680001868E-6,1.9200000,
,,,59.720001445E-6,1.9599999,
,,,59.760001022E-6,1.9200000,
,,,59.800000599E-6,1.9200000,
,,,59.840000176E-6,1.8800000,
,,,59.879999753E-6,1.9200000,
,,,59.919999330E-6,1.9200000,
,,,59.959998907E-6,1.9200000,
,,,59.999998484E-6,1.9200000,
,,,60.040001699E-6,1.9200000,
,,,60.080001276E-6,1.9599999,
,,,60.120000853E-6,1.8800000,
,,,60.160000430E-6,1.8800000,
,,,60.200000007E-6,1.9200000,
,,,60.239999584E-6,1.9200000,
,,,60.279999161E-6,1.9200000,
,,,60.319998738E-6,1.9200000,
,,,60.360001953E-6,1.9200000,
,,,60.400001530E-6,1.8800000,
,,,60.440001107E-6,1.8800000,
,,,60.480000684E-6,1.9200000,
,,,60.520000261E-6,1.9200000,
,,,60.559999838E-6,1.9599999,
,,,60.599999415E-6,1.9200000,
,,,60.639998992E-6,1.9200000,
,,,60.679998569E-6,1.9200000,
,,,60.720001784E-6,1.9200000,
,,,60.760001361E-6,1.9200000,
,,,60.800000938E-6,1.9200000,
,,,60.840000515E-6,1.9599999,
,,,60.880000092E-6,1.9200000,
,,,60.919999669E-6,1.9200000,
,,,60.959999246E-6,1.9599999,
,,,60.999998823E-6,1.9200000,
,,,61.040002038E-6,1.9599999,
,,,61.079997977E-6,1.9599999,
,,,61.120001192E-6,1.9200000,
,,,61.159997131E-6,1.8800000,
,,,61.200000346E-6,1.9599999,
,,,61.240003561E-6,1.9200000,
,,,61.279999500E-6,1.9599999,
,,,61.320002715E-6,1.9599999,
,,,61.359998654E-6,1.8800000,
,,,61.400001869E-6,1.9200000,
,,,61.439997808E-6,1.9200000,
,,,61.480001023E-6,1.9599999,
,,,61.519996962E-6,1.9200000,
,,,61.560000177E-6,1.9200000,
,,,61.600003392E-6,1.9200000,
,,,61.639999331E-6,1.9200000,
,,,61.680002545E-6,1.9200000,
,,,61.719998484E-6,1.9200000,
,,,61.760001699E-6,1.9200000,
,,,61.799997638E-6,1.9200000,
,,,61.840000853E-6,1.8800000,
,,,61.879996792E-6,1.9200000,
,,,61.920000007E-6,1.9200000,
,,,61.960003222E-6,1.9200000,
,,,61.999999161E-6,1.9200000,
,,,62.040002376E-6,1.9200000,
,,,62.079998315E-6,1.9200000,
,,,62.120001530E-6,1.9200000,
,,,62.159997469E-6,1.9200000,
,,,62.200000684E-6,1.9200000,
,,,62.239996623E-6,1.9200000,
,,,62.279999838E-6,1.8800000,
,,,62.320003053E-6,1.9599999,
,,,62.359998992E-6,1.9599999,
,,,62.400002207E-6,1.9200000,
,,,62.439998146E-6,1.9200000,
,,,62.480001361E-6,1.9200000,
,,,62.519997300E-6,1.9200000,
,,,62.560000515E-6,1.9200000,
,,,62.600003730E-6,1.9599999,
,,,62.639999669E-6,1.9200000,
,,,62.680002884E-6,1.9200000,
,,,62.719998823E-6,1.9599999,
,,,62.760002038E-6,1.9200000,
,,,62.799997977E-6,1.9599999,
,,,62.840001192E-6,1.9599999,
,,,62.879997131E-6,1.9200000,
,,,62.920000346E-6,1.9200000,
,,,62.960003561E-6,1.9200000,
,,,62.999999500E-6,1.9599999,
,,,63.040002715E-6,1.9200000,
,,,63.079998654E-6,1.9200000,
,,,63.120001869E-6,2.0000000,
,,,63.159997808E-6,1.9200000,
,,,63.200001023E-6,1.9200000,
,,,63.239996962E-6,1.8800000,
,,,63.280000177E-6,1.8800000,
,,,63.320003392E-6,1.9200000,
,,,63.359999331E-6,1.9200000,
,,,63.400002546E-6,1.9599999,
,,,63.439998485E-6,1.9200000,
,,,63.480001700E-6,1.9200000,
,,,63.519997639E-6,1.9599999,
,,,63.560000854E-6,1.9200000,
,,,63.599996793E-6,1.9599999,
,,,63.640000008E-6,1.9599999,
,,,63.680003223E-6,1.9599999,
,,,63.719999162E-6,1.9200000,
,,,63.760002377E-6,1.8800000,
,,,63.799998316E-6,1.9200000,
,,,63.840001530E-6,1.9599999,
,,,63.879997469E-6,1.9200000,
,,,63.920000684E-6,1.9599999,
,,,63.959996623E-6,1.9200000,
,,,63.999999838E-6,1.9200000,
,,,64.040003053E-6,1.9599999,
,,,64.079998992E-6,1.8800000,
,,,64.120002207E-6,1.9200000,
,,,64.159998146E-6,1.9200000,
,,,64.200001361E-6,1.9599999,
,,,64.239997300E-6,1.9599999,
,,,64.280000515E-6,1.9599999,
,,,64.320003730E-6,1.9200000,
,,,64.359999669E-6,1.8800000,
,,,64.400002884E-6,1.9599999,
,,,64.439998823E-6,1.9599999,
,,,64.480002038E-6,1.9200000,
,,,64.519997977E-6,1.9200000,
,,,64.560001192E-6,1.9599999,
,,,64.599997131E-6,1.9599999,
,,,64.640000346E-6,1.9200000,
,,,64.680003561E-6,1.9599999,
,,,64.719999500E-6,1.9599999,
,,,64.760002715E-6,1.9200000,
,,,64.799998654E-6,1.9599999,
,,,64.840001869E-6,1.9599999,
,,,64.879997808E-6,1.9200000,
,,,64.920001023E-6,1.9599999,
,,,64.959996962E-6,1.9599999,
,,,65.000000177E-6,1.9200000,
,,,65.040003392E-6,1.9599999,
,,,65.079999331E-6,1.9599999,
,,,65.120002546E-6,1.9200000,
,,,65.159998485E-6,1.9200000,
,,,65.200001700E-6,1.9599999,
,,,65.239997639E-6,1.9200000,
,,,65.280000854E-6,1.9599999,
,,,65.319996793E-6,1.9599999,
,,,65.360000008E-6,2.0000000,
,,,65.400003223E-6,1.9200000,
,,,65.439999162E-6,1.9200000,
,,,65.480002377E-6,1.9599999,
,,,65.519998316E-6,1.9599999,
,,,65.560001531E-6,1.9200000,
,,,65.599997470E-6,1.9200000,
,,,65.640000685E-6,1.9599999,
,,,65.679996624E-6,1.9200000,
,,,65.719999839E-6,1.9599999,
,,,65.760003054E-6,1.9200000,
,,,65.799998993E-6,1.9200000,
,,,65.840002208E-6,1.9200000,
,,,65.879998147E-6,1.9200000,
,,,65.920001362E-6,1.9599999,
,,,65.959997301E-6,1.9200000,
,,,66.000000515E-6,1.9200000,
,,,66.040003730E-6,1.9599999,
,,,66.079999669E-6,2.0000000,
,,,66.120002884E-6,1.9599999,
,,,66.159998823E-6,1.9200000,
,,,66.200002038E-6,1.9599999,
,,,66.239997977E-6,1.9200000,
,,,66.280001192E-6,1.9200000,
,,,66.319997131E-6,1.9599999,
,,,66.360000346E-6,1.9599999,
,,,66.400003561E-6,1.9200000,
,,,66.439999500E-6,1.9200000,
,,,66.480002715E-6,1.9599999,
,,,66.519998654E-6,1.9599999,
,,,66.560001869E-6,1.9599999,
,,,66.599997808E-6,1.9599999,
,,,66.640001023E-6,1.9200000,
,,,66.679996962E-6,2.0000000,
,,,66.720000177E-6,1.9200000,
,,,66.760003392E-6,1.9599999,
,,,66.799999331E-6,1.9200000,
,,,66.840002546E-6,1.9599999,
,,,66.879998485E-6,1.9200000,
,,,66.920001700E-6,1.9599999,
,,,66.959997639E-6,1.9599999,
,,,67.000000854E-6,1.9200000,
,,,67.039996793E-6,1.9200000,
,,,67.080000008E-6,1.9599999,
,,,67.120003223E-6,1.9599999,
,,,67.159999162E-6,1.9200000,
,,,67.200002377E-6,1.8800000,
,,,67.239998316E-6,1.9200000,
,,,67.280001531E-6,1.9200000,
,,,67.319997470E-6,1.9599999,
,,,67.360000685E-6,1.9200000,
,,,67.399996624E-6,1.9200000,
,,,67.439999839E-6,1.9200000,
,,,67.480003054E-6,2.0000000,
,,,67.519998993E-6,1.9200000,
,,,67.560002208E-6,1.9599999,
,,,67.599998147E-6,1.9599999,
,,,67.640001362E-6,1.9599999,
,,,67.679997301E-6,1.9599999,
,,,67.720000516E-6,1.9599999,
,,,67.760003731E-6,1.9200000,
,,,67.799999670E-6,1.9200000,
,,,67.840002885E-6,1.8800000,
,,,67.879998824E-6,1.9599999,
,,,67.920002039E-6,1.9599999,
,,,67.959997978E-6,1.9599999,
,,,68.000001193E-6,1.9599999,
,,,68.039997132E-6,1.9599999,
,,,68.080000347E-6,1.9200000,
,,,68.120003561E-6,1.9599999,
,,,68.159999500E-6,1.9200000,
,,,68.200002715E-6,1.9599999,
,,,68.239998654E-6,1.9599999,
,,,68.280001869E-6,1.9599999,
,,,68.319997808E-6,1.9200000,
,,,68.360001023E-6,1.9599999,
,,,68.399996962E-6,1.9200000,
,,,68.440000177E-6,1.9599999,
,,,68.480003392E-6,1.9599999,
,,,68.519999331E-6,1.9200000,
,,,68.560002546E-6,1.9599999,
,,,68.599998485E-6,2.0000000,
,,,68.640001700E-6,1.9599999,
,,,68.679997639E-6,1.9599999,
,,,68.720000854E-6,1.9599999,
,,,68.759996793E-6,1.9599999,
,,,68.800000008E-6,1.9599999,
,,,68.840003223E-6,1.9599999,
,,,68.879999162E-6,2.0000000,
,,,68.920002377E-6,1.9599999,
,,,68.959998316E-6,1.9599999,
,,,69.000001531E-6,1.9599999,
,,,69.039997470E-6,1.9200000,
,,,69.080000685E-6,1.9599999,
,,,69.119996624E-6,1.9599999,
,,,69.159999839E-6,1.9599999,
,,,69.200003054E-6,1.9200000,
,,,69.239998993E-6,1.9599999,
,,,69.280002208E-6,1.9599999,
,,,69.319998147E-6,2.0000000,
,,,69.360001362E-6,2.0000000,
,,,69.399997301E-6,1.9200000,
,,,69.440000516E-6,1.9599999,
,,,69.480003731E-6,1.9599999,
,,,69.519999670E-6,1.9599999,
,,,69.560002885E-6,1.9599999,
,,,69.599998824E-6,1.9599999,
,,,69.640002039E-6,1.9599999,
,,,69.679997978E-6,1.9599999,
,,,69.720001193E-6,1.9599999,
,,,69.759997132E-6,1.9599999,
,,,69.800000347E-6,1.9599999,
,,,69.840003562E-6,2.0000000,
,,,69.879999501E-6,1.9599999,
,,,69.920002716E-6,1.9599999,
,,,69.959998655E-6,1.9599999,
,,,70.000001870E-6,2.0400000,
,,,70.039997809E-6,1.9599999,
,,,70.080001024E-6,1.9599999,
,,,70.119996963E-6,1.9599999,
,,,70.160000178E-6,1.9599999,
,,,70.200003393E-6,1.9599999,
,,,70.239999332E-6,1.9599999,
,,,70.280002546E-6,1.9599999,
,,,70.319998486E-6,1.9200000,
,,,70.360001700E-6,2.0000000,
,,,70.399997639E-6,1.9599999,
,,,70.440000854E-6,1.9599999,
,,,70.479996793E-6,1.9599999,
,,,70.520000008E-6,1.9599999,
,,,70.560003223E-6,1.9200000,
,,,70.599999162E-6,1.9599999,
,,,70.640002377E-6,2.0000000,
,,,70.679998316E-6,1.9599999,
,,,70.720001531E-6,1.9599999,
,,,70.759997470E-6,2.0000000,
,,,70.800000685E-6,2.0000000,
,,,70.839996624E-6,2.0000000,
,,,70.879999839E-6,1.9599999,
,,,70.920003054E-6,1.9599999,
,,,70.959998993E-6,1.9200000,
,,,71.000002208E-6,1.9599999,
,,,71.039998147E-6,1.9599999,
,,,71.080001362E-6,1.9599999,
,,,71.119997301E-6,1.9599999,
,,,71.160000516E-6,1.9200000,
