Record Length,2500,Points,-376.00000269E-9,79.999998212E-3,
Sample Interval,400.00000370E-12,s,-375.59999555E-9,79.999998212E-3,
Trigger Point,939.999994171,Samples,-375.20001683E-9,39.99999911E-3,
,,,-374.80000969E-9,39.99999911E-3,
,,,-374.40000256E-9,39.99999911E-3,
,,,-373.99999542E-9,0.0,
Source,CH1,,-373.60001670E-9,0.0,
Vertical Units,Volts,,-373.20000956E-9,0.0,
Vertical Scale,999.999977648E-3,,-372.80000242E-9,0.0,
Vertical Offset,0,,-372.39999529E-9,0.0,
Horizontal Units,s,,-372.00001657E-9,0.0,
Horizontal Scale,100.0000013E-9,,-371.60000943E-9,0.0,
Pt Fmt,Y,,-371.20000229E-9,0.0,
Yzero,0.0,,-370.79999515E-9,0.0,
Probe Atten,1.000000,,-370.40001644E-9,0.0,
,,,-370.00000930E-9,0.0,
Note,TBS 1052B-EDU - 02:36:42 p.m.   29/08/2022,,-369.60000216E-9,0.0,
,,,-369.19999502E-9,0.0,
,,,-368.80001630E-9,0.0,
,,,-368.40000917E-9,0.0,
,,,-368.00000203E-9,0.0,
,,,-367.59999489E-9,0.0,
,,,-367.20001617E-9,39.99999911E-3,
,,,-366.80000903E-9,39.99999911E-3,
,,,-366.40000189E-9,39.99999911E-3,
,,,-365.99999476E-9,39.99999911E-3,
,,,-365.60001604E-9,39.99999911E-3,
,,,-365.20000890E-9,0.0,
,,,-364.80000176E-9,0.0,
,,,-364.39999462E-9,0.0,
,,,-364.00001591E-9,-39.99999911E-3,
,,,-363.60000877E-9,0.0,
,,,-363.20000163E-9,0.0,
,,,-362.79999449E-9,0.0,
,,,-362.40001577E-9,39.99999911E-3,
,,,-362.00000864E-9,39.99999911E-3,
,,,-361.60000150E-9,39.99999911E-3,
,,,-361.19999436E-9,39.99999911E-3,
,,,-360.80001564E-9,39.99999911E-3,
,,,-360.40000850E-9,39.99999911E-3,
,,,-360.00000136E-9,0.0,
,,,-359.59999423E-9,0.0,
,,,-359.20001551E-9,0.0,
,,,-358.80000837E-9,0.0,
,,,-358.40000123E-9,39.99999911E-3,
,,,-357.99999409E-9,39.99999911E-3,
,,,-357.60001538E-9,39.99999911E-3,
,,,-357.20000824E-9,0.0,
,,,-356.80000110E-9,0.0,
,,,-356.39999396E-9,0.0,
,,,-356.00001524E-9,-39.99999911E-3,
,,,-355.60000811E-9,-39.99999911E-3,
,,,-355.20000097E-9,0.0,
,,,-354.79999383E-9,39.99999911E-3,
,,,-354.40001511E-9,79.999998212E-3,
,,,-354.00000797E-9,39.99999911E-3,
,,,-353.60000084E-9,39.99999911E-3,
,,,-353.19999370E-9,39.99999911E-3,
,,,-352.80001498E-9,0.0,
,,,-352.40000784E-9,39.99999911E-3,
,,,-352.00000070E-9,39.99999911E-3,
,,,-351.59999356E-9,39.99999911E-3,
,,,-351.20001485E-9,79.999998212E-3,
,,,-350.80000771E-9,79.999998212E-3,
,,,-350.40000057E-9,79.999998212E-3,
,,,-349.99999343E-9,39.99999911E-3,
,,,-349.60001472E-9,0.0,
,,,-349.20000758E-9,0.0,
,,,-348.80000044E-9,0.0,
,,,-348.39999330E-9,39.99999911E-3,
,,,-348.00001458E-9,0.0,
,,,-347.60000744E-9,0.0,
,,,-347.20000031E-9,0.0,
,,,-346.79999317E-9,-39.99999911E-3,
,,,-346.40001445E-9,0.0,
,,,-346.00000731E-9,0.0,
,,,-345.60000017E-9,0.0,
,,,-345.19999303E-9,39.99999911E-3,
,,,-344.80001432E-9,39.99999911E-3,
,,,-344.40000718E-9,39.99999911E-3,
,,,-344.00000004E-9,0.0,
,,,-343.59999290E-9,0.0,
,,,-343.20001419E-9,0.0,
,,,-342.80000705E-9,-39.99999911E-3,
,,,-342.39999991E-9,0.0,
,,,-341.99999277E-9,0.0,
,,,-341.60001405E-9,0.0,
,,,-341.20000691E-9,39.99999911E-3,
,,,-340.79999978E-9,39.99999911E-3,
,,,-340.39999264E-9,39.99999911E-3,
,,,-340.00001392E-9,39.99999911E-3,
,,,-339.60000678E-9,39.99999911E-3,
,,,-339.19999964E-9,39.99999911E-3,
,,,-338.79999251E-9,39.99999911E-3,
,,,-338.40001379E-9,39.99999911E-3,
,,,-338.00000665E-9,39.99999911E-3,
,,,-337.59999951E-9,39.99999911E-3,
,,,-337.19999237E-9,0.0,
,,,-336.80001366E-9,0.0,
,,,-336.40000652E-9,0.0,
,,,-335.99999938E-9,-39.99999911E-3,
,,,-335.59999224E-9,0.0,
,,,-335.20001352E-9,0.0,
,,,-334.80000639E-9,0.0,
,,,-334.39999925E-9,39.99999911E-3,
,,,-333.99999211E-9,39.99999911E-3,
,,,-333.60001339E-9,39.99999911E-3,
,,,-333.20000625E-9,0.0,
,,,-332.79999911E-9,0.0,
,,,-332.39999198E-9,0.0,
,,,-332.00001326E-9,-39.99999911E-3,
,,,-331.60000612E-9,0.0,
,,,-331.19999898E-9,0.0,
,,,-330.79999184E-9,0.0,
,,,-330.40001313E-9,39.99999911E-3,
,,,-330.00000599E-9,39.99999911E-3,
,,,-329.59999885E-9,39.99999911E-3,
,,,-329.19999171E-9,39.99999911E-3,
,,,-328.80001299E-9,39.99999911E-3,
,,,-328.40000586E-9,39.99999911E-3,
,,,-327.99999872E-9,39.99999911E-3,
,,,-327.59999158E-9,39.99999911E-3,
,,,-327.20001286E-9,39.99999911E-3,
,,,-326.80000572E-9,39.99999911E-3,
,,,-326.39999858E-9,39.99999911E-3,
,,,-325.99999145E-9,0.0,
,,,-325.60001273E-9,0.0,
,,,-325.20000559E-9,0.0,
,,,-324.79999845E-9,0.0,
,,,-324.39999131E-9,39.99999911E-3,
,,,-324.00001260E-9,0.0,
,,,-323.60000546E-9,0.0,
,,,-323.19999832E-9,0.0,
,,,-322.79999118E-9,-39.99999911E-3,
,,,-322.40001246E-9,0.0,
,,,-322.00000533E-9,0.0,
,,,-321.59999819E-9,0.0,
,,,-321.19999105E-9,39.99999911E-3,
,,,-320.80001233E-9,39.99999911E-3,
,,,-320.40000519E-9,79.999998212E-3,
,,,-319.99999806E-9,39.99999911E-3,
,,,-319.59999092E-9,39.99999911E-3,
,,,-319.20001220E-9,39.99999911E-3,
,,,-318.80000506E-9,0.0,
,,,-318.39999792E-9,39.99999911E-3,
,,,-317.99999078E-9,39.99999911E-3,
,,,-317.60001207E-9,39.99999911E-3,
,,,-317.20000493E-9,39.99999911E-3,
,,,-316.79999779E-9,39.99999911E-3,
,,,-316.39999065E-9,39.99999911E-3,
,,,-316.00001194E-9,39.99999911E-3,
,,,-315.60000480E-9,39.99999911E-3,
,,,-315.19999766E-9,39.99999911E-3,
,,,-314.79999052E-9,39.99999911E-3,
,,,-314.40001180E-9,39.99999911E-3,
,,,-314.00000466E-9,39.99999911E-3,
,,,-313.59999753E-9,39.99999911E-3,
,,,-313.19999039E-9,0.0,
,,,-312.80001167E-9,0.0,
,,,-312.40000453E-9,0.0,
,,,-311.99999739E-9,0.0,
,,,-311.59999025E-9,0.0,
,,,-311.20001154E-9,0.0,
,,,-310.80000440E-9,0.0,
,,,-310.39999726E-9,0.0,
,,,-309.99999012E-9,0.0,
,,,-309.60001141E-9,0.0,
,,,-309.20000427E-9,39.99999911E-3,
,,,-308.79999713E-9,39.99999911E-3,
,,,-308.39998999E-9,39.99999911E-3,
,,,-308.00001127E-9,0.0,
,,,-307.60000413E-9,0.0,
,,,-307.19999700E-9,0.0,
,,,-306.79998986E-9,-39.99999911E-3,
,,,-306.40001114E-9,0.0,
,,,-306.00000400E-9,0.0,
,,,-305.59999686E-9,0.0,
,,,-305.19998973E-9,39.99999911E-3,
,,,-304.80001101E-9,39.99999911E-3,
,,,-304.40000387E-9,39.99999911E-3,
,,,-303.99999673E-9,0.0,
,,,-303.59998959E-9,0.0,
,,,-303.20001088E-9,-39.99999911E-3,
,,,-302.80000374E-9,-39.99999911E-3,
,,,-302.39999660E-9,0.0,
,,,-301.99998946E-9,0.0,
,,,-301.60001074E-9,39.99999911E-3,
,,,-301.20000361E-9,79.999998212E-3,
,,,-300.79999647E-9,39.99999911E-3,
,,,-300.39998933E-9,39.99999911E-3,
,,,-300.00001061E-9,39.99999911E-3,
,,,-299.60000347E-9,39.99999911E-3,
,,,-299.19999633E-9,0.0,
,,,-298.79998920E-9,0.0,
,,,-298.40001048E-9,0.0,
,,,-298.00000334E-9,-39.99999911E-3,
,,,-297.59999620E-9,0.0,
,,,-297.19998906E-9,0.0,
,,,-296.80001035E-9,0.0,
,,,-296.40000321E-9,39.99999911E-3,
,,,-295.99999607E-9,39.99999911E-3,
,,,-295.59998893E-9,79.999998212E-3,
,,,-295.20001021E-9,39.99999911E-3,
,,,-294.80000308E-9,39.99999911E-3,
,,,-294.39999594E-9,39.99999911E-3,
,,,-293.99998880E-9,39.99999911E-3,
,,,-293.60001008E-9,39.99999911E-3,
,,,-293.20000294E-9,39.99999911E-3,
,,,-292.79999580E-9,39.99999911E-3,
,,,-292.39998867E-9,39.99999911E-3,
,,,-292.00000995E-9,0.0,
,,,-291.60000281E-9,0.0,
,,,-291.19999567E-9,0.0,
,,,-290.79998853E-9,0.0,
,,,-290.40000982E-9,39.99999911E-3,
,,,-290.00000268E-9,0.0,
,,,-289.59999554E-9,0.0,
,,,-289.19998840E-9,0.0,
,,,-288.80000968E-9,0.0,
,,,-288.40000255E-9,39.99999911E-3,
,,,-287.99999541E-9,39.99999911E-3,
,,,-287.59998827E-9,39.99999911E-3,
,,,-287.20000955E-9,0.0,
,,,-286.80000241E-9,0.0,
,,,-286.39999528E-9,0.0,
,,,-285.99998814E-9,0.0,
,,,-285.60000942E-9,0.0,
,,,-285.20000228E-9,39.99999911E-3,
,,,-284.79999514E-9,39.99999911E-3,
,,,-284.39998800E-9,79.999998212E-3,
,,,-284.00000929E-9,39.99999911E-3,
,,,-283.60000215E-9,39.99999911E-3,
,,,-283.19999501E-9,39.99999911E-3,
,,,-282.79998787E-9,39.99999911E-3,
,,,-282.40000916E-9,39.99999911E-3,
,,,-282.00000202E-9,0.0,
,,,-281.59999488E-9,0.0,
,,,-281.19998774E-9,0.0,
,,,-280.80000902E-9,0.0,
,,,-280.40000188E-9,39.99999911E-3,
,,,-279.99999475E-9,39.99999911E-3,
,,,-279.59998761E-9,39.99999911E-3,
,,,-279.20000889E-9,0.0,
,,,-278.80000175E-9,0.0,
,,,-278.39999461E-9,0.0,
,,,-277.99998747E-9,0.0,
,,,-277.60000876E-9,0.0,
,,,-277.20000162E-9,0.0,
,,,-276.79999448E-9,0.0,
,,,-276.39998734E-9,0.0,
,,,-276.00000863E-9,0.0,
,,,-275.60000149E-9,0.0,
,,,-275.19999435E-9,0.0,
,,,-274.79998721E-9,0.0,
,,,-274.40000849E-9,0.0,
,,,-274.00000135E-9,0.0,
,,,-273.59999422E-9,0.0,
,,,-273.20001550E-9,0.0,
,,,-272.80000836E-9,0.0,
,,,-272.40000122E-9,0.0,
,,,-271.99999408E-9,-39.99999911E-3,
,,,-271.60001537E-9,0.0,
,,,-271.20000823E-9,0.0,
,,,-270.80000109E-9,0.0,
,,,-270.39999395E-9,39.99999911E-3,
,,,-270.00001523E-9,39.99999911E-3,
,,,-269.60000810E-9,39.99999911E-3,
,,,-269.20000096E-9,0.0,
,,,-268.79999382E-9,0.0,
,,,-268.40001510E-9,0.0,
,,,-268.00000796E-9,-39.99999911E-3,
,,,-267.60000083E-9,0.0,
,,,-267.19999369E-9,0.0,
,,,-266.80001497E-9,0.0,
,,,-266.40000783E-9,39.99999911E-3,
,,,-266.00000069E-9,39.99999911E-3,
,,,-265.59999355E-9,39.99999911E-3,
,,,-265.20001484E-9,39.99999911E-3,
,,,-264.80000770E-9,39.99999911E-3,
,,,-264.40000056E-9,79.999998212E-3,
,,,-263.99999342E-9,79.999998212E-3,
,,,-263.60001470E-9,79.999998212E-3,
,,,-263.20000757E-9,39.99999911E-3,
,,,-262.80000043E-9,0.0,
,,,-262.39999329E-9,0.0,
,,,-262.00001457E-9,-39.99999911E-3,
,,,-261.60000743E-9,0.0,
,,,-261.20000030E-9,0.0,
,,,-260.79999316E-9,0.0,
,,,-260.40001444E-9,0.0,
,,,-260.00000730E-9,0.0,
,,,-259.60000016E-9,0.0,
,,,-259.19999302E-9,0.0,
,,,-258.80001431E-9,0.0,
,,,-258.40000717E-9,39.99999911E-3,
,,,-258.00000003E-9,39.99999911E-3,
,,,-257.59999289E-9,39.99999911E-3,
,,,-257.20001418E-9,0.0,
,,,-256.80000704E-9,0.0,
,,,-256.39999990E-9,0.0,
,,,-255.99999276E-9,0.0,
,,,-255.60001404E-9,0.0,
,,,-255.20000690E-9,0.0,
,,,-254.79999977E-9,0.0,
,,,-254.39999263E-9,0.0,
,,,-254.00001391E-9,-39.99999911E-3,
,,,-253.60000677E-9,0.0,
,,,-253.19999963E-9,0.0,
,,,-252.79999250E-9,0.0,
,,,-252.40001378E-9,39.99999911E-3,
,,,-252.00000664E-9,39.99999911E-3,
,,,-251.59999950E-9,39.99999911E-3,
,,,-251.19999236E-9,79.999998212E-3,
,,,-250.80001365E-9,79.999998212E-3,
,,,-250.40000651E-9,79.999998212E-3,
,,,-249.99999937E-9,79.999998212E-3,
,,,-249.59999223E-9,79.999998212E-3,
,,,-249.20001351E-9,79.999998212E-3,
,,,-248.80000637E-9,79.999998212E-3,
,,,-248.39999924E-9,119.9999973E-3,
,,,-247.99999210E-9,119.9999973E-3,
,,,-247.60001338E-9,119.9999973E-3,
,,,-247.20000624E-9,119.9999973E-3,
,,,-246.79999910E-9,119.9999973E-3,
,,,-246.39999197E-9,119.9999973E-3,
,,,-246.00001325E-9,119.9999973E-3,
,,,-245.60000611E-9,119.9999973E-3,
,,,-245.19999897E-9,159.99999642E-3,
,,,-244.79999183E-9,159.99999642E-3,
,,,-244.40001312E-9,199.99998808E-3,
,,,-244.00000598E-9,199.99998808E-3,
,,,-243.59999884E-9,199.99998808E-3,
,,,-243.19999170E-9,159.99999642E-3,
,,,-242.80001298E-9,159.99999642E-3,
,,,-242.40000585E-9,159.99999642E-3,
,,,-241.99999871E-9,119.9999973E-3,
,,,-241.59999157E-9,119.9999973E-3,
,,,-241.20001285E-9,119.9999973E-3,
,,,-240.80000571E-9,119.9999973E-3,
,,,-240.39999857E-9,119.9999973E-3,
,,,-239.99999144E-9,79.999998212E-3,
,,,-239.60001272E-9,79.999998212E-3,
,,,-239.20000558E-9,79.999998212E-3,
,,,-238.79999844E-9,79.999998212E-3,
,,,-238.40000551E-9,79.999998212E-3,
,,,-237.99999838E-9,39.99999911E-3,
,,,-237.60000545E-9,39.99999911E-3,
,,,-237.19999831E-9,39.99999911E-3,
,,,-236.80000538E-9,39.99999911E-3,
,,,-236.39999824E-9,39.99999911E-3,
,,,-236.00000532E-9,39.99999911E-3,
,,,-235.59999818E-9,39.99999911E-3,
,,,-235.20000525E-9,39.99999911E-3,
,,,-234.79999811E-9,39.99999911E-3,
,,,-234.40000518E-9,79.999998212E-3,
,,,-233.99999804E-9,79.999998212E-3,
,,,-233.60000512E-9,79.999998212E-3,
,,,-233.19999798E-9,79.999998212E-3,
,,,-232.80000505E-9,79.999998212E-3,
,,,-232.39999791E-9,119.9999973E-3,
,,,-232.00000498E-9,119.9999973E-3,
,,,-231.59999785E-9,119.9999973E-3,
,,,-231.20000492E-9,119.9999973E-3,
,,,-230.79999778E-9,119.9999973E-3,
,,,-230.40000485E-9,119.9999973E-3,
,,,-229.99999771E-9,119.9999973E-3,
,,,-229.60000479E-9,119.9999973E-3,
,,,-229.19999765E-9,159.99999642E-3,
,,,-228.80000472E-9,159.99999642E-3,
,,,-228.39999758E-9,159.99999642E-3,
,,,-228.00000465E-9,159.99999642E-3,
,,,-227.59999752E-9,159.99999642E-3,
,,,-227.20000459E-9,159.99999642E-3,
,,,-226.79999745E-9,159.99999642E-3,
,,,-226.40000452E-9,159.99999642E-3,
,,,-225.99999738E-9,159.99999642E-3,
,,,-225.60000446E-9,159.99999642E-3,
,,,-225.19999732E-9,159.99999642E-3,
,,,-224.80000439E-9,159.99999642E-3,
,,,-224.39999725E-9,159.99999642E-3,
,,,-224.00000432E-9,119.9999973E-3,
,,,-223.59999718E-9,119.9999973E-3,
,,,-223.20000426E-9,119.9999973E-3,
,,,-222.79999712E-9,119.9999973E-3,
,,,-222.40000419E-9,159.99999642E-3,
,,,-221.99999705E-9,119.9999973E-3,
,,,-221.60000412E-9,119.9999973E-3,
,,,-221.19999699E-9,119.9999973E-3,
,,,-220.80000406E-9,79.999998212E-3,
,,,-220.39999692E-9,119.9999973E-3,
,,,-220.00000399E-9,119.9999973E-3,
,,,-219.59999685E-9,119.9999973E-3,
,,,-219.20000393E-9,159.99999642E-3,
,,,-218.79999679E-9,159.99999642E-3,
,,,-218.40000386E-9,159.99999642E-3,
,,,-217.99999672E-9,119.9999973E-3,
,,,-217.60000379E-9,119.9999973E-3,
,,,-217.19999665E-9,119.9999973E-3,
,,,-216.80000373E-9,79.999998212E-3,
,,,-216.39999659E-9,119.9999973E-3,
,,,-216.00000366E-9,119.9999973E-3,
,,,-215.59999652E-9,119.9999973E-3,
,,,-215.20000359E-9,159.99999642E-3,
,,,-214.79999646E-9,159.99999642E-3,
,,,-214.40000353E-9,159.99999642E-3,
,,,-213.99999639E-9,159.99999642E-3,
,,,-213.60000346E-9,159.99999642E-3,
,,,-213.19999632E-9,159.99999642E-3,
,,,-212.80000340E-9,159.99999642E-3,
,,,-212.39999626E-9,159.99999642E-3,
,,,-212.00000333E-9,159.99999642E-3,
,,,-211.59999619E-9,159.99999642E-3,
,,,-211.20000326E-9,159.99999642E-3,
,,,-210.79999613E-9,159.99999642E-3,
,,,-210.40000320E-9,159.99999642E-3,
,,,-209.99999606E-9,159.99999642E-3,
,,,-209.60000313E-9,159.99999642E-3,
,,,-209.19999599E-9,199.99998808E-3,
,,,-208.80000307E-9,199.99998808E-3,
,,,-208.39999593E-9,199.99998808E-3,
,,,-208.00000300E-9,159.99999642E-3,
,,,-207.59999586E-9,159.99999642E-3,
,,,-207.20000293E-9,159.99999642E-3,
,,,-206.79999579E-9,159.99999642E-3,
,,,-206.40000287E-9,199.99998808E-3,
,,,-205.99999573E-9,199.99998808E-3,
,,,-205.60000280E-9,199.99998808E-3,
,,,-205.19999566E-9,159.99999642E-3,
,,,-204.80000273E-9,159.99999642E-3,
,,,-204.39999560E-9,159.99999642E-3,
,,,-204.00000267E-9,159.99999642E-3,
,,,-203.59999553E-9,159.99999642E-3,
,,,-203.20000260E-9,159.99999642E-3,
,,,-202.79999546E-9,159.99999642E-3,
,,,-202.40000254E-9,159.99999642E-3,
,,,-201.99999540E-9,159.99999642E-3,
,,,-201.60000247E-9,159.99999642E-3,
,,,-201.19999533E-9,199.99998808E-3,
,,,-200.80000240E-9,199.99998808E-3,
,,,-200.39999526E-9,199.99998808E-3,
,,,-200.00000234E-9,159.99999642E-3,
,,,-199.59999520E-9,159.99999642E-3,
,,,-199.20000227E-9,159.99999642E-3,
,,,-198.79999513E-9,119.9999973E-3,
,,,-198.40000220E-9,159.99999642E-3,
,,,-197.99999507E-9,159.99999642E-3,
,,,-197.60000214E-9,159.99999642E-3,
,,,-197.19999500E-9,199.99998808E-3,
,,,-196.80000207E-9,199.99998808E-3,
,,,-196.39999493E-9,239.99999464E-3,
,,,-196.00000201E-9,239.99999464E-3,
,,,-195.59999487E-9,239.99999464E-3,
,,,-195.20000194E-9,199.99998808E-3,
,,,-194.79999480E-9,199.99998808E-3,
,,,-194.40000187E-9,199.99998808E-3,
,,,-193.99999474E-9,159.99999642E-3,
,,,-193.60000181E-9,199.99998808E-3,
,,,-193.19999467E-9,199.99998808E-3,
,,,-192.80000174E-9,199.99998808E-3,
,,,-192.39999460E-9,239.99999464E-3,
,,,-192.00000168E-9,239.99999464E-3,
,,,-191.59999454E-9,239.99999464E-3,
,,,-191.20000161E-9,239.99999464E-3,
,,,-190.79999447E-9,239.99999464E-3,
,,,-190.40000154E-9,239.99999464E-3,
,,,-189.99999440E-9,239.99999464E-3,
,,,-189.60000148E-9,239.99999464E-3,
,,,-189.19999434E-9,280.00000119E-3,
,,,-188.80000141E-9,280.00000119E-3,
,,,-188.39999427E-9,280.00000119E-3,
,,,-188.00000134E-9,280.00000119E-3,
,,,-187.59999421E-9,280.00000119E-3,
,,,-187.20000128E-9,280.00000119E-3,
,,,-186.79999414E-9,280.00000119E-3,
,,,-186.40000121E-9,280.00000119E-3,
,,,-185.99999407E-9,280.00000119E-3,
,,,-185.60000115E-9,280.00000119E-3,
,,,-185.19999401E-9,280.00000119E-3,
,,,-184.80000108E-9,280.00000119E-3,
,,,-184.39999394E-9,280.00000119E-3,
,,,-184.00000101E-9,280.00000119E-3,
,,,-183.59999387E-9,280.00000119E-3,
,,,-183.20000095E-9,280.00000119E-3,
,,,-182.79999381E-9,280.00000119E-3,
,,,-182.40000088E-9,280.00000119E-3,
,,,-181.99999374E-9,280.00000119E-3,
,,,-181.60000081E-9,280.00000119E-3,
,,,-181.19999368E-9,280.00000119E-3,
,,,-180.80000075E-9,280.00000119E-3,
,,,-180.39999361E-9,319.99999285E-3,
,,,-180.00000068E-9,319.99999285E-3,
,,,-179.59999354E-9,319.99999285E-3,
,,,-179.20000062E-9,280.00000119E-3,
,,,-178.79999348E-9,280.00000119E-3,
,,,-178.40000055E-9,280.00000119E-3,
,,,-177.99999341E-9,280.00000119E-3,
,,,-177.60000048E-9,280.00000119E-3,
,,,-177.19999335E-9,280.00000119E-3,
,,,-176.80000042E-9,280.00000119E-3,
,,,-176.39999328E-9,280.00000119E-3,
,,,-176.00000035E-9,239.99999464E-3,
,,,-175.59999321E-9,239.99999464E-3,
,,,-175.20000029E-9,280.00000119E-3,
,,,-174.79999315E-9,319.99999285E-3,
,,,-174.40000022E-9,359.99998450E-3,
,,,-173.99999308E-9,359.99998450E-3,
,,,-173.60000015E-9,359.99998450E-3,
,,,-173.19999301E-9,359.99998450E-3,
,,,-172.80000009E-9,359.99998450E-3,
,,,-172.39999295E-9,359.99998450E-3,
,,,-172.00000002E-9,359.99998450E-3,
,,,-171.59999288E-9,359.99998450E-3,
,,,-171.19999995E-9,359.99998450E-3,
,,,-170.80000703E-9,359.99998450E-3,
,,,-170.39999989E-9,359.99998450E-3,
,,,-170.00000696E-9,319.99999285E-3,
,,,-169.59999982E-9,319.99999285E-3,
,,,-169.20000689E-9,319.99999285E-3,
,,,-168.79999976E-9,280.00000119E-3,
,,,-168.40000683E-9,319.99999285E-3,
,,,-167.99999969E-9,319.99999285E-3,
,,,-167.60000676E-9,319.99999285E-3,
,,,-167.19999962E-9,359.99998450E-3,
,,,-166.80000670E-9,359.99998450E-3,
,,,-166.39999956E-9,399.99997616E-3,
,,,-166.00000663E-9,359.99998450E-3,
,,,-165.59999949E-9,359.99998450E-3,
,,,-165.20000656E-9,319.99999285E-3,
,,,-164.79999942E-9,319.99999285E-3,
,,,-164.40000650E-9,319.99999285E-3,
,,,-163.99999936E-9,319.99999285E-3,
,,,-163.60000643E-9,359.99998450E-3,
,,,-163.19999929E-9,399.99997616E-3,
,,,-162.80000636E-9,399.99997616E-3,
,,,-162.39999923E-9,399.99997616E-3,
,,,-162.00000630E-9,399.99997616E-3,
,,,-161.59999916E-9,399.99997616E-3,
,,,-161.20000623E-9,399.99997616E-3,
,,,-160.79999909E-9,399.99997616E-3,
,,,-160.40000617E-9,399.99997616E-3,
,,,-159.99999903E-9,359.99998450E-3,
,,,-159.60000610E-9,359.99998450E-3,
,,,-159.19999896E-9,359.99998450E-3,
,,,-158.80000603E-9,319.99999285E-3,
,,,-158.39999890E-9,359.99998450E-3,
,,,-158.00000597E-9,359.99998450E-3,
,,,-157.59999883E-9,359.99998450E-3,
,,,-157.20000590E-9,399.99997616E-3,
,,,-156.79999876E-9,399.99997616E-3,
,,,-156.40000584E-9,399.99997616E-3,
,,,-155.99999870E-9,399.99997616E-3,
,,,-155.60000577E-9,399.99997616E-3,
,,,-155.19999863E-9,439.999997616E-3,
,,,-154.80000570E-9,439.999997616E-3,
,,,-154.39999856E-9,439.999997616E-3,
,,,-154.00000564E-9,439.999997616E-3,
,,,-153.59999850E-9,439.999997616E-3,
,,,-153.20000557E-9,439.999997616E-3,
,,,-152.79999843E-9,439.999997616E-3,
,,,-152.40000550E-9,439.999997616E-3,
,,,-151.99999837E-9,439.999997616E-3,
,,,-151.60000544E-9,439.999997616E-3,
,,,-151.19999830E-9,439.999997616E-3,
,,,-150.80000537E-9,439.999997616E-3,
,,,-150.39999823E-9,479.999989271E-3,
,,,-150.00000531E-9,479.999989271E-3,
,,,-149.59999817E-9,479.999989271E-3,
,,,-149.20000524E-9,479.999989271E-3,
,,,-148.79999810E-9,479.999989271E-3,
,,,-148.4000052E-9,479.999989271E-3,
,,,-147.9999980E-9,439.999997616E-3,
,,,-147.6000051E-9,439.999997616E-3,
,,,-147.1999980E-9,439.999997616E-3,
,,,-146.8000050E-9,439.999997616E-3,
,,,-146.3999979E-9,479.999989271E-3,
,,,-146.0000050E-9,479.999989271E-3,
,,,-145.5999978E-9,479.999989271E-3,
,,,-145.2000049E-9,479.999989271E-3,
,,,-144.7999978E-9,479.999989271E-3,
,,,-144.4000048E-9,519.999980927E-3,
,,,-143.9999977E-9,479.999989271E-3,
,,,-143.6000048E-9,479.999989271E-3,
,,,-143.1999976E-9,439.999997616E-3,
,,,-142.8000047E-9,439.999997616E-3,
,,,-142.3999976E-9,479.999989271E-3,
,,,-142.0000046E-9,479.999989271E-3,
,,,-141.5999975E-9,519.999980927E-3,
,,,-141.2000046E-9,560.000002384E-3,
,,,-140.7999974E-9,519.999980927E-3,
,,,-140.4000045E-9,519.999980927E-3,
,,,-139.9999974E-9,479.999989271E-3,
,,,-139.6000044E-9,479.999989271E-3,
,,,-139.1999973E-9,479.999989271E-3,
,,,-138.8000044E-9,479.999989271E-3,
,,,-138.3999972E-9,519.999980927E-3,
,,,-138.0000043E-9,519.999980927E-3,
,,,-137.5999972E-9,519.999980927E-3,
,,,-137.2000042E-9,479.999989271E-3,
,,,-136.7999971E-9,479.999989271E-3,
,,,-136.4000042E-9,479.999989271E-3,
,,,-135.9999970E-9,439.999997616E-3,
,,,-135.6000041E-9,479.999989271E-3,
,,,-135.1999970E-9,479.999989271E-3,
,,,-134.8000040E-9,479.999989271E-3,
,,,-134.3999969E-9,519.999980927E-3,
,,,-134.0000040E-9,519.999980927E-3,
,,,-133.5999968E-9,519.999980927E-3,
,,,-133.2000039E-9,519.999980927E-3,
,,,-132.7999968E-9,519.999980927E-3,
,,,-132.4000038E-9,519.999980927E-3,
,,,-131.9999967E-9,519.999980927E-3,
,,,-131.6000038E-9,519.999980927E-3,
,,,-131.1999966E-9,519.999980927E-3,
,,,-130.8000037E-9,519.999980927E-3,
,,,-130.3999966E-9,560.000002384E-3,
,,,-130.0000037E-9,560.000002384E-3,
,,,-129.5999965E-9,560.000002384E-3,
,,,-129.2000036E-9,560.000002384E-3,
,,,-128.7999964E-9,560.000002384E-3,
,,,-128.4000035E-9,560.000002384E-3,
,,,-127.9999964E-9,560.000002384E-3,
,,,-127.6000035E-9,560.000002384E-3,
,,,-127.1999963E-9,560.000002384E-3,
,,,-126.8000034E-9,560.000002384E-3,
,,,-126.3999962E-9,560.000002384E-3,
,,,-126.0000033E-9,560.000002384E-3,
,,,-125.5999962E-9,560.000002384E-3,
,,,-125.2000033E-9,560.000002384E-3,
,,,-124.7999961E-9,560.000002384E-3,
,,,-124.4000032E-9,560.000002384E-3,
,,,-123.9999960E-9,560.000002384E-3,
,,,-123.6000031E-9,560.000002384E-3,
,,,-123.1999960E-9,599.999964237E-3,
,,,-122.8000031E-9,599.999964237E-3,
,,,-122.3999959E-9,599.999964237E-3,
,,,-122.0000030E-9,599.999964237E-3,
,,,-121.5999959E-9,599.999964237E-3,
,,,-121.2000029E-9,599.999964237E-3,
,,,-120.7999958E-9,599.999964237E-3,
,,,-120.4000029E-9,599.999964237E-3,
,,,-119.9999957E-9,560.000002384E-3,
,,,-119.6000028E-9,599.999964237E-3,
,,,-119.2000028E-9,599.999964237E-3,
,,,-118.8000027E-9,599.999964237E-3,
,,,-118.4000027E-9,639.999985695E-3,
,,,-118.0000027E-9,639.999985695E-3,
,,,-117.6000026E-9,680.000007153E-3,
,,,-117.2000026E-9,639.999985695E-3,
,,,-116.8000026E-9,639.999985695E-3,
,,,-116.4000025E-9,639.999985695E-3,
,,,-116.0000025E-9,639.999985695E-3,
,,,-115.6000025E-9,639.999985695E-3,
,,,-115.2000024E-9,599.999964237E-3,
,,,-114.8000024E-9,599.999964237E-3,
,,,-114.4000024E-9,599.999964237E-3,
,,,-114.0000023E-9,599.999964237E-3,
,,,-113.6000023E-9,599.999964237E-3,
,,,-113.2000023E-9,639.999985695E-3,
,,,-112.8000022E-9,639.999985695E-3,
,,,-112.4000022E-9,639.999985695E-3,
,,,-112.0000022E-9,639.999985695E-3,
,,,-111.6000021E-9,639.999985695E-3,
,,,-111.2000021E-9,639.999985695E-3,
,,,-110.8000021E-9,639.999985695E-3,
,,,-110.4000020E-9,639.999985695E-3,
,,,-110.0000020E-9,639.999985695E-3,
,,,-109.6000020E-9,639.999985695E-3,
,,,-109.2000019E-9,639.999985695E-3,
,,,-108.8000019E-9,639.999985695E-3,
,,,-108.4000019E-9,680.000007153E-3,
,,,-108.0000018E-9,680.000007153E-3,
,,,-107.6000018E-9,680.000007153E-3,
,,,-107.2000018E-9,680.000007153E-3,
,,,-106.8000017E-9,680.000007153E-3,
,,,-106.4000017E-9,719.999969006E-3,
,,,-106.0000017E-9,680.000007153E-3,
,,,-105.6000016E-9,680.000007153E-3,
,,,-105.2000016E-9,680.000007153E-3,
,,,-104.8000016E-9,680.000007153E-3,
,,,-104.4000015E-9,680.000007153E-3,
,,,-104.0000015E-9,680.000007153E-3,
,,,-103.6000015E-9,680.000007153E-3,
,,,-103.2000014E-9,680.000007153E-3,
,,,-102.8000014E-9,680.000007153E-3,
,,,-102.4000014E-9,719.999969006E-3,
,,,-102.0000013E-9,719.999969006E-3,
,,,-101.6000013E-9,719.999969006E-3,
,,,-101.2000013E-9,719.999969006E-3,
,,,-100.8000012E-9,719.999969006E-3,
,,,-100.4000012E-9,719.999969006E-3,
,,,-100.0000012E-9,680.000007153E-3,
,,,-99.600001136E-9,680.000007153E-3,
,,,-99.200001102E-9,680.000007153E-3,
,,,-98.800001069E-9,639.999985695E-3,
,,,-98.400001036E-9,680.000007153E-3,
,,,-98.000001003E-9,680.000007153E-3,
,,,-97.600000970E-9,680.000007153E-3,
,,,-97.200000937E-9,719.999969006E-3,
,,,-96.800000904E-9,719.999969006E-3,
,,,-96.400000871E-9,759.999990463E-3,
,,,-96.000000838E-9,759.999990463E-3,
,,,-95.600000805E-9,759.999990463E-3,
,,,-95.200000771E-9,719.999969006E-3,
,,,-94.800000738E-9,719.999969006E-3,
,,,-94.400000705E-9,719.999969006E-3,
,,,-94.000000672E-9,719.999969006E-3,
,,,-93.600000639E-9,719.999969006E-3,
,,,-93.200000606E-9,759.999990463E-3,
,,,-92.800000573E-9,759.999990463E-3,
,,,-92.400000540E-9,759.999990463E-3,
,,,-92.000000507E-9,759.999990463E-3,
,,,-91.600000474E-9,759.999990463E-3,
,,,-91.200000440E-9,759.999990463E-3,
,,,-90.800000407E-9,759.999990463E-3,
,,,-90.400000374E-9,759.999990463E-3,
,,,-90.000000341E-9,759.999990463E-3,
,,,-89.600000308E-9,759.999990463E-3,
,,,-89.200000275E-9,759.999990463E-3,
,,,-88.800000242E-9,759.999990463E-3,
,,,-88.400000209E-9,759.999990463E-3,
,,,-88.000000176E-9,759.999990463E-3,
,,,-87.600000143E-9,759.999990463E-3,
,,,-87.200000110E-9,759.999990463E-3,
,,,-86.800000076E-9,759.999990463E-3,
,,,-86.400000043E-9,759.999990463E-3,
,,,-86.000000010E-9,719.999969006E-3,
,,,-85.599999977E-9,759.999990463E-3,
,,,-85.199999944E-9,759.999990463E-3,
,,,-84.799999911E-9,759.999990463E-3,
,,,-84.399999878E-9,799.999952316E-3,
,,,-83.999999845E-9,799.999952316E-3,
,,,-83.599999812E-9,839.999973774E-3,
,,,-83.199999779E-9,799.999952316E-3,
,,,-82.799999745E-9,799.999952316E-3,
,,,-82.399999712E-9,799.999952316E-3,
,,,-81.999999679E-9,799.999952316E-3,
,,,-81.599999646E-9,799.999952316E-3,
,,,-81.199999613E-9,799.999952316E-3,
,,,-80.799999580E-9,799.999952316E-3,
,,,-80.399999547E-9,799.999952316E-3,
,,,-79.999999514E-9,799.999952316E-3,
,,,-79.599999481E-9,799.999952316E-3,
,,,-79.199999448E-9,799.999952316E-3,
,,,-78.799999415E-9,799.999952316E-3,
,,,-78.399999381E-9,799.999952316E-3,
,,,-77.999999348E-9,799.999952316E-3,
,,,-77.599999315E-9,799.999952316E-3,
,,,-77.199999282E-9,799.999952316E-3,
,,,-76.799999249E-9,799.999952316E-3,
,,,-76.399999216E-9,799.999952316E-3,
,,,-75.999999183E-9,759.999990463E-3,
,,,-75.599999150E-9,759.999990463E-3,
,,,-75.199999117E-9,799.999952316E-3,
,,,-74.799999084E-9,839.999973774E-3,
,,,-74.399999050E-9,879.999995232E-3,
,,,-73.999999017E-9,879.999995232E-3,
,,,-73.599998984E-9,879.999995232E-3,
,,,-73.199998951E-9,839.999973774E-3,
,,,-72.799998918E-9,839.999973774E-3,
,,,-72.399998885E-9,839.999973774E-3,
,,,-71.999998852E-9,839.999973774E-3,
,,,-71.599998819E-9,839.999973774E-3,
,,,-71.199998786E-9,879.999995232E-3,
,,,-70.799998753E-9,879.999995232E-3,
,,,-70.399998719E-9,879.999995232E-3,
,,,-69.999998686E-9,839.999973774E-3,
,,,-69.599998653E-9,839.999973774E-3,
,,,-69.199998620E-9,839.999973774E-3,
,,,-68.799998587E-9,839.999973774E-3,
,,,-68.399998554E-9,879.999995232E-3,
,,,-67.999998521E-9,879.999995232E-3,
,,,-67.599998488E-9,879.999995232E-3,
,,,-67.199998455E-9,879.999995232E-3,
,,,-66.799998422E-9,879.999995232E-3,
,,,-66.399998389E-9,879.999995232E-3,
,,,-65.999998355E-9,879.999995232E-3,
,,,-65.599998322E-9,879.999995232E-3,
,,,-65.199998289E-9,839.999973774E-3,
,,,-64.799998256E-9,839.999973774E-3,
,,,-64.399998223E-9,839.999973774E-3,
,,,-63.999998190E-9,839.999973774E-3,
,,,-63.599998157E-9,839.999973774E-3,
,,,-63.199998124E-9,839.999973774E-3,
,,,-62.799998091E-9,839.999973774E-3,
,,,-62.399998058E-9,839.999973774E-3,
,,,-61.999998024E-9,799.999952316E-3,
,,,-61.599997991E-9,799.999952316E-3,
,,,-61.199997958E-9,839.999973774E-3,
,,,-60.799997925E-9,879.999995232E-3,
,,,-60.399997892E-9,919.999957085E-3,
,,,-59.999997859E-9,919.999957085E-3,
,,,-59.599997826E-9,919.999957085E-3,
,,,-59.199997793E-9,919.999957085E-3,
,,,-58.799997760E-9,919.999957085E-3,
,,,-58.399997727E-9,919.999957085E-3,
,,,-57.999997694E-9,919.999957085E-3,
,,,-57.599997660E-9,919.999957085E-3,
,,,-57.199997627E-9,959.999978542E-3,
,,,-56.799997594E-9,959.999978542E-3,
,,,-56.399997561E-9,959.999978542E-3,
,,,-55.999997528E-9,919.999957085E-3,
,,,-55.599997495E-9,919.999957085E-3,
,,,-55.199997462E-9,919.999957085E-3,
,,,-54.799997429E-9,919.999957085E-3,
,,,-54.39999740E-9,919.999957085E-3,
,,,-53.99999736E-9,919.999957085E-3,
,,,-53.59999733E-9,919.999957085E-3,
,,,-53.19999730E-9,919.999957085E-3,
,,,-52.79999726E-9,919.999957085E-3,
,,,-52.39999723E-9,959.999978542E-3,
,,,-51.99999720E-9,959.999978542E-3,
,,,-51.59999716E-9,959.999978542E-3,
,,,-51.19999713E-9,959.999978542E-3,
,,,-50.79999710E-9,959.999978542E-3,
,,,-50.39999706E-9,1.000000,
,,,-49.99999703E-9,1.000000,
,,,-49.59999700E-9,1.000000,
,,,-49.19999697E-9,959.999978542E-3,
,,,-48.79999693E-9,959.999978542E-3,
,,,-48.39999690E-9,959.999978542E-3,
,,,-47.99999687E-9,959.999978542E-3,
,,,-47.59999683E-9,959.999978542E-3,
,,,-47.19999680E-9,959.999978542E-3,
,,,-46.79999677E-9,959.999978542E-3,
,,,-46.39999673E-9,959.999978542E-3,
,,,-45.99999670E-9,959.999978542E-3,
,,,-45.59999667E-9,959.999978542E-3,
,,,-45.19999663E-9,959.999978542E-3,
,,,-44.79999660E-9,959.999978542E-3,
,,,-44.39999657E-9,959.999978542E-3,
,,,-43.99999654E-9,959.999978542E-3,
,,,-43.59999650E-9,959.999978542E-3,
,,,-43.19999647E-9,959.999978542E-3,
,,,-42.79999999E-9,959.999978542E-3,
,,,-42.39999996E-9,959.999978542E-3,
,,,-41.99999992E-9,959.999978542E-3,
,,,-41.59999989E-9,959.999978542E-3,
,,,-41.19999986E-9,1.000000,
,,,-40.79999982E-9,1.000000,
,,,-40.39999979E-9,1.000000,
,,,-39.99999976E-9,959.999978542E-3,
,,,-39.59999972E-9,959.999978542E-3,
,,,-39.19999969E-9,959.999978542E-3,
,,,-38.79999966E-9,919.999957085E-3,
,,,-38.39999962E-9,959.999978542E-3,
,,,-37.99999959E-9,959.999978542E-3,
,,,-37.59999956E-9,959.999978542E-3,
,,,-37.19999953E-9,1.000000,
,,,-36.79999949E-9,1.000000,
,,,-36.39999946E-9,1.000000,
,,,-35.99999943E-9,1.000000,
,,,-35.59999939E-9,1.000000,
,,,-35.19999936E-9,1.000000,
,,,-34.79999933E-9,1.000000,
,,,-34.39999929E-9,1.000000,
,,,-33.99999926E-9,959.999978542E-3,
,,,-33.59999923E-9,1.000000,
,,,-33.19999919E-9,1.000000,
,,,-32.79999916E-9,1.000000,
,,,-32.39999913E-9,1.0400000,
,,,-31.99999909E-9,1.0400000,
,,,-31.59999906E-9,1.0400000,
,,,-31.19999903E-9,1.000000,
,,,-30.79999900E-9,1.000000,
,,,-30.39999896E-9,1.000000,
,,,-29.99999893E-9,959.999978542E-3,
,,,-29.59999890E-9,1.000000,
,,,-29.19999886E-9,1.000000,
,,,-28.79999883E-9,1.000000,
,,,-28.39999880E-9,1.0400000,
,,,-27.99999876E-9,1.000000,
,,,-27.59999873E-9,1.000000,
,,,-27.19999870E-9,1.000000,
,,,-26.79999866E-9,1.000000,
,,,-26.39999863E-9,1.0400000,
,,,-25.99999860E-9,1.0400000,
,,,-25.59999857E-9,1.0400000,
,,,-25.19999853E-9,1.0400000,
,,,-24.79999850E-9,1.0400000,
,,,-24.39999847E-9,1.0400000,
,,,-23.99999843E-9,1.0400000,
,,,-23.59999840E-9,1.0400000,
,,,-23.19999837E-9,1.0400000,
,,,-22.79999833E-9,1.0400000,
,,,-22.39999830E-9,1.0400000,
,,,-21.99999827E-9,1.0400000,
,,,-21.59999823E-9,1.0400000,
,,,-21.19999820E-9,1.0799999,
,,,-20.79999817E-9,1.0799999,
,,,-20.39999814E-9,1.0799999,
,,,-19.9999981E-9,1.0400000,
,,,-19.5999981E-9,1.0400000,
,,,-19.1999980E-9,1.0400000,
,,,-18.7999980E-9,1.000000,
,,,-18.3999980E-9,1.0400000,
,,,-17.9999979E-9,1.0400000,
,,,-17.5999979E-9,1.0400000,
,,,-17.1999979E-9,1.0799999,
,,,-16.7999978E-9,1.0799999,
,,,-16.3999978E-9,1.0799999,
,,,-15.9999978E-9,1.0799999,
,,,-15.5999977E-9,1.0799999,
,,,-15.1999977E-9,1.0799999,
,,,-14.7999977E-9,1.0799999,
,,,-14.3999976E-9,1.1200000,
,,,-13.9999976E-9,1.0799999,
,,,-13.5999976E-9,1.0799999,
,,,-13.1999975E-9,1.0799999,
,,,-12.7999975E-9,1.0799999,
,,,-12.3999975E-9,1.0799999,
,,,-11.9999974E-9,1.0799999,
,,,-11.5999974E-9,1.0799999,
,,,-11.1999974E-9,1.0799999,
,,,-10.7999982E-9,1.0799999,
,,,-10.3999982E-9,1.1200000,
,,,-9.999998163E-9,1.1200000,
,,,-9.599998130E-9,1.1200000,
,,,-9.199998097E-9,1.1200000,
,,,-8.799998064E-9,1.1200000,
,,,-8.399998030E-9,1.1200000,
,,,-7.999997997E-9,1.1200000,
,,,-7.599997964E-9,1.1200000,
,,,-7.19999793E-9,1.1200000,
,,,-6.79999790E-9,1.1200000,
,,,-6.39999787E-9,1.1200000,
,,,-5.99999783E-9,1.0799999,
,,,-5.59999780E-9,1.0799999,
,,,-5.19999777E-9,1.0400000,
,,,-4.79999773E-9,1.0400000,
,,,-4.39999770E-9,1.0799999,
,,,-3.99999767E-9,1.0799999,
,,,-3.59999763E-9,1.1200000,
,,,-3.19999760E-9,1.1600000,
,,,-2.79999779E-9,1.1600000,
,,,-2.3999978E-9,1.1600000,
,,,-1.9999977E-9,1.1600000,
,,,-1.5999977E-9,1.1600000,
,,,-1.1999977E-9,1.1200000,
,,,-799.997675936E-12,1.1200000,
,,,-399.99767223E-12,1.1200000,
,,,2.3314683E-15,1.1200000,
,,,400.00233517E-12,1.1200000,
,,,800.002338873E-12,1.1200000,
,,,1.2000023E-9,1.1200000,
,,,1.6000024E-9,1.1200000,
,,,2.0000024E-9,1.1200000,
,,,2.4000024E-9,1.1200000,
,,,2.80000245E-9,1.1200000,
,,,3.20000249E-9,1.1200000,
,,,3.60000230E-9,1.1200000,
,,,4.00000255E-9,1.1200000,
,,,4.40000258E-9,1.1200000,
,,,4.80000217E-9,1.1600000,
,,,5.20000221E-9,1.1600000,
,,,5.60000224E-9,1.1600000,
,,,6.00000227E-9,1.1600000,
,,,6.40000231E-9,1.1600000,
,,,6.80000234E-9,1.1600000,
,,,7.20000237E-9,1.1600000,
,,,7.600002405E-9,1.1600000,
,,,8.000002438E-9,1.1600000,
,,,8.400002471E-9,1.1600000,
,,,8.800002504E-9,1.1200000,
,,,9.200002538E-9,1.1200000,
,,,9.600002571E-9,1.1200000,
,,,10.0000026E-9,1.0799999,
,,,10.4000026E-9,1.1200000,
,,,10.8000027E-9,1.1200000,
,,,11.2000027E-9,1.1200000,
,,,11.6000027E-9,1.1600000,
,,,12.0000028E-9,1.1600000,
,,,12.4000028E-9,1.1600000,
,,,12.8000028E-9,1.1600000,
,,,13.2000029E-9,1.1600000,
,,,13.6000029E-9,1.1600000,
,,,14.0000029E-9,1.1600000,
,,,14.4000030E-9,1.1600000,
,,,14.8000021E-9,1.1600000,
,,,15.2000030E-9,1.1600000,
,,,15.6000031E-9,1.1600000,
,,,16.0000031E-9,1.1600000,
,,,16.4000031E-9,1.1600000,
,,,16.8000032E-9,1.1999999,
,,,17.2000032E-9,1.1999999,
,,,17.6000032E-9,1.1999999,
,,,18.0000033E-9,1.1999999,
,,,18.4000033E-9,1.1999999,
,,,18.8000033E-9,1.1999999,
,,,19.2000034E-9,1.1999999,
,,,19.6000034E-9,1.2400000,
,,,20.0000034E-9,1.1999999,
,,,20.40000346E-9,1.1999999,
,,,20.80000172E-9,1.1999999,
,,,21.20000175E-9,1.1999999,
,,,21.60000179E-9,1.1999999,
,,,22.00000182E-9,1.1999999,
,,,22.40000185E-9,1.1999999,
,,,22.80000189E-9,1.1999999,
,,,23.20000192E-9,1.1999999,
,,,23.60000195E-9,1.2400000,
,,,24.00000199E-9,1.1999999,
,,,24.40000202E-9,1.1999999,
,,,24.80000205E-9,1.1999999,
,,,25.20000209E-9,1.1999999,
,,,25.60000212E-9,1.2400000,
,,,26.00000215E-9,1.2400000,
,,,26.40000218E-9,1.2400000,
,,,26.80000222E-9,1.1999999,
,,,27.20000225E-9,1.1999999,
,,,27.60000228E-9,1.1999999,
,,,28.00000232E-9,1.1999999,
,,,28.40000235E-9,1.1999999,
,,,28.80000238E-9,1.2400000,
,,,29.20000242E-9,1.2400000,
,,,29.60000245E-9,1.2400000,
,,,30.00000248E-9,1.1999999,
,,,30.40000252E-9,1.1999999,
,,,30.80000255E-9,1.1999999,
,,,31.20000258E-9,1.1600000,
,,,31.60000261E-9,1.1999999,
,,,32.00000265E-9,1.1999999,
,,,32.40000268E-9,1.1999999,
,,,32.80000271E-9,1.2400000,
,,,33.20000275E-9,1.2400000,
,,,33.60000278E-9,1.2400000,
,,,34.00000281E-9,1.1999999,
,,,34.40000285E-9,1.1999999,
,,,34.80000288E-9,1.1999999,
,,,35.20000291E-9,1.1999999,
,,,35.60000295E-9,1.2400000,
,,,36.00000298E-9,1.2400000,
,,,36.40000301E-9,1.2400000,
,,,36.80000304E-9,1.2400000,
,,,37.20000308E-9,1.2400000,
,,,37.60000311E-9,1.2400000,
,,,38.00000314E-9,1.2400000,
,,,38.40000318E-9,1.2400000,
,,,38.80000321E-9,1.2800000,
,,,39.20000324E-9,1.2800000,
,,,39.60000328E-9,1.2800000,
,,,40.00000331E-9,1.2800000,
,,,40.40000334E-9,1.2800000,
,,,40.80000338E-9,1.2800000,
,,,41.20000341E-9,1.2800000,
,,,41.60000344E-9,1.2800000,
,,,42.00000348E-9,1.2800000,
,,,42.40000351E-9,1.2800000,
,,,42.80000354E-9,1.2800000,
,,,43.20000357E-9,1.2800000,
,,,43.60000361E-9,1.2800000,
,,,44.00000364E-9,1.2800000,
,,,44.40000367E-9,1.2800000,
,,,44.80000371E-9,1.3199999,
,,,45.20000374E-9,1.3199999,
,,,45.60000377E-9,1.3199999,
,,,46.00000381E-9,1.2800000,
,,,46.40000384E-9,1.2800000,
,,,46.80000387E-9,1.2800000,
,,,47.20000391E-9,1.2400000,
,,,47.60000394E-9,1.2800000,
,,,48.00000397E-9,1.2800000,
,,,48.40000400E-9,1.2800000,
,,,48.80000404E-9,1.3199999,
,,,49.20000407E-9,1.3199999,
,,,49.60000410E-9,1.3199999,
,,,50.00000414E-9,1.2800000,
,,,50.40000417E-9,1.2800000,
,,,50.80000420E-9,1.2800000,
,,,51.20000424E-9,1.2800000,
,,,51.60000427E-9,1.3199999,
,,,52.00000430E-9,1.3199999,
,,,52.40000434E-9,1.3199999,
,,,52.80000437E-9,1.2800000,
,,,53.20000440E-9,1.2800000,
,,,53.60000443E-9,1.2800000,
,,,54.00000447E-9,1.2400000,
,,,54.40000450E-9,1.2800000,
,,,54.800004534E-9,1.2800000,
,,,55.200004567E-9,1.2800000,
,,,55.600004600E-9,1.3199999,
,,,56.000004633E-9,1.3199999,
,,,56.400004667E-9,1.3199999,
,,,56.800004700E-9,1.2800000,
,,,57.200004733E-9,1.2800000,
,,,57.600004766E-9,1.2800000,
,,,58.000004799E-9,1.2400000,
,,,58.400004832E-9,1.2800000,
,,,58.800004865E-9,1.2800000,
,,,59.200004898E-9,1.2800000,
,,,59.600001379E-9,1.3199999,
,,,60.000004964E-9,1.2800000,
,,,60.400004998E-9,1.2800000,
,,,60.800005031E-9,1.2400000,
,,,61.200005064E-9,1.2400000,
,,,61.600005097E-9,1.2800000,
,,,62.000005130E-9,1.2800000,
,,,62.400005163E-9,1.3199999,
,,,62.800005196E-9,1.3600000,
,,,63.200005229E-9,1.3600000,
,,,63.600005262E-9,1.3600000,
,,,64.000005295E-9,1.3199999,
,,,64.400005328E-9,1.3199999,
,,,64.800005362E-9,1.3199999,
,,,65.200005395E-9,1.2800000,
,,,65.600005428E-9,1.3199999,
,,,66.000005461E-9,1.3199999,
,,,66.400005494E-9,1.3199999,
,,,66.800005527E-9,1.3600000,
,,,67.200005560E-9,1.3600000,
,,,67.600005593E-9,1.3600000,
,,,68.000005626E-9,1.3600000,
,,,68.400005659E-9,1.3600000,
,,,68.800005693E-9,1.3600000,
,,,69.200005726E-9,1.3600000,
,,,69.600005759E-9,1.4000000,
,,,70.000005792E-9,1.3600000,
,,,70.400005825E-9,1.3600000,
,,,70.800005858E-9,1.3600000,
,,,71.200005891E-9,1.3600000,
,,,71.600005924E-9,1.3600000,
,,,72.000005957E-9,1.3600000,
,,,72.400005990E-9,1.3600000,
,,,72.800006023E-9,1.3600000,
,,,73.200006057E-9,1.3600000,
,,,73.600006090E-9,1.3600000,
,,,74.000006123E-9,1.3600000,
,,,74.400006156E-9,1.3600000,
,,,74.800006189E-9,1.3600000,
,,,75.200006222E-9,1.3600000,
,,,75.600006255E-9,1.3600000,
,,,76.000006288E-9,1.3199999,
,,,76.400006321E-9,1.3199999,
,,,76.800006354E-9,1.3199999,
,,,77.200006388E-9,1.3199999,
,,,77.600006421E-9,1.3600000,
,,,78.000006454E-9,1.3600000,
,,,78.400006487E-9,1.4000000,
,,,78.800006520E-9,1.3600000,
,,,79.200006553E-9,1.3600000,
,,,79.600006586E-9,1.3600000,
,,,80.000006619E-9,1.3199999,
,,,80.400006652E-9,1.3600000,
,,,80.800006685E-9,1.3600000,
,,,81.200006719E-9,1.3600000,
,,,81.600006752E-9,1.4000000,
,,,82.000006785E-9,1.3600000,
,,,82.400006818E-9,1.3600000,
,,,82.800006851E-9,1.3600000,
,,,83.200006884E-9,1.3199999,
,,,83.600006917E-9,1.3600000,
,,,84.000006950E-9,1.3600000,
,,,84.400006983E-9,1.3600000,
,,,84.800007016E-9,1.3600000,
,,,85.199999944E-9,1.3600000,
,,,85.599999977E-9,1.3600000,
,,,86.000000010E-9,1.3600000,
,,,86.400000043E-9,1.3600000,
,,,86.800000076E-9,1.3600000,
,,,87.200000110E-9,1.3600000,
,,,87.600000143E-9,1.3600000,
,,,88.000000176E-9,1.3600000,
,,,88.400000209E-9,1.3600000,
,,,88.800000242E-9,1.4000000,
,,,89.200000275E-9,1.4000000,
,,,89.600000308E-9,1.4000000,
,,,90.000000341E-9,1.4000000,
,,,90.400000374E-9,1.4000000,
,,,90.800000407E-9,1.3600000,
,,,91.200000440E-9,1.3600000,
,,,91.600000474E-9,1.3600000,
,,,92.000000507E-9,1.3600000,
,,,92.400000540E-9,1.3600000,
,,,92.800000573E-9,1.4000000,
,,,93.200000606E-9,1.4000000,
,,,93.600000639E-9,1.4000000,
,,,94.000000672E-9,1.3600000,
,,,94.400000705E-9,1.3600000,
,,,94.800000738E-9,1.3199999,
,,,95.200000771E-9,1.3199999,
,,,95.600000805E-9,1.3600000,
,,,96.000000838E-9,1.3600000,
,,,96.400000871E-9,1.4000000,
,,,96.800000904E-9,1.4399999,
,,,97.200000937E-9,1.4000000,
,,,97.600000970E-9,1.4000000,
,,,98.000001003E-9,1.3600000,
,,,98.400001036E-9,1.3600000,
,,,98.800001069E-9,1.3600000,
,,,99.200001102E-9,1.3199999,
,,,99.600001136E-9,1.3600000,
,,,100.0000012E-9,1.3600000,
,,,100.4000012E-9,1.3600000,
,,,100.8000012E-9,1.4000000,
,,,101.2000013E-9,1.4000000,
,,,101.6000013E-9,1.4399999,
,,,102.0000013E-9,1.4000000,
,,,102.4000014E-9,1.4000000,
,,,102.8000014E-9,1.4000000,
,,,103.2000014E-9,1.4000000,
,,,103.6000015E-9,1.4399999,
,,,104.0000015E-9,1.4399999,
,,,104.4000015E-9,1.4399999,
,,,104.8000016E-9,1.4399999,
,,,105.2000016E-9,1.4399999,
,,,105.6000016E-9,1.4399999,
,,,106.0000017E-9,1.4399999,
,,,106.4000017E-9,1.4399999,
,,,106.8000017E-9,1.4000000,
,,,107.2000018E-9,1.4000000,
,,,107.6000018E-9,1.4000000,
,,,108.0000018E-9,1.4000000,
,,,108.4000019E-9,1.4000000,
,,,108.8000019E-9,1.4000000,
,,,109.2000019E-9,1.4000000,
,,,109.6000020E-9,1.4000000,
,,,110.0000020E-9,1.4000000,
,,,110.4000020E-9,1.4000000,
,,,110.8000021E-9,1.4000000,
,,,111.2000021E-9,1.4000000,
,,,111.6000021E-9,1.4000000,
,,,112.0000022E-9,1.4000000,
,,,112.4000022E-9,1.4000000,
,,,112.8000022E-9,1.4000000,
,,,113.2000023E-9,1.4000000,
,,,113.6000023E-9,1.4399999,
,,,114.0000023E-9,1.4399999,
,,,114.4000024E-9,1.4399999,
,,,114.8000024E-9,1.4000000,
,,,115.2000024E-9,1.4000000,
,,,115.6000025E-9,1.4000000,
,,,116.0000025E-9,1.3600000,
,,,116.4000025E-9,1.4000000,
,,,116.8000026E-9,1.4000000,
,,,117.2000026E-9,1.4000000,
,,,117.6000026E-9,1.4399999,
,,,118.0000027E-9,1.4399999,
,,,118.4000027E-9,1.4399999,
,,,118.8000027E-9,1.4000000,
,,,119.2000028E-9,1.4000000,
,,,119.6000028E-9,1.4000000,
,,,120.0000099E-9,1.4000000,
,,,120.4000029E-9,1.4000000,
,,,120.8000100E-9,1.4000000,
,,,121.2000029E-9,1.4000000,
,,,121.6000101E-9,1.4000000,
,,,122.0000030E-9,1.4000000,
,,,122.4000101E-9,1.4000000,
,,,122.8000031E-9,1.4399999,
,,,123.2000102E-9,1.4399999,
,,,123.6000031E-9,1.4399999,
,,,124.0000103E-9,1.4000000,
,,,124.4000032E-9,1.4000000,
,,,124.8000103E-9,1.4000000,
,,,125.2000033E-9,1.3600000,
,,,125.6000104E-9,1.4000000,
,,,126.0000033E-9,1.4000000,
,,,126.4000105E-9,1.4000000,
,,,126.8000034E-9,1.4399999,
,,,127.2000105E-9,1.4399999,
,,,127.6000035E-9,1.4399999,
,,,128.0000106E-9,1.4399999,
,,,128.4000035E-9,1.4399999,
,,,128.8000107E-9,1.4399999,
,,,129.2000036E-9,1.4399999,
,,,129.6000107E-9,1.4399999,
,,,130.0000037E-9,1.4399999,
,,,130.4000108E-9,1.4399999,
,,,130.8000037E-9,1.4399999,
,,,131.2000109E-9,1.4399999,
,,,131.6000038E-9,1.4399999,
,,,132.0000109E-9,1.4399999,
,,,132.4000038E-9,1.4399999,
,,,132.8000110E-9,1.4399999,
,,,133.2000039E-9,1.4399999,
,,,133.6000111E-9,1.4399999,
,,,134.0000040E-9,1.4399999,
,,,134.4000111E-9,1.4399999,
,,,134.8000040E-9,1.4399999,
,,,135.2000112E-9,1.4399999,
,,,135.6000041E-9,1.4399999,
,,,136.0000113E-9,1.4399999,
,,,136.4000042E-9,1.4399999,
,,,136.7999971E-9,1.4800000,
,,,137.2000042E-9,1.4800000,
,,,137.5999972E-9,1.4800000,
,,,138.0000043E-9,1.4399999,
,,,138.3999972E-9,1.4399999,
,,,138.8000044E-9,1.4399999,
,,,139.1999973E-9,1.4000000,
,,,139.6000044E-9,1.4399999,
,,,139.9999974E-9,1.4399999,
,,,140.4000045E-9,1.4399999,
,,,140.7999974E-9,1.4399999,
,,,141.2000046E-9,1.4399999,
,,,141.5999975E-9,1.4399999,
,,,142.0000046E-9,1.4399999,
,,,142.3999976E-9,1.4399999,
,,,142.8000047E-9,1.4800000,
,,,143.1999976E-9,1.4800000,
,,,143.6000048E-9,1.4800000,
,,,143.9999977E-9,1.4800000,
,,,144.4000048E-9,1.4800000,
,,,144.7999978E-9,1.4800000,
,,,145.2000049E-9,1.4800000,
,,,145.5999978E-9,1.4800000,
,,,146.0000050E-9,1.4800000,
,,,146.3999979E-9,1.4800000,
,,,146.8000050E-9,1.4800000,
,,,147.1999980E-9,1.4800000,
,,,147.6000051E-9,1.4800000,
,,,147.9999980E-9,1.4399999,
,,,148.4000052E-9,1.4399999,
,,,148.79999810E-9,1.4399999,
,,,149.20000524E-9,1.4399999,
,,,149.59999817E-9,1.4800000,
,,,150.00000531E-9,1.4399999,
,,,150.39999823E-9,1.4399999,
,,,150.80000537E-9,1.4399999,
,,,151.19999830E-9,1.4399999,
,,,151.60000544E-9,1.4800000,
,,,151.99999837E-9,1.4800000,
,,,152.40000550E-9,1.4800000,
,,,152.79999843E-9,1.4800000,
,,,153.20000557E-9,1.4800000,
,,,153.59999850E-9,1.4800000,
,,,154.00000564E-9,1.4800000,
,,,154.39999856E-9,1.4800000,
,,,154.80000570E-9,1.4800000,
,,,155.19999863E-9,1.4800000,
,,,155.60000577E-9,1.4800000,
,,,155.99999870E-9,1.4800000,
,,,156.40000584E-9,1.4800000,
,,,156.79999876E-9,1.5200000,
,,,157.20000590E-9,1.5200000,
,,,157.59999883E-9,1.5200000,
,,,158.00000597E-9,1.4800000,
,,,158.39999890E-9,1.4399999,
,,,158.80000603E-9,1.4000000,
,,,159.19999896E-9,1.4000000,
,,,159.60000610E-9,1.4399999,
,,,159.99999903E-9,1.4399999,
,,,160.40000617E-9,1.4800000,
,,,160.79999909E-9,1.5200000,
,,,161.20000623E-9,1.5200000,
,,,161.59999916E-9,1.5200000,
,,,162.00000630E-9,1.4800000,
,,,162.39999923E-9,1.4800000,
,,,162.80000636E-9,1.4399999,
,,,163.19999929E-9,1.4399999,
,,,163.60000643E-9,1.4399999,
,,,163.99999936E-9,1.4399999,
,,,164.40000650E-9,1.4399999,
,,,164.79999942E-9,1.4800000,
,,,165.20000656E-9,1.4800000,
,,,165.59999949E-9,1.4800000,
,,,166.00000663E-9,1.4800000,
,,,166.39999956E-9,1.4800000,
,,,166.80000670E-9,1.4800000,
,,,167.19999962E-9,1.4800000,
,,,167.60000676E-9,1.5200000,
,,,167.99999969E-9,1.4800000,
,,,168.40000683E-9,1.4800000,
,,,168.79999976E-9,1.4800000,
,,,169.20000689E-9,1.4800000,
,,,169.59999982E-9,1.5200000,
,,,170.00000696E-9,1.4800000,
,,,170.39999989E-9,1.4800000,
,,,170.80000703E-9,1.4800000,
,,,171.19999995E-9,1.4800000,
,,,171.60000709E-9,1.4800000,
,,,172.00000002E-9,1.4399999,
,,,172.40000716E-9,1.4399999,
,,,172.80000009E-9,1.4399999,
,,,173.20000723E-9,1.4399999,
,,,173.60000015E-9,1.4800000,
,,,174.00000729E-9,1.4800000,
,,,174.40000022E-9,1.5200000,
,,,174.80000736E-9,1.4800000,
,,,175.20000029E-9,1.4800000,
,,,175.60000742E-9,1.4800000,
,,,176.00000035E-9,1.4800000,
,,,176.40000749E-9,1.4800000,
,,,176.80000042E-9,1.4800000,
,,,177.20000756E-9,1.4800000,
,,,177.60000048E-9,1.4800000,
,,,178.00000762E-9,1.4399999,
,,,178.40000055E-9,1.4800000,
,,,178.80000769E-9,1.4800000,
,,,179.20000062E-9,1.4800000,
,,,179.60000775E-9,1.5200000,
,,,180.00000068E-9,1.4800000,
,,,180.40000782E-9,1.4800000,
,,,180.80000075E-9,1.4800000,
,,,181.20000789E-9,1.4800000,
,,,181.60000081E-9,1.5200000,
,,,182.00000795E-9,1.5200000,
,,,182.40000088E-9,1.5200000,
,,,182.80000802E-9,1.5200000,
,,,183.20000095E-9,1.5200000,
,,,183.60000809E-9,1.5200000,
,,,184.00000101E-9,1.5200000,
,,,184.40000815E-9,1.5200000,
,,,184.80000108E-9,1.4800000,
,,,185.20000822E-9,1.4800000,
,,,185.60000115E-9,1.4800000,
,,,186.00000828E-9,1.4800000,
,,,186.40000121E-9,1.4800000,
,,,186.80000835E-9,1.4800000,
,,,187.20000128E-9,1.4800000,
,,,187.60000842E-9,1.4800000,
,,,188.00000134E-9,1.4800000,
,,,188.40000848E-9,1.4800000,
,,,188.80000141E-9,1.4800000,
,,,189.20000855E-9,1.4800000,
,,,189.60000148E-9,1.5200000,
,,,190.00000862E-9,1.5200000,
,,,190.40000154E-9,1.5200000,
,,,190.80000868E-9,1.5200000,
,,,191.20000161E-9,1.5200000,
,,,191.60000875E-9,1.5200000,
,,,192.00000168E-9,1.4800000,
,,,192.40000881E-9,1.4800000,
,,,192.80000174E-9,1.4399999,
,,,193.20000888E-9,1.4399999,
,,,193.60000181E-9,1.4800000,
,,,194.00000895E-9,1.4800000,
,,,194.40000187E-9,1.5200000,
,,,194.80000901E-9,1.5599999,
,,,195.20000194E-9,1.5200000,
,,,195.60000908E-9,1.5200000,
,,,196.00000201E-9,1.4800000,
,,,196.40000914E-9,1.5200000,
,,,196.80000207E-9,1.5200000,
,,,197.20000921E-9,1.5200000,
,,,197.60000214E-9,1.5599999,
,,,198.00000928E-9,1.5599999,
,,,198.40000220E-9,1.5599999,
,,,198.80000934E-9,1.5599999,
,,,199.20000227E-9,1.5599999,
,,,199.60000941E-9,1.5599999,
,,,200.00000234E-9,1.5599999,
,,,200.40000948E-9,1.5599999,
,,,200.80000240E-9,1.5599999,
,,,201.20000954E-9,1.5599999,
,,,201.60000247E-9,1.5599999,
,,,202.00000961E-9,1.5599999,
,,,202.40000254E-9,1.5599999,
,,,202.80000967E-9,1.5200000,
,,,203.20000260E-9,1.5200000,
,,,203.60000974E-9,1.5200000,
,,,204.00000267E-9,1.5200000,
,,,204.40000981E-9,1.5200000,
,,,204.80000273E-9,1.5599999,
,,,205.20000987E-9,1.5599999,
,,,205.60000280E-9,1.5599999,
,,,206.00000994E-9,1.5599999,
,,,206.40000287E-9,1.5599999,
,,,206.80001001E-9,1.5599999,
,,,207.20000293E-9,1.5599999,
,,,207.60001007E-9,1.5599999,
,,,208.00000300E-9,1.5599999,
,,,208.40001014E-9,1.5599999,
,,,208.80000307E-9,1.5599999,
,,,209.20001020E-9,1.5599999,
,,,209.60000313E-9,1.5599999,
,,,210.00001027E-9,1.5599999,
,,,210.40000320E-9,1.5599999,
,,,210.80001034E-9,1.5200000,
,,,211.20000326E-9,1.5200000,
,,,211.60001040E-9,1.5200000,
,,,212.00000333E-9,1.5200000,
,,,212.40001047E-9,1.5200000,
,,,212.80000340E-9,1.5599999,
,,,213.20001053E-9,1.5599999,
,,,213.60000346E-9,1.5999999,
,,,214.00001060E-9,1.5599999,
,,,214.40000353E-9,1.5599999,
,,,214.80001067E-9,1.5599999,
,,,215.20000359E-9,1.5200000,
,,,215.60001073E-9,1.5599999,
,,,216.00000366E-9,1.5599999,
,,,216.40001080E-9,1.5599999,
,,,216.80000373E-9,1.5999999,
,,,217.20001087E-9,1.5999999,
,,,217.60000379E-9,1.5999999,
,,,218.00001093E-9,1.5599999,
,,,218.40000386E-9,1.5599999,
,,,218.80001100E-9,1.5599999,
,,,219.20000393E-9,1.5599999,
,,,219.60001106E-9,1.5599999,
,,,220.00000399E-9,1.5599999,
,,,220.40001113E-9,1.5599999,
,,,220.80000406E-9,1.5599999,
,,,221.20001120E-9,1.5599999,
,,,221.60000412E-9,1.5999999,
,,,222.00001126E-9,1.5599999,
,,,222.40000419E-9,1.5599999,
,,,222.80001133E-9,1.5599999,
,,,223.20000426E-9,1.5599999,
,,,223.60001140E-9,1.5599999,
,,,224.00000432E-9,1.5599999,
,,,224.40001146E-9,1.5599999,
,,,224.80000439E-9,1.5599999,
,,,225.20001153E-9,1.5599999,
,,,225.60000446E-9,1.5599999,
,,,226.00001159E-9,1.5599999,
,,,226.40000452E-9,1.5599999,
,,,226.80001166E-9,1.5999999,
,,,227.20000459E-9,1.5999999,
,,,227.60001173E-9,1.5999999,
,,,228.00000465E-9,1.5999999,
,,,228.40001179E-9,1.5999999,
,,,228.80000472E-9,1.5999999,
,,,229.20001186E-9,1.5999999,
,,,229.60000479E-9,1.5999999,
,,,230.00001192E-9,1.5599999,
,,,230.40000485E-9,1.5200000,
,,,230.80001199E-9,1.5200000,
,,,231.20000492E-9,1.5200000,
,,,231.60001206E-9,1.5599999,
,,,232.00000498E-9,1.5599999,
,,,232.40001212E-9,1.5599999,
,,,232.80000505E-9,1.5599999,
,,,233.20001219E-9,1.5599999,
,,,233.60000512E-9,1.5599999,
,,,234.00001226E-9,1.5599999,
,,,234.40000518E-9,1.5599999,
,,,234.80001232E-9,1.5999999,
,,,235.20000525E-9,1.5599999,
,,,235.60001239E-9,1.5599999,
,,,236.00000532E-9,1.5200000,
,,,236.40001245E-9,1.5200000,
,,,236.80000538E-9,1.5200000,
,,,237.20001252E-9,1.5599999,
,,,237.60000545E-9,1.5999999,
,,,238.00001259E-9,1.5599999,
,,,238.40000551E-9,1.5599999,
,,,238.79999844E-9,1.5599999,
,,,239.20000558E-9,1.5599999,
,,,239.60001272E-9,1.5999999,
,,,239.99999144E-9,1.5999999,
,,,240.39999857E-9,1.5999999,
,,,240.80000571E-9,1.5999999,
,,,241.20001285E-9,1.5999999,
,,,241.59999157E-9,1.5999999,
,,,241.99999871E-9,1.5599999,
,,,242.40000585E-9,1.5599999,
,,,242.80001298E-9,1.5599999,
,,,243.19999170E-9,1.5599999,
,,,243.59999884E-9,1.5599999,
,,,244.00000598E-9,1.5599999,
,,,244.40001312E-9,1.5599999,
,,,244.79999183E-9,1.5599999,
,,,245.19999897E-9,1.5599999,
,,,245.60000611E-9,1.5599999,
,,,246.00001325E-9,1.5599999,
,,,246.39999197E-9,1.5599999,
,,,246.79999910E-9,1.5999999,
,,,247.20000624E-9,1.5999999,
,,,247.60001338E-9,1.5999999,
,,,247.99999210E-9,1.5599999,
,,,248.39999924E-9,1.5599999,
,,,248.80000637E-9,1.5599999,
,,,249.20001351E-9,1.5599999,
,,,249.59999223E-9,1.5999999,
,,,249.99999937E-9,1.5999999,
,,,250.40000651E-9,1.5999999,
,,,250.80001365E-9,1.5999999,
,,,251.19999236E-9,1.5999999,
,,,251.59999950E-9,1.5999999,
,,,252.00000664E-9,1.5599999,
,,,252.40001378E-9,1.5599999,
,,,252.79999250E-9,1.5599999,
,,,253.19999963E-9,1.5599999,
,,,253.60000677E-9,1.5999999,
,,,254.00001391E-9,1.5999999,
,,,254.39999263E-9,1.5999999,
,,,254.79999977E-9,1.5599999,
,,,255.20000690E-9,1.5599999,
,,,255.60001404E-9,1.5599999,
,,,255.99999276E-9,1.5599999,
,,,256.39999990E-9,1.5599999,
,,,256.80000704E-9,1.5599999,
,,,257.20001418E-9,1.5599999,
,,,257.59999289E-9,1.5599999,
,,,258.00000003E-9,1.5200000,
,,,258.40000717E-9,1.5599999,
,,,258.80001431E-9,1.5599999,
,,,259.19999302E-9,1.5599999,
,,,259.60000016E-9,1.5999999,
,,,260.00000730E-9,1.5999999,
,,,260.40001444E-9,1.5999999,
,,,260.79999316E-9,1.5599999,
,,,261.20000030E-9,1.5599999,
,,,261.60000743E-9,1.5599999,
,,,262.00001457E-9,1.5200000,
,,,262.39999329E-9,1.5599999,
,,,262.80000043E-9,1.5599999,
,,,263.20000757E-9,1.5599999,
,,,263.60001470E-9,1.5999999,
,,,263.99999342E-9,1.5599999,
,,,264.40000056E-9,1.5599999,
,,,264.80000770E-9,1.5599999,
,,,265.20001484E-9,1.5200000,
,,,265.59999355E-9,1.5599999,
,,,266.00000069E-9,1.5599999,
,,,266.40000783E-9,1.5599999,
,,,266.80001497E-9,1.5999999,
,,,267.19999369E-9,1.5999999,
,,,267.60000083E-9,1.6400000,
,,,268.00000796E-9,1.5999999,
,,,268.40001510E-9,1.5999999,
,,,268.79999382E-9,1.5999999,
,,,269.20000096E-9,1.5999999,
,,,269.60000810E-9,1.6400000,
,,,270.00001523E-9,1.5999999,
,,,270.39999395E-9,1.5999999,
,,,270.80000109E-9,1.5999999,
,,,271.20000823E-9,1.5999999,
,,,271.60001537E-9,1.5999999,
,,,271.99999408E-9,1.5999999,
,,,272.40000122E-9,1.5999999,
,,,272.80000836E-9,1.5999999,
,,,273.20001550E-9,1.5999999,
,,,273.59999422E-9,1.6400000,
,,,274.00000135E-9,1.6400000,
,,,274.40000849E-9,1.6400000,
,,,274.80001563E-9,1.5999999,
,,,275.19999435E-9,1.5999999,
,,,275.60000149E-9,1.5999999,
,,,276.00000863E-9,1.5999999,
,,,276.40001576E-9,1.5999999,
,,,276.79999448E-9,1.5999999,
,,,277.20000162E-9,1.5999999,
,,,277.60000876E-9,1.5999999,
,,,278.00001590E-9,1.5999999,
,,,278.39999461E-9,1.5999999,
,,,278.80000175E-9,1.5999999,
,,,279.20000889E-9,1.5999999,
,,,279.60001603E-9,1.5999999,
,,,279.99999475E-9,1.5999999,
,,,280.40000188E-9,1.5999999,
,,,280.80000902E-9,1.5999999,
,,,281.20001616E-9,1.5999999,
,,,281.59999488E-9,1.5999999,
,,,282.00000202E-9,1.5999999,
,,,282.40000916E-9,1.5999999,
,,,282.80001629E-9,1.6400000,
,,,283.19999501E-9,1.5999999,
,,,283.60000215E-9,1.5999999,
,,,284.00000929E-9,1.5599999,
,,,284.40001643E-9,1.5599999,
,,,284.79999514E-9,1.5599999,
,,,285.20000228E-9,1.5599999,
,,,285.60000942E-9,1.5999999,
,,,286.00001656E-9,1.5999999,
,,,286.39999528E-9,1.5999999,
,,,286.80000241E-9,1.5999999,
,,,287.20000955E-9,1.5999999,
,,,287.60001669E-9,1.5999999,
,,,287.99999541E-9,1.5999999,
,,,288.40000255E-9,1.5999999,
,,,288.80000968E-9,1.5599999,
,,,289.20001682E-9,1.5599999,
,,,289.59999554E-9,1.5599999,
,,,290.00000268E-9,1.5599999,
,,,290.40000982E-9,1.5599999,
,,,290.80001696E-9,1.5999999,
,,,291.19999567E-9,1.5999999,
,,,291.60000281E-9,1.6400000,
,,,292.00000995E-9,1.5999999,
,,,292.40001709E-9,1.5999999,
,,,292.79999580E-9,1.5999999,
,,,293.20000294E-9,1.5999999,
,,,293.60001008E-9,1.5999999,
,,,294.00001722E-9,1.5999999,
,,,294.39999594E-9,1.5999999,
,,,294.80000308E-9,1.5999999,
,,,295.20001021E-9,1.5999999,
,,,295.60001735E-9,1.6400000,
,,,295.99999607E-9,1.6400000,
,,,296.40000321E-9,1.6400000,
,,,296.80001035E-9,1.5999999,
,,,297.20001749E-9,1.5999999,
,,,297.59999620E-9,1.5999999,
,,,298.00000334E-9,1.5999999,
,,,298.40001048E-9,1.5999999,
,,,298.80001762E-9,1.5999999,
,,,299.19999633E-9,1.5999999,
,,,299.60000347E-9,1.5999999,
,,,300.00001061E-9,1.5999999,
,,,300.40001775E-9,1.5999999,
,,,300.79999647E-9,1.5999999,
,,,301.20000361E-9,1.5999999,
,,,301.60001074E-9,1.5999999,
,,,302.00001788E-9,1.5999999,
,,,302.39999660E-9,1.5999999,
,,,302.80000374E-9,1.5999999,
,,,303.20001088E-9,1.5999999,
,,,303.60001801E-9,1.5999999,
,,,303.99999673E-9,1.5999999,
,,,304.40000387E-9,1.5999999,
,,,304.80001101E-9,1.5999999,
,,,305.20001815E-9,1.5999999,
,,,305.59999686E-9,1.5999999,
,,,306.00000400E-9,1.5999999,
,,,306.40001114E-9,1.5999999,
,,,306.80001828E-9,1.6400000,
,,,307.19999700E-9,1.6400000,
,,,307.60000413E-9,1.6400000,
,,,308.00001127E-9,1.5999999,
,,,308.40001841E-9,1.5999999,
,,,308.79999713E-9,1.5999999,
,,,309.20000427E-9,1.5599999,
,,,309.60001141E-9,1.5999999,
,,,310.00001854E-9,1.5999999,
,,,310.39999726E-9,1.5999999,
,,,310.80000440E-9,1.5999999,
,,,311.20001154E-9,1.5999999,
,,,311.60001868E-9,1.5999999,
,,,311.99999739E-9,1.5599999,
,,,312.40000453E-9,1.5999999,
,,,312.80001167E-9,1.5999999,
,,,313.20001881E-9,1.5999999,
,,,313.59999753E-9,1.6400000,
,,,314.00000466E-9,1.6400000,
,,,314.40001180E-9,1.6400000,
,,,314.80001894E-9,1.6400000,
,,,315.19999766E-9,1.6400000,
,,,315.60000480E-9,1.6400000,
,,,316.00001194E-9,1.6400000,
,,,316.40001907E-9,1.6400000,
,,,316.79999779E-9,1.5999999,
,,,317.20000493E-9,1.5999999,
,,,317.60001207E-9,1.5999999,
,,,318.00001921E-9,1.5999999,
,,,318.39999792E-9,1.5999999,
,,,318.80000506E-9,1.6400000,
,,,319.20001220E-9,1.6400000,
,,,319.60001934E-9,1.6400000,
,,,319.99999806E-9,1.5999999,
,,,320.40000519E-9,1.5999999,
,,,320.80001233E-9,1.5599999,
,,,321.20001947E-9,1.5599999,
,,,321.59999819E-9,1.5599999,
,,,322.00000533E-9,1.5599999,
,,,322.40001246E-9,1.5599999,
,,,322.80001960E-9,1.5999999,
,,,323.19999832E-9,1.5999999,
,,,323.60000546E-9,1.6400000,
,,,324.00001260E-9,1.6400000,
,,,324.40001974E-9,1.6400000,
,,,324.79999845E-9,1.5999999,
,,,325.20000559E-9,1.5999999,
,,,325.60001273E-9,1.5999999,
,,,326.00001987E-9,1.5599999,
,,,326.39999858E-9,1.5999999,
,,,326.80000572E-9,1.5999999,
,,,327.20001286E-9,1.5999999,
,,,327.60002000E-9,1.6400000,
,,,327.99999872E-9,1.5999999,
,,,328.40000586E-9,1.5999999,
,,,328.80001299E-9,1.5999999,
,,,329.20002013E-9,1.5599999,
,,,329.59999885E-9,1.5999999,
,,,330.00000599E-9,1.5999999,
,,,330.40001313E-9,1.5999999,
,,,330.80002027E-9,1.5999999,
,,,331.19999898E-9,1.5999999,
,,,331.60000612E-9,1.5999999,
,,,332.00001326E-9,1.5599999,
,,,332.40002040E-9,1.5999999,
,,,332.79999911E-9,1.5999999,
,,,333.20000625E-9,1.5999999,
,,,333.60001339E-9,1.6400000,
,,,334.00002053E-9,1.6400000,
,,,334.39999925E-9,1.6400000,
,,,334.80000639E-9,1.5999999,
,,,335.20001352E-9,1.5999999,
,,,335.60002066E-9,1.5999999,
,,,335.99999938E-9,1.5999999,
,,,336.40000652E-9,1.5999999,
,,,336.80001366E-9,1.5999999,
,,,337.20002079E-9,1.5999999,
,,,337.59999951E-9,1.5999999,
,,,338.00000665E-9,1.5999999,
,,,338.40001379E-9,1.5999999,
,,,338.80002093E-9,1.6400000,
,,,339.19999964E-9,1.6400000,
,,,339.60000678E-9,1.6400000,
,,,340.00001392E-9,1.6400000,
,,,340.40002106E-9,1.6400000,
,,,340.79999978E-9,1.6400000,
,,,341.20000691E-9,1.6400000,
,,,341.60001405E-9,1.6400000,
,,,341.99999277E-9,1.6400000,
,,,342.39999991E-9,1.6400000,
,,,342.80000705E-9,1.6400000,
,,,343.20001419E-9,1.6400000,
,,,343.59999290E-9,1.6400000,
,,,344.00000004E-9,1.5999999,
,,,344.40000718E-9,1.5999999,
,,,344.80001432E-9,1.5599999,
,,,345.19999303E-9,1.5599999,
,,,345.60000017E-9,1.5999999,
,,,346.00000731E-9,1.5999999,
,,,346.40001445E-9,1.6400000,
,,,346.79999317E-9,1.6799999,
,,,347.20000031E-9,1.6799999,
,,,347.60000744E-9,1.6799999,
,,,348.00001458E-9,1.6799999,
,,,348.39999330E-9,1.6799999,
,,,348.80000044E-9,1.6400000,
,,,349.20000758E-9,1.6400000,
,,,349.60001472E-9,1.6400000,
,,,349.99999343E-9,1.6400000,
,,,350.40000057E-9,1.6400000,
,,,350.80000771E-9,1.6400000,
,,,351.20001485E-9,1.6400000,
,,,351.59999356E-9,1.6400000,
,,,352.00000070E-9,1.6400000,
,,,352.40000784E-9,1.6400000,
,,,352.80001498E-9,1.6400000,
,,,353.19999370E-9,1.6400000,
,,,353.60000084E-9,1.6400000,
,,,354.00000797E-9,1.5999999,
,,,354.40001511E-9,1.5999999,
,,,354.79999383E-9,1.5999999,
,,,355.20000097E-9,1.5599999,
,,,355.60000811E-9,1.5999999,
,,,356.00001524E-9,1.5999999,
,,,356.39999396E-9,1.5999999,
,,,356.80000110E-9,1.5999999,
,,,357.20000824E-9,1.5999999,
,,,357.60001538E-9,1.5999999,
,,,357.99999409E-9,1.5599999,
,,,358.40000123E-9,1.5999999,
,,,358.80000837E-9,1.5999999,
,,,359.20001551E-9,1.5999999,
,,,359.59999423E-9,1.6400000,
,,,360.00000136E-9,1.6400000,
,,,360.40000850E-9,1.6400000,
,,,360.80001564E-9,1.6400000,
,,,361.19999436E-9,1.6400000,
,,,361.60000150E-9,1.6400000,
,,,362.00000864E-9,1.6400000,
,,,362.40001577E-9,1.6400000,
,,,362.79999449E-9,1.5999999,
,,,363.20000163E-9,1.5999999,
,,,363.60000877E-9,1.5999999,
,,,364.00001591E-9,1.5599999,
,,,364.39999462E-9,1.5999999,
,,,364.80000176E-9,1.5999999,
,,,365.20000890E-9,1.5999999,
,,,365.60001604E-9,1.6400000,
,,,365.99999476E-9,1.6400000,
,,,366.40000189E-9,1.6400000,
,,,366.80000903E-9,1.6400000,
,,,367.20001617E-9,1.6400000,
,,,367.59999489E-9,1.6400000,
,,,368.00000203E-9,1.6400000,
,,,368.40000917E-9,1.6400000,
,,,368.80001630E-9,1.6400000,
,,,369.19999502E-9,1.6400000,
,,,369.60000216E-9,1.6400000,
,,,370.00000930E-9,1.6400000,
,,,370.40001644E-9,1.6400000,
,,,370.79999515E-9,1.6400000,
,,,371.20000229E-9,1.6400000,
,,,371.60000943E-9,1.6400000,
,,,372.00001657E-9,1.6400000,
,,,372.39999529E-9,1.6400000,
,,,372.80000242E-9,1.6400000,
,,,373.20000956E-9,1.6400000,
,,,373.60001670E-9,1.6400000,
,,,373.99999542E-9,1.6400000,
,,,374.40000256E-9,1.6400000,
,,,374.80000969E-9,1.6400000,
,,,375.20001683E-9,1.6400000,
,,,375.59999555E-9,1.6799999,
,,,376.00000269E-9,1.6799999,
,,,376.40000983E-9,1.6799999,
,,,376.80001697E-9,1.6400000,
,,,377.19999568E-9,1.6400000,
,,,377.60000282E-9,1.6400000,
,,,378.00000996E-9,1.6400000,
,,,378.40001710E-9,1.6400000,
,,,378.79999581E-9,1.6400000,
,,,379.20000295E-9,1.6400000,
,,,379.60001009E-9,1.6400000,
,,,380.00001723E-9,1.6400000,
,,,380.39999595E-9,1.6400000,
,,,380.80000309E-9,1.6799999,
,,,381.20001022E-9,1.6799999,
,,,381.60001736E-9,1.6799999,
,,,381.99999608E-9,1.6400000,
,,,382.40000322E-9,1.5999999,
,,,382.80001036E-9,1.5999999,
,,,383.20001750E-9,1.5999999,
,,,383.59999621E-9,1.6400000,
,,,384.00000335E-9,1.6400000,
,,,384.40001049E-9,1.6400000,
,,,384.80001763E-9,1.6400000,
,,,385.19999634E-9,1.6400000,
,,,385.60000348E-9,1.6799999,
,,,386.00001062E-9,1.6799999,
,,,386.40001776E-9,1.6799999,
,,,386.79999648E-9,1.6400000,
,,,387.20000362E-9,1.5999999,
,,,387.60001075E-9,1.5999999,
,,,388.00001789E-9,1.5999999,
,,,388.39999661E-9,1.5999999,
,,,388.80000375E-9,1.6400000,
,,,389.20001089E-9,1.6400000,
,,,389.60001802E-9,1.6400000,
,,,389.99999674E-9,1.6400000,
,,,390.40000388E-9,1.6400000,
,,,390.80001102E-9,1.6400000,
,,,391.20001816E-9,1.6400000,
,,,391.59999687E-9,1.6799999,
,,,392.00000401E-9,1.6799999,
,,,392.40001115E-9,1.6799999,
,,,392.80001829E-9,1.6799999,
,,,393.19999701E-9,1.6799999,
,,,393.60000414E-9,1.7199999,
,,,394.00001128E-9,1.6799999,
,,,394.40001842E-9,1.6799999,
,,,394.79999714E-9,1.6400000,
,,,395.20000428E-9,1.6400000,
,,,395.60001142E-9,1.6400000,
,,,396.00001855E-9,1.6400000,
,,,396.39999727E-9,1.6400000,
,,,396.80000441E-9,1.6400000,
,,,397.20001155E-9,1.6400000,
,,,397.60001869E-9,1.6400000,
,,,397.99999740E-9,1.5999999,
,,,398.40000454E-9,1.6400000,
,,,398.80001168E-9,1.6400000,
,,,399.20001882E-9,1.6400000,
,,,399.59999754E-9,1.6799999,
,,,400.00000467E-9,1.6799999,
,,,400.40001181E-9,1.6799999,
,,,400.80001895E-9,1.6799999,
,,,401.19999767E-9,1.6799999,
,,,401.60000481E-9,1.6799999,
,,,402.00001195E-9,1.6400000,
,,,402.40001908E-9,1.6400000,
,,,402.79999780E-9,1.6400000,
,,,403.20000494E-9,1.6400000,
,,,403.600012078E-9,1.6400000,
,,,404.000019216E-9,1.6400000,
,,,404.399997933E-9,1.6400000,
,,,404.800005072E-9,1.6400000,
,,,405.200012210E-9,1.6400000,
,,,405.600019349E-9,1.6799999,
,,,405.999998065E-9,1.6799999,
,,,406.400005204E-9,1.6799999,
,,,406.800012343E-9,1.6400000,
,,,407.200019481E-9,1.5999999,
,,,407.599998198E-9,1.5999999,
,,,408.000005336E-9,1.5999999,
,,,408.400012475E-9,1.5999999,
,,,408.800019613E-9,1.6400000,
,,,409.199998330E-9,1.6400000,
,,,409.600005469E-9,1.6400000,
,,,410.000012607E-9,1.6400000,
,,,410.400019746E-9,1.6400000,
,,,410.799998463E-9,1.6400000,
,,,411.200005601E-9,1.6400000,
,,,411.600012740E-9,1.6799999,
,,,412.000019878E-9,1.6799999,
,,,412.399998595E-9,1.6799999,
,,,412.800005734E-9,1.6400000,
,,,413.200012872E-9,1.6400000,
,,,413.600020011E-9,1.6400000,
,,,413.999998727E-9,1.6400000,
,,,414.400005866E-9,1.6400000,
,,,414.800013004E-9,1.6799999,
,,,415.200020143E-9,1.6799999,
,,,415.599998860E-9,1.6799999,
,,,416.000005998E-9,1.6799999,
,,,416.400013137E-9,1.6799999,
,,,416.800020275E-9,1.6400000,
,,,417.199998992E-9,1.6400000,
,,,417.600006131E-9,1.6400000,
,,,418.000013269E-9,1.6400000,
,,,418.400020408E-9,1.6400000,
,,,418.799999125E-9,1.6400000,
,,,419.200006263E-9,1.6400000,
,,,419.600013402E-9,1.6400000,
,,,420.000020540E-9,1.6400000,
,,,420.399999257E-9,1.6400000,
,,,420.800006395E-9,1.6400000,
,,,421.200013534E-9,1.6400000,
,,,421.600020672E-9,1.6400000,
,,,421.999999389E-9,1.6400000,
,,,422.400006528E-9,1.6400000,
,,,422.800013666E-9,1.6400000,
,,,423.200020805E-9,1.6400000,
,,,423.599999522E-9,1.6400000,
,,,424.000006660E-9,1.6400000,
,,,424.400013799E-9,1.6400000,
,,,424.800020937E-9,1.6400000,
,,,425.199999654E-9,1.6400000,
,,,425.600006793E-9,1.6400000,
,,,426.000013931E-9,1.6400000,
,,,426.400021070E-9,1.6400000,
,,,426.799999786E-9,1.6400000,
,,,427.200006925E-9,1.6400000,
,,,427.600014064E-9,1.6400000,
,,,428.000021202E-9,1.6400000,
,,,428.399999919E-9,1.6400000,
,,,428.800007057E-9,1.6799999,
,,,429.200014196E-9,1.6799999,
,,,429.600021334E-9,1.6799999,
,,,430.000000051E-9,1.6400000,
,,,430.400007190E-9,1.5999999,
,,,430.800014328E-9,1.5999999,
,,,431.200021467E-9,1.5999999,
,,,431.600000184E-9,1.6400000,
,,,432.000007322E-9,1.6400000,
,,,432.400014461E-9,1.6400000,
,,,432.800021599E-9,1.6400000,
,,,433.200000316E-9,1.6400000,
,,,433.600007455E-9,1.6400000,
,,,434.000014593E-9,1.6400000,
,,,434.400021732E-9,1.6400000,
,,,434.800000448E-9,1.6400000,
,,,435.200007587E-9,1.6400000,
,,,435.600014725E-9,1.6400000,
,,,436.000021864E-9,1.6400000,
,,,436.400000581E-9,1.6400000,
,,,436.800007719E-9,1.6799999,
,,,437.200014858E-9,1.6799999,
,,,437.600021996E-9,1.6799999,
,,,438.000000713E-9,1.6799999,
,,,438.400007852E-9,1.6799999,
,,,438.800014990E-9,1.6799999,
,,,439.200022129E-9,1.6799999,
,,,439.600000846E-9,1.6799999,
,,,440.000007984E-9,1.6799999,
,,,440.400015123E-9,1.6799999,
,,,440.800022261E-9,1.6799999,
,,,441.200000978E-9,1.6799999,
,,,441.600008116E-9,1.6799999,
,,,442.000015255E-9,1.6400000,
,,,442.400022393E-9,1.6400000,
,,,442.800001110E-9,1.6400000,
,,,443.200008249E-9,1.5999999,
,,,443.600015387E-9,1.6400000,
,,,443.999994104E-9,1.6400000,
,,,444.400001243E-9,1.6400000,
,,,444.800008381E-9,1.6799999,
,,,445.200015520E-9,1.6799999,
,,,445.599994237E-9,1.6799999,
,,,446.000001375E-9,1.6400000,
,,,446.400008514E-9,1.6400000,
,,,446.800015652E-9,1.6400000,
,,,447.199994369E-9,1.6400000,
,,,447.600001507E-9,1.6400000,
,,,448.000008646E-9,1.6400000,
,,,448.400015785E-9,1.6400000,
,,,448.799994501E-9,1.6400000,
,,,449.200001640E-9,1.6400000,
,,,449.600008778E-9,1.6799999,
,,,450.000015917E-9,1.6799999,
,,,450.399994634E-9,1.6799999,
,,,450.800001772E-9,1.6799999,
,,,451.200008911E-9,1.6799999,
,,,451.600016049E-9,1.6799999,
,,,451.999994766E-9,1.6799999,
,,,452.400001905E-9,1.6799999,
,,,452.800009043E-9,1.6799999,
,,,453.200016182E-9,1.6799999,
,,,453.599994898E-9,1.6799999,
,,,454.000002037E-9,1.6400000,
,,,454.400009176E-9,1.6400000,
,,,454.800016314E-9,1.6400000,
,,,455.199995031E-9,1.6400000,
,,,455.600002169E-9,1.6400000,
,,,456.000009308E-9,1.6400000,
,,,456.400016446E-9,1.6400000,
,,,456.799995163E-9,1.6400000,
,,,457.200002302E-9,1.6400000,
,,,457.600009440E-9,1.6799999,
,,,458.000016579E-9,1.6799999,
,,,458.399995296E-9,1.6799999,
,,,458.800002434E-9,1.6400000,
,,,459.200009573E-9,1.6400000,
,,,459.600016711E-9,1.6400000,
,,,459.999995428E-9,1.6400000,
,,,460.400002567E-9,1.6400000,
,,,460.800009705E-9,1.6400000,
,,,461.200016844E-9,1.6400000,
,,,461.599995560E-9,1.6400000,
,,,462.000002699E-9,1.6400000,
,,,462.400009837E-9,1.6400000,
,,,462.800016976E-9,1.6799999,
,,,463.199995693E-9,1.6799999,
,,,463.600002831E-9,1.6799999,
,,,464.000009970E-9,1.6799999,
,,,464.400017108E-9,1.6799999,
,,,464.799995825E-9,1.6400000,
,,,465.200002964E-9,1.6400000,
,,,465.600010102E-9,1.6400000,
,,,466.000017241E-9,1.6400000,
,,,466.399995958E-9,1.6400000,
,,,466.800003096E-9,1.6799999,
,,,467.200010235E-9,1.6799999,
,,,467.600017373E-9,1.6799999,
,,,467.999996090E-9,1.6799999,
,,,468.400003228E-9,1.6799999,
,,,468.800010367E-9,1.6799999,
,,,469.200017506E-9,1.6799999,
,,,469.599996222E-9,1.6799999,
,,,470.000003361E-9,1.6799999,
,,,470.400010499E-9,1.6799999,
,,,470.800017638E-9,1.6400000,
,,,471.199996355E-9,1.6400000,
,,,471.600003493E-9,1.6400000,
,,,472.000010632E-9,1.6400000,
,,,472.400017770E-9,1.6400000,
,,,472.799996487E-9,1.6799999,
,,,473.200003626E-9,1.6799999,
,,,473.600010764E-9,1.6799999,
,,,474.000017903E-9,1.6799999,
,,,474.399996619E-9,1.6799999,
,,,474.800003758E-9,1.6799999,
,,,475.200010897E-9,1.6799999,
,,,475.600018035E-9,1.6799999,
,,,475.999996752E-9,1.6799999,
,,,476.400003890E-9,1.6799999,
,,,476.800011029E-9,1.6400000,
,,,477.199989746E-9,1.6400000,
,,,477.599996884E-9,1.6400000,
,,,478.000004023E-9,1.6400000,
,,,478.400011161E-9,1.6400000,
,,,478.800018300E-9,1.6799999,
,,,479.200025438E-9,1.6799999,
,,,479.600032577E-9,1.6799999,
,,,479.999982872E-9,1.6799999,
,,,480.399990010E-9,1.6799999,
,,,480.799997149E-9,1.7199999,
,,,481.200004288E-9,1.6799999,
,,,481.600011426E-9,1.6799999,
,,,482.000018565E-9,1.6400000,
,,,482.400025703E-9,1.5999999,
,,,482.800032842E-9,1.5599999,
,,,483.199983137E-9,1.5599999,
,,,483.599990275E-9,1.5999999,
,,,483.999997414E-9,1.5999999,
,,,484.400004552E-9,1.6400000,
,,,484.800011691E-9,1.6799999,
,,,485.200018829E-9,1.6799999,
,,,485.600025968E-9,1.6799999,
,,,486.000033106E-9,1.6799999,
,,,486.399983401E-9,1.6799999,
,,,486.799990540E-9,1.6400000,
,,,487.199997679E-9,1.6400000,
,,,487.600004817E-9,1.6400000,
,,,488.000011956E-9,1.6400000,
,,,488.400019094E-9,1.6400000,
,,,488.800026233E-9,1.6400000,
,,,489.200033371E-9,1.6400000,
,,,489.599983666E-9,1.6400000,
,,,489.999990805E-9,1.6400000,
,,,490.399997943E-9,1.6400000,
,,,490.800005082E-9,1.6400000,
,,,491.200012220E-9,1.6400000,
,,,491.600019359E-9,1.6799999,
,,,492.000026497E-9,1.6799999,
,,,492.400033636E-9,1.6799999,
,,,492.799983931E-9,1.6400000,
,,,493.199991070E-9,1.6400000,
,,,493.599998208E-9,1.6400000,
,,,494.000005347E-9,1.6400000,
,,,494.400012485E-9,1.6400000,
,,,494.800019624E-9,1.6799999,
,,,495.200026762E-9,1.6799999,
,,,495.600033901E-9,1.6799999,
,,,495.999984196E-9,1.6799999,
,,,496.399991334E-9,1.6799999,
,,,496.799998473E-9,1.6400000,
,,,497.200005611E-9,1.6400000,
,,,497.600012750E-9,1.6400000,
,,,498.000019888E-9,1.6400000,
,,,498.400027027E-9,1.6400000,
,,,498.800034165E-9,1.6799999,
,,,499.199984461E-9,1.6799999,
,,,499.599991599E-9,1.6799999,
,,,499.999998738E-9,1.6799999,
,,,500.400005876E-9,1.6799999,
,,,500.800013015E-9,1.6400000,
,,,501.200020153E-9,1.6400000,
,,,501.600027292E-9,1.6400000,
,,,502.000034430E-9,1.5999999,
,,,502.399984725E-9,1.6400000,
,,,502.799991864E-9,1.6400000,
,,,503.199999002E-9,1.6400000,
,,,503.600006141E-9,1.6799999,
,,,504.000013279E-9,1.6799999,
,,,504.400020418E-9,1.6799999,
,,,504.800027556E-9,1.6400000,
,,,505.200034695E-9,1.6400000,
,,,505.599984990E-9,1.6400000,
,,,505.999992129E-9,1.6400000,
,,,506.399999267E-9,1.6400000,
,,,506.800006406E-9,1.6799999,
,,,507.200013544E-9,1.6799999,
,,,507.600020683E-9,1.6799999,
,,,508.000027821E-9,1.6400000,
,,,508.400034960E-9,1.6400000,
,,,508.799985255E-9,1.6400000,
,,,509.199992393E-9,1.6400000,
,,,509.599999532E-9,1.6799999,
,,,510.000006670E-9,1.6799999,
,,,510.400013809E-9,1.6799999,
,,,510.800020947E-9,1.6799999,
,,,511.200028086E-9,1.6799999,
,,,511.600035225E-9,1.6799999,
,,,511.999985520E-9,1.6799999,
,,,512.399992658E-9,1.6799999,
,,,512.799999797E-9,1.6799999,
,,,513.200006935E-9,1.6799999,
,,,513.600014074E-9,1.6799999,
,,,514.000021212E-9,1.6799999,
,,,514.400028351E-9,1.6799999,
,,,514.800035489E-9,1.6799999,
,,,515.199985784E-9,1.6799999,
,,,515.599992923E-9,1.7199999,
,,,516.000000061E-9,1.7199999,
,,,516.400007200E-9,1.7199999,
,,,516.800014339E-9,1.6799999,
,,,517.200021477E-9,1.6400000,
,,,517.600028616E-9,1.6400000,
,,,518.000035754E-9,1.6400000,
,,,518.399986049E-9,1.6400000,
,,,518.799993188E-9,1.6799999,
,,,519.200000326E-9,1.6799999,
,,,519.600007465E-9,1.6799999,
,,,520.000014603E-9,1.6400000,
,,,520.400021742E-9,1.6400000,
,,,520.800028880E-9,1.6400000,
,,,521.200036019E-9,1.5999999,
,,,521.599986314E-9,1.6400000,
,,,521.999993452E-9,1.6400000,
,,,522.400000591E-9,1.6400000,
,,,522.800007730E-9,1.6799999,
,,,523.200014868E-9,1.6799999,
,,,523.600022007E-9,1.6799999,
,,,524.000029145E-9,1.6799999,
,,,524.400036284E-9,1.6799999,
,,,524.799986579E-9,1.6799999,
,,,525.199993717E-9,1.6799999,
,,,525.600000856E-9,1.6799999,
,,,526.000007994E-9,1.6799999,
,,,526.400015133E-9,1.6799999,
,,,526.800022271E-9,1.6799999,
,,,527.200029410E-9,1.6799999,
,,,527.600036548E-9,1.6799999,
,,,527.999986843E-9,1.6799999,
,,,528.399993982E-9,1.6799999,
,,,528.800001121E-9,1.6400000,
,,,529.200008259E-9,1.6400000,
,,,529.600015398E-9,1.6400000,
,,,530.000022536E-9,1.5999999,
,,,530.400029675E-9,1.6400000,
,,,530.800036813E-9,1.6400000,
,,,531.199987108E-9,1.6400000,
,,,531.599994247E-9,1.6799999,
,,,532.000001385E-9,1.6799999,
,,,532.400008524E-9,1.6799999,
,,,532.800015662E-9,1.6799999,
,,,533.200022801E-9,1.6799999,
,,,533.600029939E-9,1.7199999,
,,,534.000037078E-9,1.6799999,
,,,534.399987373E-9,1.6799999,
,,,534.799994512E-9,1.6400000,
,,,535.200001650E-9,1.6400000,
,,,535.600008789E-9,1.6400000,
,,,536.000015927E-9,1.6400000,
,,,536.400023066E-9,1.6400000,
,,,536.800030204E-9,1.6799999,
,,,537.200037343E-9,1.6799999,
,,,537.599987638E-9,1.7199999,
,,,537.999994776E-9,1.6799999,
,,,538.400001915E-9,1.6799999,
,,,538.800009053E-9,1.6400000,
,,,539.200016192E-9,1.6400000,
,,,539.600023330E-9,1.6400000,
,,,540.000030469E-9,1.6400000,
,,,540.400037607E-9,1.6400000,
,,,540.799987903E-9,1.6799999,
,,,541.199995041E-9,1.6799999,
,,,541.600002180E-9,1.6799999,
,,,542.000009318E-9,1.6799999,
,,,542.400016457E-9,1.6799999,
,,,542.800023595E-9,1.6400000,
,,,543.200030734E-9,1.6400000,
,,,543.600037872E-9,1.6400000,
,,,543.999988167E-9,1.6400000,
,,,544.399995306E-9,1.6400000,
,,,544.800002444E-9,1.6799999,
,,,545.200009583E-9,1.6799999,
,,,545.600016721E-9,1.7199999,
,,,546.000023860E-9,1.6799999,
,,,546.400030998E-9,1.6400000,
,,,546.799981294E-9,1.6400000,
,,,547.199988432E-9,1.6400000,
,,,547.599995571E-9,1.6799999,
,,,548.000002709E-9,1.6799999,
,,,548.400009848E-9,1.6799999,
,,,548.800016986E-9,1.6799999,
,,,549.200024125E-9,1.6799999,
,,,549.600031263E-9,1.7199999,
,,,549.999981558E-9,1.6799999,
,,,550.399988697E-9,1.6799999,
,,,550.799995835E-9,1.6799999,
,,,551.200002974E-9,1.6799999,
,,,551.600010112E-9,1.6799999,
,,,552.000017251E-9,1.6799999,
,,,552.400024389E-9,1.6799999,
,,,552.800031528E-9,1.6799999,
,,,553.199981823E-9,1.6799999,
,,,553.599988962E-9,1.6799999,
,,,553.999996100E-9,1.6799999,
,,,554.400003239E-9,1.6799999,
,,,554.800010377E-9,1.6799999,
,,,555.200017516E-9,1.6799999,
,,,555.600024654E-9,1.7199999,
,,,556.000031793E-9,1.6799999,
,,,556.399982088E-9,1.6799999,
,,,556.799989226E-9,1.6400000,
,,,557.199996365E-9,1.6400000,
,,,557.600003503E-9,1.6400000,
,,,558.000010642E-9,1.6400000,
,,,558.400017781E-9,1.6400000,
,,,558.800024919E-9,1.6799999,
,,,559.200032058E-9,1.6799999,
,,,559.599982353E-9,1.6799999,
,,,559.999989491E-9,1.6799999,
,,,560.399996630E-9,1.6799999,
,,,560.800003768E-9,1.6799999,
,,,561.200010907E-9,1.6799999,
,,,561.600018045E-9,1.6799999,
,,,562.000025184E-9,1.6799999,
,,,562.400032322E-9,1.6799999,
,,,562.799982617E-9,1.6799999,
,,,563.199989756E-9,1.6799999,
,,,563.599996894E-9,1.6799999,
,,,564.000004033E-9,1.6799999,
,,,564.400011172E-9,1.6799999,
,,,564.800018310E-9,1.6400000,
,,,565.200025449E-9,1.6400000,
,,,565.600032587E-9,1.6400000,
,,,565.999982882E-9,1.6400000,
,,,566.399990021E-9,1.6400000,
,,,566.799997159E-9,1.6799999,
,,,567.200004298E-9,1.6799999,
,,,567.600011436E-9,1.7199999,
,,,568.000018575E-9,1.6799999,
,,,568.400025713E-9,1.6400000,
,,,568.800032852E-9,1.5999999,
,,,569.199983147E-9,1.5999999,
,,,569.599990285E-9,1.6400000,
,,,569.999997424E-9,1.6400000,
,,,570.400004563E-9,1.6400000,
,,,570.800011701E-9,1.6799999,
,,,571.200018840E-9,1.6799999,
,,,571.600025978E-9,1.7199999,
,,,572.000033117E-9,1.7199999,
,,,572.399983412E-9,1.7199999,
,,,572.799990550E-9,1.6799999,
,,,573.199997689E-9,1.6799999,
,,,573.600004827E-9,1.6799999,
,,,574.000011966E-9,1.6799999,
,,,574.400019104E-9,1.6799999,
,,,574.800026243E-9,1.6799999,
,,,575.200033381E-9,1.6799999,
,,,575.599983677E-9,1.6799999,
,,,575.999990815E-9,1.6799999,
,,,576.399997954E-9,1.6799999,
,,,576.800005092E-9,1.6799999,
,,,577.200012231E-9,1.6799999,
,,,577.600019369E-9,1.6799999,
,,,578.000026508E-9,1.6799999,
,,,578.400033646E-9,1.6799999,
,,,578.799983941E-9,1.6799999,
,,,579.199991080E-9,1.6799999,
,,,579.599998218E-9,1.6799999,
,,,580.000005357E-9,1.6799999,
,,,580.400012495E-9,1.6799999,
,,,580.800019634E-9,1.6799999,
,,,581.200026772E-9,1.6799999,
,,,581.600033911E-9,1.6799999,
,,,581.999984206E-9,1.6799999,
,,,582.399991345E-9,1.6799999,
,,,582.799998483E-9,1.6799999,
,,,583.200005622E-9,1.6799999,
,,,583.600012760E-9,1.6799999,
,,,584.000019899E-9,1.6799999,
,,,584.400027037E-9,1.6799999,
,,,584.800034176E-9,1.7199999,
,,,585.199984471E-9,1.7199999,
,,,585.599991609E-9,1.7199999,
,,,585.999998748E-9,1.6799999,
,,,586.400005886E-9,1.6799999,
,,,586.800013025E-9,1.6799999,
,,,587.200020163E-9,1.6799999,
,,,587.600027302E-9,1.6799999,
,,,588.000034440E-9,1.6799999,
,,,588.399984736E-9,1.6799999,
,,,588.799991874E-9,1.6799999,
,,,589.199999013E-9,1.6799999,
,,,589.600006151E-9,1.6799999,
,,,590.000013290E-9,1.6799999,
,,,590.400020428E-9,1.6799999,
,,,590.800027567E-9,1.6799999,
,,,591.200034705E-9,1.6799999,
,,,591.599985000E-9,1.6799999,
,,,591.999992139E-9,1.6400000,
,,,592.399999277E-9,1.6400000,
,,,592.800006416E-9,1.6400000,
,,,593.200013554E-9,1.6400000,
,,,593.600020693E-9,1.6799999,
,,,594.000027831E-9,1.6799999,
,,,594.400034970E-9,1.7199999,
,,,594.799985265E-9,1.6799999,
,,,595.199992404E-9,1.6799999,
,,,595.599999542E-9,1.6799999,
,,,596.000006681E-9,1.6799999,
,,,596.400013819E-9,1.6799999,
,,,596.800020958E-9,1.7199999,
,,,597.200028096E-9,1.6799999,
,,,597.600035235E-9,1.6799999,
,,,597.999985530E-9,1.6400000,
,,,598.399992668E-9,1.6400000,
,,,598.799999807E-9,1.6400000,
,,,599.200006945E-9,1.6400000,
,,,599.600014084E-9,1.6799999,
,,,600.000021223E-9,1.6799999,
,,,600.400028361E-9,1.7199999,
,,,600.800035500E-9,1.6799999,
,,,601.199985795E-9,1.6799999,
,,,601.599992933E-9,1.6799999,
,,,602.000000072E-9,1.6799999,
,,,602.400007210E-9,1.6799999,
,,,602.800014349E-9,1.6799999,
,,,603.200021487E-9,1.6799999,
,,,603.600028626E-9,1.6799999,
,,,604.000035764E-9,1.6799999,
,,,604.399986059E-9,1.6799999,
,,,604.799993198E-9,1.6799999,
,,,605.200000336E-9,1.6799999,
,,,605.600007475E-9,1.6799999,
,,,606.000014614E-9,1.6400000,
,,,606.400021752E-9,1.6400000,
,,,606.800028891E-9,1.6400000,
,,,607.200036029E-9,1.6400000,
,,,607.599986324E-9,1.6799999,
,,,607.999993463E-9,1.6799999,
,,,608.400000601E-9,1.6799999,
,,,608.800007740E-9,1.6400000,
,,,609.200014878E-9,1.6400000,
,,,609.600022017E-9,1.6400000,
,,,610.000029155E-9,1.6400000,
,,,610.400036294E-9,1.6400000,
,,,610.799986589E-9,1.6400000,
,,,611.199993727E-9,1.6400000,
,,,611.600000866E-9,1.6400000,
,,,612.000008005E-9,1.5999999,
,,,612.400015143E-9,1.6400000,
,,,612.800022282E-9,1.6400000,
,,,613.200029420E-9,1.6400000,
,,,613.600036559E-9,1.6799999,
,,,613.999986854E-9,1.6799999,
,,,614.399993992E-9,1.6799999,
,,,614.800001131E-9,1.6799999,
,,,615.200008269E-9,1.6799999,
,,,615.600015408E-9,1.6799999,
,,,616.000022546E-9,1.6799999,
,,,616.400029685E-9,1.6799999,
,,,616.800036823E-9,1.6799999,
,,,617.199987119E-9,1.6799999,
,,,617.599994257E-9,1.6799999,
,,,618.000001396E-9,1.6799999,
,,,618.400008534E-9,1.6799999,
,,,618.800015673E-9,1.6400000,
,,,619.200022811E-9,1.6400000,
,,,619.600029950E-9,1.6400000,
,,,620.000037088E-9,1.5999999,
,,,620.399987383E-9,1.5999999,
,,,620.799994522E-9,1.6400000,
,,,621.200001660E-9,1.6799999,
,,,621.600008799E-9,1.7199999,
,,,622.000015937E-9,1.7199999,
,,,622.400023076E-9,1.7199999,
,,,622.800030214E-9,1.6799999,
,,,623.200037353E-9,1.6799999,
,,,623.599987648E-9,1.6799999,
